"Source","RelativePath","Kind","Extension","SizeBytes","ModifiedUtc","ReparsePoint"
"CWMS_RTS","HEC-RTS-3.6.0\common\config\properties\jython.properties","File",".properties","218","2026-09-24T00:17:58.0000000Z","False"
"CWMS_RTS","HEC-RTS-3.6.0\common\config\properties\logging.properties","File",".properties","3689","2026-09-24T00:17:58.0000000Z","False"
"CWMS_RTS","HEC-RTS-3.6.0\common\exe\~common.config","File",".config","4189","2026-09-24T00:18:34.0000000Z","False"
"CWMS_RTS","HEC-RTS-3.6.0\common\exe\DataStatusSummary.config","File",".config","2578","2026-09-24T00:18:34.0000000Z","False"
"CWMS_RTS","HEC-RTS-3.6.0\common\exe\ExportSHEF.bat","File",".bat","24","2026-09-24T00:17:58.0000000Z","False"
"CWMS_RTS","HEC-RTS-3.6.0\common\exe\exportSHEF.py","File",".py","88213","2026-09-24T00:17:58.0000000Z","False"
"CWMS_RTS","HEC-RTS-3.6.0\common\exe\HEC-DSSVue.bat","File",".bat","40","2026-09-24T00:17:58.0000000Z","False"
"CWMS_RTS","HEC-RTS-3.6.0\common\exe\HEC-DSSVue.config","File",".config","2780","2026-09-24T00:18:34.0000000Z","False"
"CWMS_RTS","HEC-RTS-3.6.0\common\exe\Jython.config","File",".config","2752","2026-09-24T00:18:34.0000000Z","False"
"CWMS_RTS","HEC-RTS-3.6.0\common\exe\Jython.exe","File",".exe","4310016","2026-09-24T00:18:00.0000000Z","False"
"CWMS_RTS","HEC-RTS-3.6.0\common\exe\LogFileViewer.config","File",".config","2532","2026-09-24T00:18:34.0000000Z","False"
"CWMS_RTS","HEC-RTS-3.6.0\common\exe\RTS-WMT.config","File",".config","3337","2026-09-24T00:18:34.0000000Z","False"
"CWMS_RTS","HEC-RTS-3.6.0\common\exe\ServerAdmin.config","File",".config","2824","2026-09-24T00:18:34.0000000Z","False"
"CWMS_RTS","HEC-RTS-3.6.0\CWMS-Vue\config\properties\iconimage.properties","File",".properties","2440","2026-09-24T00:18:16.0000000Z","False"
"CWMS_RTS","HEC-RTS-3.6.0\CWMS-Vue\config\properties\logging.properties","File",".properties","4401","2026-09-24T00:18:16.0000000Z","False"
"CWMS_RTS","HEC-RTS-3.6.0\CWMS-Vue\CWMS-Vue.config","File",".config","6933","2026-09-24T00:18:16.0000000Z","False"
"CWMS_RTS","HEC-RTS-3.6.0\CWMS-Vue\jar\batik-script-1.16.jar","File",".jar","25198","2026-09-24T00:18:16.0000000Z","False"
"CWMS_RTS","HEC-RTS-3.6.0\CWMS-Vue\jar\dssgui-script-4.0.14-patch-2.jar","File",".jar","4646","2026-09-24T00:18:16.0000000Z","False"
"CWMS_RTS","HEC-RTS-3.6.0\CWMS-Vue\jar\hec-script-gui-4.0.0.jar","File",".jar","63157","2026-09-24T00:18:16.0000000Z","False"
"CWMS_RTS","HEC-RTS-3.6.0\CWMS-Vue\jar\hec-watershed-2.0.0.jar","File",".jar","835219","2026-09-24T00:18:16.0000000Z","False"
"CWMS_RTS","HEC-RTS-3.6.0\CWMS-Vue\jar\jython-db-api-14.4.0.jar","File",".jar","78676","2026-09-24T00:18:18.0000000Z","False"
"CWMS_RTS","HEC-RTS-3.6.0\CWMS-Vue\jar\jython-standalone-2.7.3.jar","File",".jar","47288881","2026-09-24T00:18:18.0000000Z","False"
"CWMS_RTS","HEC-RTS-3.6.0\CWMS-Vue\jar\org-netbeans-api-scripting-RELEASE280.jar","File",".jar","211277","2026-09-24T00:18:18.0000000Z","False"
"CWMS_RTS","HEC-RTS-3.6.0\CWMS-Vue\java\bin\jrunscript.exe","File",".exe","23656","2026-09-24T00:18:18.0000000Z","False"
"CWMS_RTS","HEC-RTS-3.6.0\CWMS-Vue\java\conf\jaxp.properties","File",".properties","7302","2026-09-24T00:18:18.0000000Z","False"
"CWMS_RTS","HEC-RTS-3.6.0\CWMS-Vue\java\conf\logging.properties","File",".properties","2732","2026-09-24T00:18:18.0000000Z","False"
"CWMS_RTS","HEC-RTS-3.6.0\CWMS-Vue\java\conf\management\management.properties","File",".properties","14988","2026-09-24T00:18:18.0000000Z","False"
"CWMS_RTS","HEC-RTS-3.6.0\CWMS-Vue\java\conf\net.properties","File",".properties","7504","2026-09-24T00:18:18.0000000Z","False"
"CWMS_RTS","HEC-RTS-3.6.0\CWMS-Vue\java\conf\security\policy\README.txt","File",".txt","2390","2026-09-24T00:18:18.0000000Z","False"
"CWMS_RTS","HEC-RTS-3.6.0\CWMS-Vue\java\conf\sound.properties","File",".properties","1210","2026-09-24T00:18:18.0000000Z","False"
"CWMS_RTS","HEC-RTS-3.6.0\CWMS-Vue\java\jmods\java.scripting.jmod","File",".jmod","56324","2026-09-24T00:18:18.0000000Z","False"
"CWMS_RTS","HEC-RTS-3.6.0\CWMS-Vue\java\legal\java.scripting\ADDITIONAL_LICENSE_INFO","File","","49","2026-09-24T00:18:20.0000000Z","False"
"CWMS_RTS","HEC-RTS-3.6.0\CWMS-Vue\java\legal\java.scripting\ASSEMBLY_EXCEPTION","File","","44","2026-09-24T00:18:20.0000000Z","False"
"CWMS_RTS","HEC-RTS-3.6.0\CWMS-Vue\java\legal\java.scripting\LICENSE","File","","33","2026-09-24T00:18:20.0000000Z","False"
"CWMS_RTS","HEC-RTS-3.6.0\CWMS-Vue\java\lib\jvm.cfg","File",".cfg","29","2026-09-24T00:18:20.0000000Z","False"
"CWMS_RTS","HEC-RTS-3.6.0\CWMS-Vue\java\lib\psfontj2d.properties","File",".properties","11390","2026-09-24T00:18:20.0000000Z","False"
"CWMS_RTS","HEC-RTS-3.6.0\CWMS-Vue\Jython.bat","File",".bat","213","2026-09-24T00:18:16.0000000Z","False"
"CWMS_RTS","HEC-RTS-3.6.0\CWMS-Vue\Jython.config","File",".config","3461","2026-09-24T00:18:16.0000000Z","False"
"CWMS_RTS","HEC-RTS-3.6.0\CWMS-Vue\Jython.exe","File",".exe","467456","2026-09-24T00:18:16.0000000Z","False"
"CWMS_RTS","HEC-RTS-3.6.0\HEC-FIA\config\logging.properties","File",".properties","2402","2026-09-24T00:18:04.0000000Z","False"
"CWMS_RTS","HEC-RTS-3.6.0\HEC-FIA\config\TileSourceProperties.xml","File",".xml","1782","2026-09-24T00:18:04.0000000Z","False"
"CWMS_RTS","HEC-RTS-3.6.0\HEC-FIA\HEC-FIA.config","File",".config","4877","2026-09-24T00:18:04.0000000Z","False"
"CWMS_RTS","HEC-RTS-3.6.0\HEC-FIA\jar\fia-Simulation-3.4.2.jar","File",".jar","1002447","2026-09-24T00:18:04.0000000Z","False"
"CWMS_RTS","HEC-RTS-3.6.0\HEC-FIA\jar\fia-WatershedConfiguration-3.4.2.jar","File",".jar","72099","2026-09-24T00:18:04.0000000Z","False"
"CWMS_RTS","HEC-RTS-3.6.0\HEC-FIA\jar\SimulationTesting-3.4.2.jar","File",".jar","261","2026-09-24T00:18:04.0000000Z","False"
"CWMS_RTS","HEC-RTS-3.6.0\HEC-FIA\jar\system\batik-script-1.16.jar","File",".jar","25198","2026-09-24T00:18:06.0000000Z","False"
"CWMS_RTS","HEC-RTS-3.6.0\HEC-FIA\jar\system\hec-script-gui-4.0.0.jar","File",".jar","63157","2026-09-24T00:18:06.0000000Z","False"
"CWMS_RTS","HEC-RTS-3.6.0\HEC-FIA\jar\system\hec-watershed-2.0.0.jar","File",".jar","835219","2026-09-24T00:18:06.0000000Z","False"
"CWMS_RTS","HEC-RTS-3.6.0\HEC-FIA\jar\system\jython-standalone-2.7.3.jar","File",".jar","47288881","2026-09-24T00:18:06.0000000Z","False"
"CWMS_RTS","HEC-RTS-3.6.0\HEC-FIA\jar\WatershedConfigurationPropertiesService-3.4.2.jar","File",".jar","9331","2026-09-24T00:18:04.0000000Z","False"
"CWMS_RTS","HEC-RTS-3.6.0\HEC-FIA\jar\WatershedProperties-3.4.2.jar","File",".jar","3989","2026-09-24T00:18:04.0000000Z","False"
"CWMS_RTS","HEC-RTS-3.6.0\HEC-FIA\jre\bin\jrunscript.exe","File",".exe","23656","2026-09-24T00:18:06.0000000Z","False"
"CWMS_RTS","HEC-RTS-3.6.0\HEC-FIA\jre\conf\jaxp.properties","File",".properties","7302","2026-09-24T00:18:06.0000000Z","False"
"CWMS_RTS","HEC-RTS-3.6.0\HEC-FIA\jre\conf\logging.properties","File",".properties","2732","2026-09-24T00:18:06.0000000Z","False"
"CWMS_RTS","HEC-RTS-3.6.0\HEC-FIA\jre\conf\management\management.properties","File",".properties","14988","2026-09-24T00:18:06.0000000Z","False"
"CWMS_RTS","HEC-RTS-3.6.0\HEC-FIA\jre\conf\net.properties","File",".properties","7504","2026-09-24T00:18:06.0000000Z","False"
"CWMS_RTS","HEC-RTS-3.6.0\HEC-FIA\jre\conf\security\policy\README.txt","File",".txt","2390","2026-09-24T00:18:06.0000000Z","False"
"CWMS_RTS","HEC-RTS-3.6.0\HEC-FIA\jre\conf\sound.properties","File",".properties","1210","2026-09-24T00:18:06.0000000Z","False"
"CWMS_RTS","HEC-RTS-3.6.0\HEC-FIA\jre\jmods\java.scripting.jmod","File",".jmod","56324","2026-09-24T00:18:06.0000000Z","False"
"CWMS_RTS","HEC-RTS-3.6.0\HEC-FIA\jre\legal\java.scripting\ADDITIONAL_LICENSE_INFO","File","","49","2026-09-24T00:18:08.0000000Z","False"
"CWMS_RTS","HEC-RTS-3.6.0\HEC-FIA\jre\legal\java.scripting\ASSEMBLY_EXCEPTION","File","","44","2026-09-24T00:18:08.0000000Z","False"
"CWMS_RTS","HEC-RTS-3.6.0\HEC-FIA\jre\legal\java.scripting\LICENSE","File","","33","2026-09-24T00:18:08.0000000Z","False"
"CWMS_RTS","HEC-RTS-3.6.0\HEC-FIA\jre\lib\jvm.cfg","File",".cfg","29","2026-09-24T00:18:08.0000000Z","False"
"CWMS_RTS","HEC-RTS-3.6.0\HEC-FIA\jre\lib\psfontj2d.properties","File",".properties","11390","2026-09-24T00:18:08.0000000Z","False"
"CWMS_RTS","HEC-RTS-3.6.0\HEC-FIA\RasFiaTools\FiaTools.exe.config","File",".config","176","2026-09-24T00:18:04.0000000Z","False"
"CWMS_RTS","HEC-RTS-3.6.0\HEC-FIA\RasFiaTools\GDAL\common\data\bag_template.xml","File",".xml","9221","2026-09-24T00:18:04.0000000Z","False"
"CWMS_RTS","HEC-RTS-3.6.0\HEC-FIA\RasFiaTools\GDAL\common\data\eedaconf.json","File",".json","390","2026-09-24T00:18:04.0000000Z","False"
"CWMS_RTS","HEC-RTS-3.6.0\HEC-FIA\RasFiaTools\GDAL\common\data\gml_registry.xml","File",".xml","6760","2026-09-24T00:18:04.0000000Z","False"
"CWMS_RTS","HEC-RTS-3.6.0\HEC-FIA\RasFiaTools\GDAL\common\data\gmlasconf.xml","File",".xml","7601","2026-09-24T00:18:04.0000000Z","False"
"CWMS_RTS","HEC-RTS-3.6.0\HEC-FIA\RasFiaTools\GDAL\common\data\nitf_spec.xml","File",".xml","97625","2026-09-24T00:18:04.0000000Z","False"
"CWMS_RTS","HEC-RTS-3.6.0\HEC-FIA\RasFiaTools\GDAL\common\data\osmconf.ini","File",".ini","5001","2026-09-24T00:18:04.0000000Z","False"
"CWMS_RTS","HEC-RTS-3.6.0\HEC-FIA\RasFiaTools\GDAL\common\data\pds4_template.xml","File",".xml","3517","2026-09-24T00:18:04.0000000Z","False"
"CWMS_RTS","HEC-RTS-3.6.0\HEC-FIA\RasFiaTools\GDAL\common\data\plscenesconf.json","File",".json","28290","2026-09-24T00:18:04.0000000Z","False"
"CWMS_RTS","HEC-RTS-3.6.0\HEC-FIA\RasFiaTools\GDAL\common\data\vdv452.xml","File",".xml","26271","2026-09-24T00:18:04.0000000Z","False"
"CWMS_RTS","HEC-RTS-3.6.0\HEC-FIA\RasFiaTools\GDAL\common\Web Map Services\ArcGIS NatGeo World Map.xml","File",".xml","822","2026-09-24T00:18:04.0000000Z","False"
"CWMS_RTS","HEC-RTS-3.6.0\HEC-FIA\RasFiaTools\GDAL\common\Web Map Services\ArcGIS Ocean Basemap.xml","File",".xml","819","2026-09-24T00:18:04.0000000Z","False"
"CWMS_RTS","HEC-RTS-3.6.0\HEC-FIA\RasFiaTools\GDAL\common\Web Map Services\ArcGIS USA Topo Maps.xml","File",".xml","819","2026-09-24T00:18:04.0000000Z","False"
"CWMS_RTS","HEC-RTS-3.6.0\HEC-FIA\RasFiaTools\GDAL\common\Web Map Services\ArcGIS World Imagery.xml","File",".xml","820","2026-09-24T00:18:04.0000000Z","False"
"CWMS_RTS","HEC-RTS-3.6.0\HEC-FIA\RasFiaTools\GDAL\common\Web Map Services\ArcGIS World Physical Map.xml","File",".xml","823","2026-09-24T00:18:04.0000000Z","False"
"CWMS_RTS","HEC-RTS-3.6.0\HEC-FIA\RasFiaTools\GDAL\common\Web Map Services\ArcGIS World Shaded Relief.xml","File",".xml","825","2026-09-24T00:18:04.0000000Z","False"
"CWMS_RTS","HEC-RTS-3.6.0\HEC-FIA\RasFiaTools\GDAL\common\Web Map Services\ArcGIS World Street Map.xml","File",".xml","822","2026-09-24T00:18:04.0000000Z","False"
"CWMS_RTS","HEC-RTS-3.6.0\HEC-FIA\RasFiaTools\GDAL\common\Web Map Services\ArcGIS World Terrain Base.xml","File",".xml","824","2026-09-24T00:18:04.0000000Z","False"
"CWMS_RTS","HEC-RTS-3.6.0\HEC-FIA\RasFiaTools\GDAL\common\Web Map Services\ArcGIS World Topo Map.xml","File",".xml","854","2026-09-24T00:18:04.0000000Z","False"
"CWMS_RTS","HEC-RTS-3.6.0\HEC-FIA\RasFiaTools\GDAL\common\Web Map Services\Bing Satellite.xml","File",".xml","300","2026-09-24T00:18:04.0000000Z","False"
"CWMS_RTS","HEC-RTS-3.6.0\HEC-FIA\RasFiaTools\GDAL\common\Web Map Services\Google Hybrid.xml","File",".xml","904","2026-09-24T00:18:04.0000000Z","False"
"CWMS_RTS","HEC-RTS-3.6.0\HEC-FIA\RasFiaTools\GDAL\common\Web Map Services\Google Map.xml","File",".xml","904","2026-09-24T00:18:04.0000000Z","False"
"CWMS_RTS","HEC-RTS-3.6.0\HEC-FIA\RasFiaTools\GDAL\common\Web Map Services\Google Satellite.xml","File",".xml","904","2026-09-24T00:18:04.0000000Z","False"
"CWMS_RTS","HEC-RTS-3.6.0\HEC-FIA\RasFiaTools\GDAL\common\Web Map Services\Google Terrain Streets Water.xml","File",".xml","904","2026-09-24T00:18:04.0000000Z","False"
"CWMS_RTS","HEC-RTS-3.6.0\HEC-FIA\RasFiaTools\GDAL\common\Web Map Services\Google Terrain.xml","File",".xml","904","2026-09-24T00:18:04.0000000Z","False"
"CWMS_RTS","HEC-RTS-3.6.0\HEC-FIA\RasFiaTools\GDAL\common\Web Map Services\OpenStreetMaps.xml","File",".xml","687","2026-09-24T00:18:04.0000000Z","False"
"CWMS_RTS","HEC-RTS-3.6.0\HEC-FIA\RasFiaTools\GDAL\common\Web Map Services\USGS Imagery.xml","File",".xml","780","2026-09-24T00:18:04.0000000Z","False"
"CWMS_RTS","HEC-RTS-3.6.0\HEC-FIA\RasFiaTools\GDAL\common\Web Map Services\USGS Topo.xml","File",".xml","773","2026-09-24T00:18:04.0000000Z","False"
"CWMS_RTS","HEC-RTS-3.6.0\HEC-FIA\RasFiaTools\GDAL\EnvironmentInit.bat","File",".bat","419","2026-09-24T00:18:04.0000000Z","False"
"CWMS_RTS","HEC-RTS-3.6.0\HEC-FIA\RasFiaTools\readme.txt","File",".txt","208","2026-09-24T00:18:04.0000000Z","False"
"CWMS_RTS","HEC-RTS-3.6.0\HEC-HMS\bin\gdal\gdal-data\bag_template.xml","File",".xml","9221","2026-09-24T00:18:02.0000000Z","False"
"CWMS_RTS","HEC-RTS-3.6.0\HEC-HMS\bin\gdal\gdal-data\eedaconf.json","File",".json","390","2026-09-24T00:18:02.0000000Z","False"
"CWMS_RTS","HEC-RTS-3.6.0\HEC-HMS\bin\gdal\gdal-data\gdalmdiminfo_output.schema.json","File",".json","5504","2026-09-24T00:18:02.0000000Z","False"
"CWMS_RTS","HEC-RTS-3.6.0\HEC-HMS\bin\gdal\gdal-data\gml_registry.xml","File",".xml","6760","2026-09-24T00:18:02.0000000Z","False"
"CWMS_RTS","HEC-RTS-3.6.0\HEC-HMS\bin\gdal\gdal-data\gmlasconf.xml","File",".xml","7601","2026-09-24T00:18:02.0000000Z","False"
"CWMS_RTS","HEC-RTS-3.6.0\HEC-HMS\bin\gdal\gdal-data\nitf_spec.xml","File",".xml","126071","2026-09-24T00:18:02.0000000Z","False"
"CWMS_RTS","HEC-RTS-3.6.0\HEC-HMS\bin\gdal\gdal-data\osmconf.ini","File",".ini","5314","2026-09-24T00:18:02.0000000Z","False"
"CWMS_RTS","HEC-RTS-3.6.0\HEC-HMS\bin\gdal\gdal-data\pds4_template.xml","File",".xml","3438","2026-09-24T00:18:02.0000000Z","False"
"CWMS_RTS","HEC-RTS-3.6.0\HEC-HMS\bin\gdal\gdal-data\plscenesconf.json","File",".json","28290","2026-09-24T00:18:02.0000000Z","False"
"CWMS_RTS","HEC-RTS-3.6.0\HEC-HMS\bin\gdal\gdal-data\tms_LINZAntarticaMapTileGrid.json","File",".json","4274","2026-09-24T00:18:02.0000000Z","False"
"CWMS_RTS","HEC-RTS-3.6.0\HEC-HMS\bin\gdal\gdal-data\tms_MapML_APSTILE.json","File",".json","6541","2026-09-24T00:18:02.0000000Z","False"
"CWMS_RTS","HEC-RTS-3.6.0\HEC-HMS\bin\gdal\gdal-data\tms_MapML_CBMTILE.json","File",".json","8143","2026-09-24T00:18:02.0000000Z","False"
"CWMS_RTS","HEC-RTS-3.6.0\HEC-HMS\bin\gdal\gdal-data\tms_NZTM2000.json","File",".json","5402","2026-09-24T00:18:02.0000000Z","False"
"CWMS_RTS","HEC-RTS-3.6.0\HEC-HMS\bin\gdal\gdal-data\vdv452.xml","File",".xml","26183","2026-09-24T00:18:02.0000000Z","False"
"CWMS_RTS","HEC-RTS-3.6.0\HEC-HMS\bin\gdal\gdal-data\vicar.json","File",".json","2459","2026-09-24T00:18:02.0000000Z","False"
"CWMS_RTS","HEC-RTS-3.6.0\HEC-HMS\bin\gdal\GDALShell.bat","File",".bat","300","2026-09-24T00:18:02.0000000Z","False"
"CWMS_RTS","HEC-RTS-3.6.0\HEC-HMS\bin\migrate-to-dss-7\bin\migrate-to-dss-7.bat","File",".bat","837","2026-09-24T00:18:02.0000000Z","False"
"CWMS_RTS","HEC-RTS-3.6.0\HEC-HMS\bin\taudem\gagewatershed.exe","File",".exe","43520","2026-09-24T00:18:02.0000000Z","False"
"CWMS_RTS","HEC-RTS-3.6.0\HEC-HMS\bin\vortex\calculator.bat","File",".bat","389","2026-09-24T00:18:02.0000000Z","False"
"CWMS_RTS","HEC-RTS-3.6.0\HEC-HMS\bin\vortex\clipper.bat","File",".bat","386","2026-09-24T00:18:02.0000000Z","False"
"CWMS_RTS","HEC-RTS-3.6.0\HEC-HMS\bin\vortex\grid-to-point.bat","File",".bat","392","2026-09-24T00:18:02.0000000Z","False"
"CWMS_RTS","HEC-RTS-3.6.0\HEC-HMS\bin\vortex\image-exporter.bat","File",".bat","393","2026-09-24T00:18:02.0000000Z","False"
"CWMS_RTS","HEC-RTS-3.6.0\HEC-HMS\bin\vortex\importer.bat","File",".bat","387","2026-09-24T00:18:02.0000000Z","False"
"CWMS_RTS","HEC-RTS-3.6.0\HEC-HMS\bin\vortex\normalizer.bat","File",".bat","389","2026-09-24T00:18:02.0000000Z","False"
"CWMS_RTS","HEC-RTS-3.6.0\HEC-HMS\bin\vortex\sanitizer.bat","File",".bat","388","2026-09-24T00:18:02.0000000Z","False"
"CWMS_RTS","HEC-RTS-3.6.0\HEC-HMS\bin\vortex\shifter.bat","File",".bat","386","2026-09-24T00:18:02.0000000Z","False"
"CWMS_RTS","HEC-RTS-3.6.0\HEC-HMS\HEC-HMS.cmd","File",".cmd","851","2026-09-24T00:18:00.0000000Z","False"
"CWMS_RTS","HEC-RTS-3.6.0\HEC-HMS\HEC-HMS.config","File",".config","2422","2026-09-24T00:18:00.0000000Z","False"
"CWMS_RTS","HEC-RTS-3.6.0\HEC-HMS\jre\bin\jrunscript.exe","File",".exe","23944","2026-09-24T00:18:02.0000000Z","False"
"CWMS_RTS","HEC-RTS-3.6.0\HEC-HMS\jre\conf\logging.properties","File",".properties","2732","2026-09-24T00:18:02.0000000Z","False"
"CWMS_RTS","HEC-RTS-3.6.0\HEC-HMS\jre\conf\management\management.properties","File",".properties","14410","2026-09-24T00:18:02.0000000Z","False"
"CWMS_RTS","HEC-RTS-3.6.0\HEC-HMS\jre\conf\net.properties","File",".properties","6671","2026-09-24T00:18:02.0000000Z","False"
"CWMS_RTS","HEC-RTS-3.6.0\HEC-HMS\jre\conf\security\policy\README.txt","File",".txt","2390","2026-09-24T00:18:02.0000000Z","False"
"CWMS_RTS","HEC-RTS-3.6.0\HEC-HMS\jre\conf\sound.properties","File",".properties","1210","2026-09-24T00:18:02.0000000Z","False"
"CWMS_RTS","HEC-RTS-3.6.0\HEC-HMS\jre\legal\java.scripting\ADDITIONAL_LICENSE_INFO","File","","49","2026-09-24T00:18:02.0000000Z","False"
"CWMS_RTS","HEC-RTS-3.6.0\HEC-HMS\jre\legal\java.scripting\ASSEMBLY_EXCEPTION","File","","44","2026-09-24T00:18:02.0000000Z","False"
"CWMS_RTS","HEC-RTS-3.6.0\HEC-HMS\jre\legal\java.scripting\LICENSE","File","","33","2026-09-24T00:18:02.0000000Z","False"
"CWMS_RTS","HEC-RTS-3.6.0\HEC-HMS\jre\lib\jvm.cfg","File",".cfg","29","2026-09-24T00:18:02.0000000Z","False"
"CWMS_RTS","HEC-RTS-3.6.0\HEC-HMS\jre\lib\psfontj2d.properties","File",".properties","11390","2026-09-24T00:18:04.0000000Z","False"
"CWMS_RTS","HEC-RTS-3.6.0\HEC-HMS\lib\jython-standalone-2.7.2.jar","File",".jar","43056592","2026-09-24T00:18:04.0000000Z","False"
"CWMS_RTS","HEC-RTS-3.6.0\HEC-MetVue\additionalContent\tinSamples\ESRI_ASCII\1950PREC_19500116180000.xml","File",".xml","861","2026-09-24T00:18:12.0000000Z","False"
"CWMS_RTS","HEC-RTS-3.6.0\HEC-MetVue\bin\metvue.bat","File",".bat","51","2026-09-24T00:18:12.0000000Z","False"
"CWMS_RTS","HEC-RTS-3.6.0\HEC-MetVue\etc\metvue.conf","File",".conf","949","2026-09-24T00:18:12.0000000Z","False"
"CWMS_RTS","HEC-RTS-3.6.0\HEC-MetVue\ide\config\ModuleAutoDeps\org-netbeans-modules-editor.xml","File",".xml","2618","2026-09-24T00:18:12.0000000Z","False"
"CWMS_RTS","HEC-RTS-3.6.0\HEC-MetVue\ide\config\ModuleAutoDeps\org-netbeans-modules-editor-indent.xml","File",".xml","1791","2026-09-24T00:18:12.0000000Z","False"
"CWMS_RTS","HEC-RTS-3.6.0\HEC-MetVue\ide\config\ModuleAutoDeps\org-netbeans-modules-editor-lib.xml","File",".xml","2372","2026-09-24T00:18:12.0000000Z","False"
"CWMS_RTS","HEC-RTS-3.6.0\HEC-MetVue\ide\config\ModuleAutoDeps\org-netbeans-modules-editor-lib2.xml","File",".xml","1626","2026-09-24T00:18:12.0000000Z","False"
"CWMS_RTS","HEC-RTS-3.6.0\HEC-MetVue\ide\config\ModuleAutoDeps\org-netbeans-modules-editor-settings-storage.xml","File",".xml","1650","2026-09-24T00:18:12.0000000Z","False"
"CWMS_RTS","HEC-RTS-3.6.0\HEC-MetVue\ide\config\ModuleAutoDeps\org-netbeans-spi-palette.xml","File",".xml","1664","2026-09-24T00:18:12.0000000Z","False"
"CWMS_RTS","HEC-RTS-3.6.0\HEC-MetVue\ide\config\Modules\org-netbeans-api-lsp.xml","File",".xml","413","2026-09-24T00:18:12.0000000Z","False"
"CWMS_RTS","HEC-RTS-3.6.0\HEC-MetVue\ide\config\Modules\org-netbeans-modules-editor.xml","File",".xml","427","2026-09-24T00:18:12.0000000Z","False"
"CWMS_RTS","HEC-RTS-3.6.0\HEC-MetVue\ide\config\Modules\org-netbeans-modules-editor-actions.xml","File",".xml","483","2026-09-24T00:18:12.0000000Z","False"
"CWMS_RTS","HEC-RTS-3.6.0\HEC-MetVue\ide\config\Modules\org-netbeans-modules-editor-completion.xml","File",".xml","489","2026-09-24T00:18:12.0000000Z","False"
"CWMS_RTS","HEC-RTS-3.6.0\HEC-MetVue\ide\config\Modules\org-netbeans-modules-editor-document.xml","File",".xml","445","2026-09-24T00:18:12.0000000Z","False"
"CWMS_RTS","HEC-RTS-3.6.0\HEC-MetVue\ide\config\Modules\org-netbeans-modules-editor-fold.xml","File",".xml","477","2026-09-24T00:18:12.0000000Z","False"
"CWMS_RTS","HEC-RTS-3.6.0\HEC-MetVue\ide\config\Modules\org-netbeans-modules-editor-fold-nbui.xml","File",".xml","487","2026-09-24T00:18:12.0000000Z","False"
"CWMS_RTS","HEC-RTS-3.6.0\HEC-MetVue\ide\config\Modules\org-netbeans-modules-editor-guards.xml","File",".xml","441","2026-09-24T00:18:12.0000000Z","False"
"CWMS_RTS","HEC-RTS-3.6.0\HEC-MetVue\ide\config\Modules\org-netbeans-modules-editor-indent.xml","File",".xml","481","2026-09-24T00:18:12.0000000Z","False"
"CWMS_RTS","HEC-RTS-3.6.0\HEC-MetVue\ide\config\Modules\org-netbeans-modules-editor-lib.xml","File",".xml","435","2026-09-24T00:18:12.0000000Z","False"
"CWMS_RTS","HEC-RTS-3.6.0\HEC-MetVue\ide\config\Modules\org-netbeans-modules-editor-lib2.xml","File",".xml","437","2026-09-24T00:18:12.0000000Z","False"
"CWMS_RTS","HEC-RTS-3.6.0\HEC-MetVue\ide\config\Modules\org-netbeans-modules-editor-settings.xml","File",".xml","445","2026-09-24T00:18:12.0000000Z","False"
"CWMS_RTS","HEC-RTS-3.6.0\HEC-MetVue\ide\config\Modules\org-netbeans-modules-editor-settings-lib.xml","File",".xml","493","2026-09-24T00:18:12.0000000Z","False"
"CWMS_RTS","HEC-RTS-3.6.0\HEC-MetVue\ide\config\Modules\org-netbeans-modules-editor-settings-storage.xml","File",".xml","461","2026-09-24T00:18:12.0000000Z","False"
"CWMS_RTS","HEC-RTS-3.6.0\HEC-MetVue\ide\config\Modules\org-netbeans-modules-editor-util.xml","File",".xml","437","2026-09-24T00:18:12.0000000Z","False"
"CWMS_RTS","HEC-RTS-3.6.0\HEC-MetVue\ide\config\Modules\org-netbeans-modules-jellytools-ide.xml","File",".xml","443","2026-09-24T00:18:12.0000000Z","False"
"CWMS_RTS","HEC-RTS-3.6.0\HEC-MetVue\ide\config\Modules\org-netbeans-modules-lexer.xml","File",".xml","425","2026-09-24T00:18:12.0000000Z","False"
"CWMS_RTS","HEC-RTS-3.6.0\HEC-MetVue\ide\config\Modules\org-netbeans-spi-palette.xml","File",".xml","421","2026-09-24T00:18:12.0000000Z","False"
"CWMS_RTS","HEC-RTS-3.6.0\HEC-MetVue\ide\update_tracking\org-netbeans-api-lsp.xml","File",".xml","382","2026-09-24T00:18:12.0000000Z","False"
"CWMS_RTS","HEC-RTS-3.6.0\HEC-MetVue\ide\update_tracking\org-netbeans-modules-editor.xml","File",".xml","510","2026-09-24T00:18:12.0000000Z","False"
"CWMS_RTS","HEC-RTS-3.6.0\HEC-MetVue\ide\update_tracking\org-netbeans-modules-editor-actions.xml","File",".xml","431","2026-09-24T00:18:12.0000000Z","False"
"CWMS_RTS","HEC-RTS-3.6.0\HEC-MetVue\ide\update_tracking\org-netbeans-modules-editor-completion.xml","File",".xml","440","2026-09-24T00:18:12.0000000Z","False"
"CWMS_RTS","HEC-RTS-3.6.0\HEC-MetVue\ide\update_tracking\org-netbeans-modules-editor-document.xml","File",".xml","432","2026-09-24T00:18:12.0000000Z","False"
"CWMS_RTS","HEC-RTS-3.6.0\HEC-MetVue\ide\update_tracking\org-netbeans-modules-editor-fold.xml","File",".xml","418","2026-09-24T00:18:12.0000000Z","False"
"CWMS_RTS","HEC-RTS-3.6.0\HEC-MetVue\ide\update_tracking\org-netbeans-modules-editor-fold-nbui.xml","File",".xml","436","2026-09-24T00:18:12.0000000Z","False"
"CWMS_RTS","HEC-RTS-3.6.0\HEC-MetVue\ide\update_tracking\org-netbeans-modules-editor-guards.xml","File",".xml","423","2026-09-24T00:18:12.0000000Z","False"
"CWMS_RTS","HEC-RTS-3.6.0\HEC-MetVue\ide\update_tracking\org-netbeans-modules-editor-indent.xml","File",".xml","525","2026-09-24T00:18:12.0000000Z","False"
"CWMS_RTS","HEC-RTS-3.6.0\HEC-MetVue\ide\update_tracking\org-netbeans-modules-editor-lib.xml","File",".xml","524","2026-09-24T00:18:12.0000000Z","False"
"CWMS_RTS","HEC-RTS-3.6.0\HEC-MetVue\ide\update_tracking\org-netbeans-modules-editor-lib2.xml","File",".xml","525","2026-09-24T00:18:12.0000000Z","False"
"CWMS_RTS","HEC-RTS-3.6.0\HEC-MetVue\ide\update_tracking\org-netbeans-modules-editor-settings.xml","File",".xml","429","2026-09-24T00:18:12.0000000Z","False"
"CWMS_RTS","HEC-RTS-3.6.0\HEC-MetVue\ide\update_tracking\org-netbeans-modules-editor-settings-lib.xml","File",".xml","443","2026-09-24T00:18:12.0000000Z","False"
"CWMS_RTS","HEC-RTS-3.6.0\HEC-MetVue\ide\update_tracking\org-netbeans-modules-editor-settings-storage.xml","File",".xml","568","2026-09-24T00:18:12.0000000Z","False"
"CWMS_RTS","HEC-RTS-3.6.0\HEC-MetVue\ide\update_tracking\org-netbeans-modules-editor-util.xml","File",".xml","418","2026-09-24T00:18:12.0000000Z","False"
"CWMS_RTS","HEC-RTS-3.6.0\HEC-MetVue\ide\update_tracking\org-netbeans-modules-jellytools-ide.xml","File",".xml","431","2026-09-24T00:18:12.0000000Z","False"
"CWMS_RTS","HEC-RTS-3.6.0\HEC-MetVue\ide\update_tracking\org-netbeans-modules-lexer.xml","File",".xml","404","2026-09-24T00:18:12.0000000Z","False"
"CWMS_RTS","HEC-RTS-3.6.0\HEC-MetVue\ide\update_tracking\org-netbeans-spi-palette.xml","File",".xml","485","2026-09-24T00:18:12.0000000Z","False"
"CWMS_RTS","HEC-RTS-3.6.0\HEC-MetVue\jre\bin\jrunscript.exe","File",".exe","23944","2026-09-24T00:18:12.0000000Z","False"
"CWMS_RTS","HEC-RTS-3.6.0\HEC-MetVue\jre\conf\logging.properties","File",".properties","2732","2026-09-24T00:18:12.0000000Z","False"
"CWMS_RTS","HEC-RTS-3.6.0\HEC-MetVue\jre\conf\management\management.properties","File",".properties","14410","2026-09-24T00:18:12.0000000Z","False"
"CWMS_RTS","HEC-RTS-3.6.0\HEC-MetVue\jre\conf\net.properties","File",".properties","6671","2026-09-24T00:18:12.0000000Z","False"
"CWMS_RTS","HEC-RTS-3.6.0\HEC-MetVue\jre\conf\security\policy\README.txt","File",".txt","2390","2026-09-24T00:18:12.0000000Z","False"
"CWMS_RTS","HEC-RTS-3.6.0\HEC-MetVue\jre\conf\sound.properties","File",".properties","1210","2026-09-24T00:18:12.0000000Z","False"
"CWMS_RTS","HEC-RTS-3.6.0\HEC-MetVue\jre\legal\java.scripting\ADDITIONAL_LICENSE_INFO","File","","49","2026-09-24T00:18:12.0000000Z","False"
"CWMS_RTS","HEC-RTS-3.6.0\HEC-MetVue\jre\legal\java.scripting\ASSEMBLY_EXCEPTION","File","","44","2026-09-24T00:18:12.0000000Z","False"
"CWMS_RTS","HEC-RTS-3.6.0\HEC-MetVue\jre\legal\java.scripting\LICENSE","File","","33","2026-09-24T00:18:12.0000000Z","False"
"CWMS_RTS","HEC-RTS-3.6.0\HEC-MetVue\jre\lib\jvm.cfg","File",".cfg","29","2026-09-24T00:18:12.0000000Z","False"
"CWMS_RTS","HEC-RTS-3.6.0\HEC-MetVue\jre\lib\psfontj2d.properties","File",".properties","11390","2026-09-24T00:18:14.0000000Z","False"
"CWMS_RTS","HEC-RTS-3.6.0\HEC-MetVue\metvue\config\Modules\mil-army-usace-hec-metvue-CumulusClient.xml","File",".xml","501","2026-09-24T00:18:14.0000000Z","False"
"CWMS_RTS","HEC-RTS-3.6.0\HEC-MetVue\metvue\config\Modules\mil-army-usace-hec-metvue-IOAsciiGrid.xml","File",".xml","497","2026-09-24T00:18:14.0000000Z","False"
"CWMS_RTS","HEC-RTS-3.6.0\HEC-MetVue\metvue\config\Modules\mil-army-usace-hec-metvue-IODSSIrregTin.xml","File",".xml","501","2026-09-24T00:18:14.0000000Z","False"
"CWMS_RTS","HEC-RTS-3.6.0\HEC-MetVue\metvue\config\Modules\mil-army-usace-hec-metvue-IOGeoTiff.xml","File",".xml","493","2026-09-24T00:18:14.0000000Z","False"
"CWMS_RTS","HEC-RTS-3.6.0\HEC-MetVue\metvue\config\Modules\mil-army-usace-hec-metvue-IOMultiDataFormat.xml","File",".xml","509","2026-09-24T00:18:14.0000000Z","False"
"CWMS_RTS","HEC-RTS-3.6.0\HEC-MetVue\metvue\config\Modules\mil-army-usace-hec-metvue-IOPrism.xml","File",".xml","489","2026-09-24T00:18:14.0000000Z","False"
"CWMS_RTS","HEC-RTS-3.6.0\HEC-MetVue\metvue\config\Modules\mil-army-usace-hec-metvue-IOXmrg.xml","File",".xml","487","2026-09-24T00:18:14.0000000Z","False"
"CWMS_RTS","HEC-RTS-3.6.0\HEC-MetVue\metvue\config\Modules\mil-army-usace-hec-metvue-MetCalculator.xml","File",".xml","501","2026-09-24T00:18:14.0000000Z","False"
"CWMS_RTS","HEC-RTS-3.6.0\HEC-MetVue\metvue\config\Modules\mil-army-usace-hec-metvue-MetInterp.xml","File",".xml","493","2026-09-24T00:18:14.0000000Z","False"
"CWMS_RTS","HEC-RTS-3.6.0\HEC-MetVue\metvue\config\Modules\mil-army-usace-hec-metvue-MetScripting.xml","File",".xml","499","2026-09-24T00:18:14.0000000Z","False"
"CWMS_RTS","HEC-RTS-3.6.0\HEC-MetVue\metvue\config\Modules\mil-army-usace-hec-metvue-MetVueAnnotation.xml","File",".xml","507","2026-09-24T00:18:14.0000000Z","False"
"CWMS_RTS","HEC-RTS-3.6.0\HEC-MetVue\metvue\config\Modules\mil-army-usace-hec-metvue-MetVueBase.xml","File",".xml","495","2026-09-24T00:18:14.0000000Z","False"
"CWMS_RTS","HEC-RTS-3.6.0\HEC-MetVue\metvue\config\Modules\mil-army-usace-hec-metvue-MetVue-branding.xml","File",".xml","505","2026-09-24T00:18:14.0000000Z","False"
"CWMS_RTS","HEC-RTS-3.6.0\HEC-MetVue\metvue\config\Modules\mil-army-usace-hec-metvue-MetVueClientCommon.xml","File",".xml","511","2026-09-24T00:18:14.0000000Z","False"
"CWMS_RTS","HEC-RTS-3.6.0\HEC-MetVue\metvue\config\Modules\mil-army-usace-hec-metvue-MetVueGui.xml","File",".xml","493","2026-09-24T00:18:14.0000000Z","False"
"CWMS_RTS","HEC-RTS-3.6.0\HEC-MetVue\metvue\config\Modules\mil-army-usace-hec-metvue-MetVueJars.xml","File",".xml","495","2026-09-24T00:18:14.0000000Z","False"
"CWMS_RTS","HEC-RTS-3.6.0\HEC-MetVue\metvue\config\Modules\mil-army-usace-hec-metvue-MetVueJarsCommon.xml","File",".xml","507","2026-09-24T00:18:14.0000000Z","False"
"CWMS_RTS","HEC-RTS-3.6.0\HEC-MetVue\metvue\config\Modules\mil-army-usace-hec-metvue-MetVueJarsGeoTools.xml","File",".xml","511","2026-09-24T00:18:14.0000000Z","False"
"CWMS_RTS","HEC-RTS-3.6.0\HEC-MetVue\metvue\config\Modules\mil-army-usace-hec-metvue-MetVueJarsUcar.xml","File",".xml","503","2026-09-24T00:18:14.0000000Z","False"
"CWMS_RTS","HEC-RTS-3.6.0\HEC-MetVue\metvue\config\Modules\mil-army-usace-hec-metvue-MetVuePlugins.xml","File",".xml","501","2026-09-24T00:18:14.0000000Z","False"
"CWMS_RTS","HEC-RTS-3.6.0\HEC-MetVue\metvue\config\Modules\mil-army-usace-hec-metvue-MetVueStorms.xml","File",".xml","499","2026-09-24T00:18:14.0000000Z","False"
"CWMS_RTS","HEC-RTS-3.6.0\HEC-MetVue\metvue\config\Modules\mil-army-usace-hec-metvue-MetVueUtil.xml","File",".xml","495","2026-09-24T00:18:14.0000000Z","False"
"CWMS_RTS","HEC-RTS-3.6.0\HEC-MetVue\metvue\config\Modules\mil-army-usace-hec-metvue-nb.xml","File",".xml","485","2026-09-24T00:18:14.0000000Z","False"
"CWMS_RTS","HEC-RTS-3.6.0\HEC-MetVue\metvue\config\Modules\mil-army-usace-hec-metvue-StormHmr52.xml","File",".xml","495","2026-09-24T00:18:14.0000000Z","False"
"CWMS_RTS","HEC-RTS-3.6.0\HEC-MetVue\metvue\config\Modules\mil-army-usace-hec-metvue-StormHmr55a.xml","File",".xml","497","2026-09-24T00:18:14.0000000Z","False"
"CWMS_RTS","HEC-RTS-3.6.0\HEC-MetVue\metvue\config\Modules\mil-army-usace-hec-metvue-tracing.xml","File",".xml","495","2026-09-24T00:18:14.0000000Z","False"
"CWMS_RTS","HEC-RTS-3.6.0\HEC-MetVue\metvue\modules\ext\mil.army.usace.hec.metvue.MetScripting\com-google-code-gson\gson.jar","File",".jar","258075","2026-09-24T00:18:14.0000000Z","False"
"CWMS_RTS","HEC-RTS-3.6.0\HEC-MetVue\metvue\modules\ext\mil.army.usace.hec.metvue.MetScripting\mil-army-usace-hec-userdefinedobject\user-defined-object-api.jar","File",".jar","21478","2026-09-24T00:18:14.0000000Z","False"
"CWMS_RTS","HEC-RTS-3.6.0\HEC-MetVue\metvue\modules\ext\mil.army.usace.hec.metvue.MetScripting\mil-army-usace-hec-userdefinedobject\user-defined-object-graal.jar","File",".jar","7027","2026-09-24T00:18:14.0000000Z","False"
"CWMS_RTS","HEC-RTS-3.6.0\HEC-MetVue\metvue\modules\ext\mil.army.usace.hec.metvue.MetScripting\mil-army-usace-hec-userdefinedobject\user-defined-object-graal-py3.jar","File",".jar","9355","2026-09-24T00:18:14.0000000Z","False"
"CWMS_RTS","HEC-RTS-3.6.0\HEC-MetVue\metvue\modules\ext\mil.army.usace.hec.metvue.MetScripting\mil-army-usace-hec-userdefinedobject\user-defined-object-json.jar","File",".jar","6870","2026-09-24T00:18:14.0000000Z","False"
"CWMS_RTS","HEC-RTS-3.6.0\HEC-MetVue\metvue\modules\ext\mil.army.usace.hec.metvue.MetScripting\org-bouncycastle\bcpkix-jdk18on.jar","File",".jar","1109571","2026-09-24T00:18:14.0000000Z","False"
"CWMS_RTS","HEC-RTS-3.6.0\HEC-MetVue\metvue\modules\ext\mil.army.usace.hec.metvue.MetScripting\org-bouncycastle\bcprov-jdk18on.jar","File",".jar","8361943","2026-09-24T00:18:14.0000000Z","False"
"CWMS_RTS","HEC-RTS-3.6.0\HEC-MetVue\metvue\modules\ext\mil.army.usace.hec.metvue.MetScripting\org-bouncycastle\bcutil-jdk18on.jar","File",".jar","676737","2026-09-24T00:18:14.0000000Z","False"
"CWMS_RTS","HEC-RTS-3.6.0\HEC-MetVue\metvue\modules\ext\mil.army.usace.hec.metvue.MetScripting\org-graalvm-compiler\compiler.jar","File",".jar","21526036","2026-09-24T00:18:14.0000000Z","False"
"CWMS_RTS","HEC-RTS-3.6.0\HEC-MetVue\metvue\modules\ext\mil.army.usace.hec.metvue.MetScripting\org-graalvm-llvm\llvm-api.jar","File",".jar","45234","2026-09-24T00:18:14.0000000Z","False"
"CWMS_RTS","HEC-RTS-3.6.0\HEC-MetVue\metvue\modules\ext\mil.army.usace.hec.metvue.MetScripting\org-graalvm-polyglot\polyglot.jar","File",".jar","939365","2026-09-24T00:18:14.0000000Z","False"
"CWMS_RTS","HEC-RTS-3.6.0\HEC-MetVue\metvue\modules\ext\mil.army.usace.hec.metvue.MetScripting\org-graalvm-python\python-language.jar","File",".jar","82455040","2026-09-24T00:18:14.0000000Z","False"
"CWMS_RTS","HEC-RTS-3.6.0\HEC-MetVue\metvue\modules\ext\mil.army.usace.hec.metvue.MetScripting\org-graalvm-regex\regex.jar","File",".jar","3456469","2026-09-24T00:18:14.0000000Z","False"
"CWMS_RTS","HEC-RTS-3.6.0\HEC-MetVue\metvue\modules\ext\mil.army.usace.hec.metvue.MetScripting\org-graalvm-sdk\collections.jar","File",".jar","121580","2026-09-24T00:18:14.0000000Z","False"
"CWMS_RTS","HEC-RTS-3.6.0\HEC-MetVue\metvue\modules\ext\mil.army.usace.hec.metvue.MetScripting\org-graalvm-sdk\nativeimage.jar","File",".jar","217197","2026-09-24T00:18:14.0000000Z","False"
"CWMS_RTS","HEC-RTS-3.6.0\HEC-MetVue\metvue\modules\ext\mil.army.usace.hec.metvue.MetScripting\org-graalvm-sdk\word.jar","File",".jar","22242","2026-09-24T00:18:14.0000000Z","False"
"CWMS_RTS","HEC-RTS-3.6.0\HEC-MetVue\metvue\modules\ext\mil.army.usace.hec.metvue.MetScripting\org-graalvm-shadowed\icu4j.jar","File",".jar","39645651","2026-09-24T00:18:14.0000000Z","False"
"CWMS_RTS","HEC-RTS-3.6.0\HEC-MetVue\metvue\modules\ext\mil.army.usace.hec.metvue.MetScripting\org-graalvm-shadowed\json.jar","File",".jar","161533","2026-09-24T00:18:14.0000000Z","False"
"CWMS_RTS","HEC-RTS-3.6.0\HEC-MetVue\metvue\modules\ext\mil.army.usace.hec.metvue.MetScripting\org-graalvm-tools\profiler-tool.jar","File",".jar","515656","2026-09-24T00:18:14.0000000Z","False"
"CWMS_RTS","HEC-RTS-3.6.0\HEC-MetVue\metvue\modules\ext\mil.army.usace.hec.metvue.MetScripting\org-graalvm-truffle\truffle-api.jar","File",".jar","16605325","2026-09-24T00:18:14.0000000Z","False"
"CWMS_RTS","HEC-RTS-3.6.0\HEC-MetVue\metvue\modules\ext\mil.army.usace.hec.metvue.MetScripting\org-graalvm-truffle\truffle-compiler.jar","File",".jar","60988","2026-09-24T00:18:14.0000000Z","False"
"CWMS_RTS","HEC-RTS-3.6.0\HEC-MetVue\metvue\modules\ext\mil.army.usace.hec.metvue.MetScripting\org-graalvm-truffle\truffle-nfi.jar","File",".jar","1525834","2026-09-24T00:18:14.0000000Z","False"
"CWMS_RTS","HEC-RTS-3.6.0\HEC-MetVue\metvue\modules\ext\mil.army.usace.hec.metvue.MetScripting\org-graalvm-truffle\truffle-nfi-libffi.jar","File",".jar","1793918","2026-09-24T00:18:14.0000000Z","False"
"CWMS_RTS","HEC-RTS-3.6.0\HEC-MetVue\metvue\modules\ext\mil.army.usace.hec.metvue.MetScripting\org-netbeans-external\updater.jar","File",".jar","419142","2026-09-24T00:18:14.0000000Z","False"
"CWMS_RTS","HEC-RTS-3.6.0\HEC-MetVue\metvue\modules\ext\mil.army.usace.hec.metvue.MetScripting\org-tukaani\xz.jar","File",".jar","116013","2026-09-24T00:18:14.0000000Z","False"
"CWMS_RTS","HEC-RTS-3.6.0\HEC-MetVue\metvue\modules\ext\mil.army.usace.hec.metvue.MetVueJars\mil-army-usace-hec\hec-script-gui.jar","File",".jar","62483","2026-09-24T00:18:14.0000000Z","False"
"CWMS_RTS","HEC-RTS-3.6.0\HEC-MetVue\metvue\modules\ext\mil.army.usace.hec.metvue.MetVueJars\mil-army-usace-hec\hec-watershed.jar","File",".jar","817774","2026-09-24T00:18:14.0000000Z","False"
"CWMS_RTS","HEC-RTS-3.6.0\HEC-MetVue\metvue\modules\ext\mil.army.usace.hec.metvue.MetVueJars\org-python\jython-standalone.jar","File",".jar","43056592","2026-09-24T00:18:14.0000000Z","False"
"CWMS_RTS","HEC-RTS-3.6.0\HEC-MetVue\metvue\modules\mil-army-usace-hec-metvue-MetScripting.jar","File",".jar","36742","2026-09-24T00:18:16.0000000Z","False"
"CWMS_RTS","HEC-RTS-3.6.0\HEC-MetVue\metvue\update_tracking\mil-army-usace-hec-metvue-CumulusClient.xml","File",".xml","4155","2026-09-24T00:18:16.0000000Z","False"
"CWMS_RTS","HEC-RTS-3.6.0\HEC-MetVue\metvue\update_tracking\mil-army-usace-hec-metvue-IOAsciiGrid.xml","File",".xml","557","2026-09-24T00:18:16.0000000Z","False"
"CWMS_RTS","HEC-RTS-3.6.0\HEC-MetVue\metvue\update_tracking\mil-army-usace-hec-metvue-IODSSIrregTin.xml","File",".xml","565","2026-09-24T00:18:16.0000000Z","False"
"CWMS_RTS","HEC-RTS-3.6.0\HEC-MetVue\metvue\update_tracking\mil-army-usace-hec-metvue-IOGeoTiff.xml","File",".xml","549","2026-09-24T00:18:16.0000000Z","False"
"CWMS_RTS","HEC-RTS-3.6.0\HEC-MetVue\metvue\update_tracking\mil-army-usace-hec-metvue-IOMultiDataFormat.xml","File",".xml","581","2026-09-24T00:18:16.0000000Z","False"
"CWMS_RTS","HEC-RTS-3.6.0\HEC-MetVue\metvue\update_tracking\mil-army-usace-hec-metvue-IOPrism.xml","File",".xml","541","2026-09-24T00:18:16.0000000Z","False"
"CWMS_RTS","HEC-RTS-3.6.0\HEC-MetVue\metvue\update_tracking\mil-army-usace-hec-metvue-IOXmrg.xml","File",".xml","537","2026-09-24T00:18:16.0000000Z","False"
"CWMS_RTS","HEC-RTS-3.6.0\HEC-MetVue\metvue\update_tracking\mil-army-usace-hec-metvue-MetCalculator.xml","File",".xml","565","2026-09-24T00:18:16.0000000Z","False"
"CWMS_RTS","HEC-RTS-3.6.0\HEC-MetVue\metvue\update_tracking\mil-army-usace-hec-metvue-MetInterp.xml","File",".xml","549","2026-09-24T00:18:16.0000000Z","False"
"CWMS_RTS","HEC-RTS-3.6.0\HEC-MetVue\metvue\update_tracking\mil-army-usace-hec-metvue-MetScripting.xml","File",".xml","3693","2026-09-24T00:18:16.0000000Z","False"
"CWMS_RTS","HEC-RTS-3.6.0\HEC-MetVue\metvue\update_tracking\mil-army-usace-hec-metvue-MetVueAnnotation.xml","File",".xml","577","2026-09-24T00:18:16.0000000Z","False"
"CWMS_RTS","HEC-RTS-3.6.0\HEC-MetVue\metvue\update_tracking\mil-army-usace-hec-metvue-MetVueBase.xml","File",".xml","552","2026-09-24T00:18:16.0000000Z","False"
"CWMS_RTS","HEC-RTS-3.6.0\HEC-MetVue\metvue\update_tracking\mil-army-usace-hec-metvue-MetVue-branding.xml","File",".xml","819","2026-09-24T00:18:16.0000000Z","False"
"CWMS_RTS","HEC-RTS-3.6.0\HEC-MetVue\metvue\update_tracking\mil-army-usace-hec-metvue-MetVueClientCommon.xml","File",".xml","584","2026-09-24T00:18:16.0000000Z","False"
"CWMS_RTS","HEC-RTS-3.6.0\HEC-MetVue\metvue\update_tracking\mil-army-usace-hec-metvue-MetVueGui.xml","File",".xml","826","2026-09-24T00:18:16.0000000Z","False"
"CWMS_RTS","HEC-RTS-3.6.0\HEC-MetVue\metvue\update_tracking\mil-army-usace-hec-metvue-MetVueJars.xml","File",".xml","10675","2026-09-24T00:18:16.0000000Z","False"
"CWMS_RTS","HEC-RTS-3.6.0\HEC-MetVue\metvue\update_tracking\mil-army-usace-hec-metvue-MetVueJarsCommon.xml","File",".xml","2466","2026-09-24T00:18:16.0000000Z","False"
"CWMS_RTS","HEC-RTS-3.6.0\HEC-MetVue\metvue\update_tracking\mil-army-usace-hec-metvue-MetVueJarsGeoTools.xml","File",".xml","13415","2026-09-24T00:18:16.0000000Z","False"
"CWMS_RTS","HEC-RTS-3.6.0\HEC-MetVue\metvue\update_tracking\mil-army-usace-hec-metvue-MetVueJarsUcar.xml","File",".xml","3425","2026-09-24T00:18:16.0000000Z","False"
"CWMS_RTS","HEC-RTS-3.6.0\HEC-MetVue\metvue\update_tracking\mil-army-usace-hec-metvue-MetVuePlugins.xml","File",".xml","565","2026-09-24T00:18:16.0000000Z","False"
"CWMS_RTS","HEC-RTS-3.6.0\HEC-MetVue\metvue\update_tracking\mil-army-usace-hec-metvue-MetVueStorms.xml","File",".xml","561","2026-09-24T00:18:16.0000000Z","False"
"CWMS_RTS","HEC-RTS-3.6.0\HEC-MetVue\metvue\update_tracking\mil-army-usace-hec-metvue-MetVueUtil.xml","File",".xml","553","2026-09-24T00:18:16.0000000Z","False"
"CWMS_RTS","HEC-RTS-3.6.0\HEC-MetVue\metvue\update_tracking\mil-army-usace-hec-metvue-nb.xml","File",".xml","998","2026-09-24T00:18:16.0000000Z","False"
"CWMS_RTS","HEC-RTS-3.6.0\HEC-MetVue\metvue\update_tracking\mil-army-usace-hec-metvue-StormHmr52.xml","File",".xml","553","2026-09-24T00:18:16.0000000Z","False"
"CWMS_RTS","HEC-RTS-3.6.0\HEC-MetVue\metvue\update_tracking\mil-army-usace-hec-metvue-StormHmr55a.xml","File",".xml","673","2026-09-24T00:18:16.0000000Z","False"
"CWMS_RTS","HEC-RTS-3.6.0\HEC-MetVue\metvue\update_tracking\mil-army-usace-hec-metvue-tracing.xml","File",".xml","3532","2026-09-24T00:18:16.0000000Z","False"
"CWMS_RTS","HEC-RTS-3.6.0\HEC-MetVue\platform\config\ModuleAutoDeps\org-apache-commons-commons_io.xml","File",".xml","1703","2026-09-24T00:18:16.0000000Z","False"
"CWMS_RTS","HEC-RTS-3.6.0\HEC-MetVue\platform\config\ModuleAutoDeps\org-netbeans-api-progress.xml","File",".xml","1705","2026-09-24T00:18:16.0000000Z","False"
"CWMS_RTS","HEC-RTS-3.6.0\HEC-MetVue\platform\config\ModuleAutoDeps\org-netbeans-core.xml","File",".xml","4668","2026-09-24T00:18:16.0000000Z","False"
"CWMS_RTS","HEC-RTS-3.6.0\HEC-MetVue\platform\config\ModuleAutoDeps\org-netbeans-core-startup.xml","File",".xml","1605","2026-09-24T00:18:16.0000000Z","False"
"CWMS_RTS","HEC-RTS-3.6.0\HEC-MetVue\platform\config\ModuleAutoDeps\org-netbeans-modules-masterfs.xml","File",".xml","1706","2026-09-24T00:18:16.0000000Z","False"
"CWMS_RTS","HEC-RTS-3.6.0\HEC-MetVue\platform\config\ModuleAutoDeps\org-netbeans-modules-options-api.xml","File",".xml","1680","2026-09-24T00:18:16.0000000Z","False"
"CWMS_RTS","HEC-RTS-3.6.0\HEC-MetVue\platform\config\ModuleAutoDeps\org-netbeans-modules-queries.xml","File",".xml","1669","2026-09-24T00:18:16.0000000Z","False"
"CWMS_RTS","HEC-RTS-3.6.0\HEC-MetVue\platform\config\ModuleAutoDeps\org-openide-execution.xml","File",".xml","2259","2026-09-24T00:18:16.0000000Z","False"
"CWMS_RTS","HEC-RTS-3.6.0\HEC-MetVue\platform\config\ModuleAutoDeps\org-openide-explorer.xml","File",".xml","1616","2026-09-24T00:18:16.0000000Z","False"
"CWMS_RTS","HEC-RTS-3.6.0\HEC-MetVue\platform\config\ModuleAutoDeps\org-openide-filesystems.xml","File",".xml","2190","2026-09-24T00:18:16.0000000Z","False"
"CWMS_RTS","HEC-RTS-3.6.0\HEC-MetVue\platform\config\ModuleAutoDeps\org-openide-loaders.xml","File",".xml","2165","2026-09-24T00:18:16.0000000Z","False"
"CWMS_RTS","HEC-RTS-3.6.0\HEC-MetVue\platform\config\ModuleAutoDeps\org-openide-modules.xml","File",".xml","3028","2026-09-24T00:18:16.0000000Z","False"
"CWMS_RTS","HEC-RTS-3.6.0\HEC-MetVue\platform\config\ModuleAutoDeps\org-openide-nodes.xml","File",".xml","1616","2026-09-24T00:18:16.0000000Z","False"
"CWMS_RTS","HEC-RTS-3.6.0\HEC-MetVue\platform\config\ModuleAutoDeps\org-openide-text.xml","File",".xml","1598","2026-09-24T00:18:16.0000000Z","False"
"CWMS_RTS","HEC-RTS-3.6.0\HEC-MetVue\platform\config\ModuleAutoDeps\org-openide-util.xml","File",".xml","2120","2026-09-24T00:18:16.0000000Z","False"
"CWMS_RTS","HEC-RTS-3.6.0\HEC-MetVue\platform\config\Modules\net-java-html.xml","File",".xml","399","2026-09-24T00:18:16.0000000Z","False"
"CWMS_RTS","HEC-RTS-3.6.0\HEC-MetVue\platform\config\Modules\net-java-html-boot.xml","File",".xml","409","2026-09-24T00:18:16.0000000Z","False"
"CWMS_RTS","HEC-RTS-3.6.0\HEC-MetVue\platform\config\Modules\net-java-html-boot-fx.xml","File",".xml","415","2026-09-24T00:18:16.0000000Z","False"
"CWMS_RTS","HEC-RTS-3.6.0\HEC-MetVue\platform\config\Modules\net-java-html-json.xml","File",".xml","409","2026-09-24T00:18:16.0000000Z","False"
"CWMS_RTS","HEC-RTS-3.6.0\HEC-MetVue\platform\config\Modules\org-apache-commons-codec.xml","File",".xml","421","2026-09-24T00:18:16.0000000Z","False"
"CWMS_RTS","HEC-RTS-3.6.0\HEC-MetVue\platform\config\Modules\org-apache-commons-commons_io.xml","File",".xml","431","2026-09-24T00:18:16.0000000Z","False"
"CWMS_RTS","HEC-RTS-3.6.0\HEC-MetVue\platform\config\Modules\org-netbeans-api-annotations-common.xml","File",".xml","443","2026-09-24T00:18:16.0000000Z","False"
"CWMS_RTS","HEC-RTS-3.6.0\HEC-MetVue\platform\config\Modules\org-netbeans-api-htmlui.xml","File",".xml","419","2026-09-24T00:18:16.0000000Z","False"
"CWMS_RTS","HEC-RTS-3.6.0\HEC-MetVue\platform\config\Modules\org-netbeans-api-intent.xml","File",".xml","419","2026-09-24T00:18:16.0000000Z","False"
"CWMS_RTS","HEC-RTS-3.6.0\HEC-MetVue\platform\config\Modules\org-netbeans-api-io.xml","File",".xml","411","2026-09-24T00:18:16.0000000Z","False"
"CWMS_RTS","HEC-RTS-3.6.0\HEC-MetVue\platform\config\Modules\org-netbeans-api-progress.xml","File",".xml","423","2026-09-24T00:18:16.0000000Z","False"
"CWMS_RTS","HEC-RTS-3.6.0\HEC-MetVue\platform\config\Modules\org-netbeans-api-progress-compat8.xml","File",".xml","439","2026-09-24T00:18:16.0000000Z","False"
"CWMS_RTS","HEC-RTS-3.6.0\HEC-MetVue\platform\config\Modules\org-netbeans-api-progress-nb.xml","File",".xml","429","2026-09-24T00:18:16.0000000Z","False"
"CWMS_RTS","HEC-RTS-3.6.0\HEC-MetVue\platform\config\Modules\org-netbeans-api-scripting.xml","File",".xml","425","2026-09-24T00:18:16.0000000Z","False"
"CWMS_RTS","HEC-RTS-3.6.0\HEC-MetVue\platform\config\Modules\org-netbeans-api-search.xml","File",".xml","419","2026-09-24T00:18:16.0000000Z","False"
"CWMS_RTS","HEC-RTS-3.6.0\HEC-MetVue\platform\config\Modules\org-netbeans-api-templates.xml","File",".xml","425","2026-09-24T00:18:16.0000000Z","False"
"CWMS_RTS","HEC-RTS-3.6.0\HEC-MetVue\platform\config\Modules\org-netbeans-api-visual.xml","File",".xml","419","2026-09-24T00:18:16.0000000Z","False"
"CWMS_RTS","HEC-RTS-3.6.0\HEC-MetVue\platform\config\Modules\org-netbeans-core.xml","File",".xml","447","2026-09-24T00:18:16.0000000Z","False"
"CWMS_RTS","HEC-RTS-3.6.0\HEC-MetVue\platform\config\Modules\org-netbeans-core-execution.xml","File",".xml","427","2026-09-24T00:18:16.0000000Z","False"
"CWMS_RTS","HEC-RTS-3.6.0\HEC-MetVue\platform\config\Modules\org-netbeans-core-io-ui.xml","File",".xml","419","2026-09-24T00:18:16.0000000Z","False"
"CWMS_RTS","HEC-RTS-3.6.0\HEC-MetVue\platform\config\Modules\org-netbeans-core-multitabs.xml","File",".xml","427","2026-09-24T00:18:16.0000000Z","False"
"CWMS_RTS","HEC-RTS-3.6.0\HEC-MetVue\platform\config\Modules\org-netbeans-core-multiview.xml","File",".xml","427","2026-09-24T00:18:16.0000000Z","False"
"CWMS_RTS","HEC-RTS-3.6.0\HEC-MetVue\platform\config\Modules\org-netbeans-core-nativeaccess.xml","File",".xml","433","2026-09-24T00:18:16.0000000Z","False"
"CWMS_RTS","HEC-RTS-3.6.0\HEC-MetVue\platform\config\Modules\org-netbeans-core-netigso.xml","File",".xml","423","2026-09-24T00:18:16.0000000Z","False"
"CWMS_RTS","HEC-RTS-3.6.0\HEC-MetVue\platform\config\Modules\org-netbeans-core-network.xml","File",".xml","423","2026-09-24T00:18:16.0000000Z","False"
"CWMS_RTS","HEC-RTS-3.6.0\HEC-MetVue\platform\config\Modules\org-netbeans-core-osgi.xml","File",".xml","417","2026-09-24T00:18:16.0000000Z","False"
"CWMS_RTS","HEC-RTS-3.6.0\HEC-MetVue\platform\config\Modules\org-netbeans-core-output2.xml","File",".xml","423","2026-09-24T00:18:16.0000000Z","False"
"CWMS_RTS","HEC-RTS-3.6.0\HEC-MetVue\platform\config\Modules\org-netbeans-core-ui.xml","File",".xml","453","2026-09-24T00:18:16.0000000Z","False"
"CWMS_RTS","HEC-RTS-3.6.0\HEC-MetVue\platform\config\Modules\org-netbeans-core-windows.xml","File",".xml","463","2026-09-24T00:18:16.0000000Z","False"
"CWMS_RTS","HEC-RTS-3.6.0\HEC-MetVue\platform\config\Modules\org-netbeans-html-ko4j.xml","File",".xml","417","2026-09-24T00:18:16.0000000Z","False"
"CWMS_RTS","HEC-RTS-3.6.0\HEC-MetVue\platform\config\Modules\org-netbeans-html-xhr4j.xml","File",".xml","419","2026-09-24T00:18:16.0000000Z","False"
"CWMS_RTS","HEC-RTS-3.6.0\HEC-MetVue\platform\config\Modules\org-netbeans-libs-batik-read.xml","File",".xml","429","2026-09-24T00:18:16.0000000Z","False"
"CWMS_RTS","HEC-RTS-3.6.0\HEC-MetVue\platform\config\Modules\org-netbeans-libs-felix.xml","File",".xml","459","2026-09-24T00:18:16.0000000Z","False"
"CWMS_RTS","HEC-RTS-3.6.0\HEC-MetVue\platform\config\Modules\org-netbeans-libs-flatlaf.xml","File",".xml","423","2026-09-24T00:18:16.0000000Z","False"
"CWMS_RTS","HEC-RTS-3.6.0\HEC-MetVue\platform\config\Modules\org-netbeans-libs-javafx.xml","File",".xml","421","2026-09-24T00:18:16.0000000Z","False"
"CWMS_RTS","HEC-RTS-3.6.0\HEC-MetVue\platform\config\Modules\org-netbeans-libs-jna.xml","File",".xml","455","2026-09-24T00:18:16.0000000Z","False"
"CWMS_RTS","HEC-RTS-3.6.0\HEC-MetVue\platform\config\Modules\org-netbeans-libs-jna-platform.xml","File",".xml","433","2026-09-24T00:18:16.0000000Z","False"
"CWMS_RTS","HEC-RTS-3.6.0\HEC-MetVue\platform\config\Modules\org-netbeans-libs-jsr223.xml","File",".xml","421","2026-09-24T00:18:16.0000000Z","False"
"CWMS_RTS","HEC-RTS-3.6.0\HEC-MetVue\platform\config\Modules\org-netbeans-libs-junit4.xml","File",".xml","421","2026-09-24T00:18:16.0000000Z","False"
"CWMS_RTS","HEC-RTS-3.6.0\HEC-MetVue\platform\config\Modules\org-netbeans-libs-junit5.xml","File",".xml","421","2026-09-24T00:18:16.0000000Z","False"
"CWMS_RTS","HEC-RTS-3.6.0\HEC-MetVue\platform\config\Modules\org-netbeans-libs-osgi.xml","File",".xml","417","2026-09-24T00:18:16.0000000Z","False"
"CWMS_RTS","HEC-RTS-3.6.0\HEC-MetVue\platform\config\Modules\org-netbeans-libs-testng.xml","File",".xml","421","2026-09-24T00:18:16.0000000Z","False"
"CWMS_RTS","HEC-RTS-3.6.0\HEC-MetVue\platform\config\Modules\org-netbeans-lib-uihandler.xml","File",".xml","425","2026-09-24T00:18:16.0000000Z","False"
"CWMS_RTS","HEC-RTS-3.6.0\HEC-MetVue\platform\config\Modules\org-netbeans-modules-applemenu.xml","File",".xml","433","2026-09-24T00:18:16.0000000Z","False"
"CWMS_RTS","HEC-RTS-3.6.0\HEC-MetVue\platform\config\Modules\org-netbeans-modules-autoupdate-cli.xml","File",".xml","483","2026-09-24T00:18:16.0000000Z","False"
"CWMS_RTS","HEC-RTS-3.6.0\HEC-MetVue\platform\config\Modules\org-netbeans-modules-autoupdate-services.xml","File",".xml","453","2026-09-24T00:18:16.0000000Z","False"
"CWMS_RTS","HEC-RTS-3.6.0\HEC-MetVue\platform\config\Modules\org-netbeans-modules-autoupdate-ui.xml","File",".xml","481","2026-09-24T00:18:16.0000000Z","False"
"CWMS_RTS","HEC-RTS-3.6.0\HEC-MetVue\platform\config\Modules\org-netbeans-modules-core-kit.xml","File",".xml","471","2026-09-24T00:18:16.0000000Z","False"
"CWMS_RTS","HEC-RTS-3.6.0\HEC-MetVue\platform\config\Modules\org-netbeans-modules-editor-mimelookup.xml","File",".xml","449","2026-09-24T00:18:16.0000000Z","False"
"CWMS_RTS","HEC-RTS-3.6.0\HEC-MetVue\platform\config\Modules\org-netbeans-modules-editor-mimelookup-impl.xml","File",".xml","459","2026-09-24T00:18:16.0000000Z","False"
"CWMS_RTS","HEC-RTS-3.6.0\HEC-MetVue\platform\config\Modules\org-netbeans-modules-favorites.xml","File",".xml","473","2026-09-24T00:18:16.0000000Z","False"
"CWMS_RTS","HEC-RTS-3.6.0\HEC-MetVue\platform\config\Modules\org-netbeans-modules-htmlui.xml","File",".xml","427","2026-09-24T00:18:16.0000000Z","False"
"CWMS_RTS","HEC-RTS-3.6.0\HEC-MetVue\platform\config\Modules\org-netbeans-modules-janitor.xml","File",".xml","429","2026-09-24T00:18:16.0000000Z","False"
"CWMS_RTS","HEC-RTS-3.6.0\HEC-MetVue\platform\config\Modules\org-netbeans-modules-javahelp.xml","File",".xml","431","2026-09-24T00:18:16.0000000Z","False"
"CWMS_RTS","HEC-RTS-3.6.0\HEC-MetVue\platform\config\Modules\org-netbeans-modules-keyring.xml","File",".xml","429","2026-09-24T00:18:16.0000000Z","False"
"CWMS_RTS","HEC-RTS-3.6.0\HEC-MetVue\platform\config\Modules\org-netbeans-modules-keyring-fallback.xml","File",".xml","487","2026-09-24T00:18:16.0000000Z","False"
"CWMS_RTS","HEC-RTS-3.6.0\HEC-MetVue\platform\config\Modules\org-netbeans-modules-keyring-impl.xml","File",".xml","439","2026-09-24T00:18:16.0000000Z","False"
"CWMS_RTS","HEC-RTS-3.6.0\HEC-MetVue\platform\config\Modules\org-netbeans-modules-masterfs.xml","File",".xml","471","2026-09-24T00:18:16.0000000Z","False"
"CWMS_RTS","HEC-RTS-3.6.0\HEC-MetVue\platform\config\Modules\org-netbeans-modules-masterfs-linux.xml","File",".xml","443","2026-09-24T00:18:16.0000000Z","False"
"CWMS_RTS","HEC-RTS-3.6.0\HEC-MetVue\platform\config\Modules\org-netbeans-modules-masterfs-macosx.xml","File",".xml","445","2026-09-24T00:18:16.0000000Z","False"
"CWMS_RTS","HEC-RTS-3.6.0\HEC-MetVue\platform\config\Modules\org-netbeans-modules-masterfs-nio2.xml","File",".xml","441","2026-09-24T00:18:16.0000000Z","False"
"CWMS_RTS","HEC-RTS-3.6.0\HEC-MetVue\platform\config\Modules\org-netbeans-modules-masterfs-ui.xml","File",".xml","437","2026-09-24T00:18:16.0000000Z","False"
"CWMS_RTS","HEC-RTS-3.6.0\HEC-MetVue\platform\config\Modules\org-netbeans-modules-masterfs-windows.xml","File",".xml","447","2026-09-24T00:18:16.0000000Z","False"
"CWMS_RTS","HEC-RTS-3.6.0\HEC-MetVue\platform\config\Modules\org-netbeans-modules-netbinox.xml","File",".xml","431","2026-09-24T00:18:16.0000000Z","False"
"CWMS_RTS","HEC-RTS-3.6.0\HEC-MetVue\platform\config\Modules\org-netbeans-modules-options-api.xml","File",".xml","477","2026-09-24T00:18:16.0000000Z","False"
"CWMS_RTS","HEC-RTS-3.6.0\HEC-MetVue\platform\config\Modules\org-netbeans-modules-options-keymap.xml","File",".xml","483","2026-09-24T00:18:16.0000000Z","False"
"CWMS_RTS","HEC-RTS-3.6.0\HEC-MetVue\platform\config\Modules\org-netbeans-modules-print.xml","File",".xml","465","2026-09-24T00:18:16.0000000Z","False"
"CWMS_RTS","HEC-RTS-3.6.0\HEC-MetVue\platform\config\Modules\org-netbeans-modules-progress-ui.xml","File",".xml","437","2026-09-24T00:18:16.0000000Z","False"
"CWMS_RTS","HEC-RTS-3.6.0\HEC-MetVue\platform\config\Modules\org-netbeans-modules-queries.xml","File",".xml","429","2026-09-24T00:18:16.0000000Z","False"
"CWMS_RTS","HEC-RTS-3.6.0\HEC-MetVue\platform\config\Modules\org-netbeans-modules-sampler.xml","File",".xml","429","2026-09-24T00:18:16.0000000Z","False"
"CWMS_RTS","HEC-RTS-3.6.0\HEC-MetVue\platform\config\Modules\org-netbeans-modules-sendopts.xml","File",".xml","431","2026-09-24T00:18:16.0000000Z","False"
"CWMS_RTS","HEC-RTS-3.6.0\HEC-MetVue\platform\config\Modules\org-netbeans-modules-settings.xml","File",".xml","431","2026-09-24T00:18:16.0000000Z","False"
"CWMS_RTS","HEC-RTS-3.6.0\HEC-MetVue\platform\config\Modules\org-netbeans-modules-spi-actions.xml","File",".xml","437","2026-09-24T00:18:16.0000000Z","False"
"CWMS_RTS","HEC-RTS-3.6.0\HEC-MetVue\platform\config\Modules\org-netbeans-modules-templates.xml","File",".xml","473","2026-09-24T00:18:16.0000000Z","False"
"CWMS_RTS","HEC-RTS-3.6.0\HEC-MetVue\platform\config\Modules\org-netbeans-modules-templatesui.xml","File",".xml","437","2026-09-24T00:18:16.0000000Z","False"
"CWMS_RTS","HEC-RTS-3.6.0\HEC-MetVue\platform\config\Modules\org-netbeans-modules-uihandler.xml","File",".xml","433","2026-09-24T00:18:16.0000000Z","False"
"CWMS_RTS","HEC-RTS-3.6.0\HEC-MetVue\platform\config\Modules\org-netbeans-spi-quicksearch.xml","File",".xml","429","2026-09-24T00:18:16.0000000Z","False"
"CWMS_RTS","HEC-RTS-3.6.0\HEC-MetVue\platform\config\Modules\org-netbeans-swing-laf-dark.xml","File",".xml","427","2026-09-24T00:18:16.0000000Z","False"
"CWMS_RTS","HEC-RTS-3.6.0\HEC-MetVue\platform\config\Modules\org-netbeans-swing-laf-flatlaf.xml","File",".xml","433","2026-09-24T00:18:16.0000000Z","False"
"CWMS_RTS","HEC-RTS-3.6.0\HEC-MetVue\platform\config\Modules\org-netbeans-swing-outline.xml","File",".xml","425","2026-09-24T00:18:16.0000000Z","False"
"CWMS_RTS","HEC-RTS-3.6.0\HEC-MetVue\platform\config\Modules\org-netbeans-swing-plaf.xml","File",".xml","459","2026-09-24T00:18:16.0000000Z","False"
"CWMS_RTS","HEC-RTS-3.6.0\HEC-MetVue\platform\config\Modules\org-netbeans-swing-tabcontrol.xml","File",".xml","431","2026-09-24T00:18:16.0000000Z","False"
"CWMS_RTS","HEC-RTS-3.6.0\HEC-MetVue\platform\config\Modules\org-openide-actions.xml","File",".xml","411","2026-09-24T00:18:16.0000000Z","False"
"CWMS_RTS","HEC-RTS-3.6.0\HEC-MetVue\platform\config\Modules\org-openide-awt.xml","File",".xml","403","2026-09-24T00:18:16.0000000Z","False"
"CWMS_RTS","HEC-RTS-3.6.0\HEC-MetVue\platform\config\Modules\org-openide-compat.xml","File",".xml","409","2026-09-24T00:18:16.0000000Z","False"
"CWMS_RTS","HEC-RTS-3.6.0\HEC-MetVue\platform\config\Modules\org-openide-dialogs.xml","File",".xml","411","2026-09-24T00:18:16.0000000Z","False"
"CWMS_RTS","HEC-RTS-3.6.0\HEC-MetVue\platform\config\Modules\org-openide-execution.xml","File",".xml","415","2026-09-24T00:18:16.0000000Z","False"
"CWMS_RTS","HEC-RTS-3.6.0\HEC-MetVue\platform\config\Modules\org-openide-execution-compat8.xml","File",".xml","431","2026-09-24T00:18:16.0000000Z","False"
"CWMS_RTS","HEC-RTS-3.6.0\HEC-MetVue\platform\config\Modules\org-openide-explorer.xml","File",".xml","413","2026-09-24T00:18:16.0000000Z","False"
"CWMS_RTS","HEC-RTS-3.6.0\HEC-MetVue\platform\config\Modules\org-openide-filesystems-nb.xml","File",".xml","425","2026-09-24T00:18:16.0000000Z","False"
"CWMS_RTS","HEC-RTS-3.6.0\HEC-MetVue\platform\config\Modules\org-openide-io.xml","File",".xml","401","2026-09-24T00:18:16.0000000Z","False"
"CWMS_RTS","HEC-RTS-3.6.0\HEC-MetVue\platform\config\Modules\org-openide-loaders.xml","File",".xml","411","2026-09-24T00:18:16.0000000Z","False"
"CWMS_RTS","HEC-RTS-3.6.0\HEC-MetVue\platform\config\Modules\org-openide-nodes.xml","File",".xml","407","2026-09-24T00:18:16.0000000Z","False"
"CWMS_RTS","HEC-RTS-3.6.0\HEC-MetVue\platform\config\Modules\org-openide-options.xml","File",".xml","411","2026-09-24T00:18:16.0000000Z","False"
"CWMS_RTS","HEC-RTS-3.6.0\HEC-MetVue\platform\config\Modules\org-openide-text.xml","File",".xml","405","2026-09-24T00:18:16.0000000Z","False"
"CWMS_RTS","HEC-RTS-3.6.0\HEC-MetVue\platform\config\Modules\org-openide-util-ui-svg.xml","File",".xml","419","2026-09-24T00:18:16.0000000Z","False"
"CWMS_RTS","HEC-RTS-3.6.0\HEC-MetVue\platform\config\Modules\org-openide-windows.xml","File",".xml","411","2026-09-24T00:18:16.0000000Z","False"
"CWMS_RTS","HEC-RTS-3.6.0\HEC-MetVue\platform\modules\ext\batik-script-1.17.jar","File",".jar","24654","2026-09-24T00:18:16.0000000Z","False"
"CWMS_RTS","HEC-RTS-3.6.0\HEC-MetVue\platform\modules\org-netbeans-api-scripting.jar","File",".jar","206607","2026-09-24T00:18:16.0000000Z","False"
"CWMS_RTS","HEC-RTS-3.6.0\HEC-MetVue\platform\update_tracking\net-java-html.xml","File",".xml","354","2026-09-24T00:18:16.0000000Z","False"
"CWMS_RTS","HEC-RTS-3.6.0\HEC-MetVue\platform\update_tracking\net-java-html-boot.xml","File",".xml","368","2026-09-24T00:18:16.0000000Z","False"
"CWMS_RTS","HEC-RTS-3.6.0\HEC-MetVue\platform\update_tracking\net-java-html-boot-fx.xml","File",".xml","377","2026-09-24T00:18:16.0000000Z","False"
"CWMS_RTS","HEC-RTS-3.6.0\HEC-MetVue\platform\update_tracking\net-java-html-json.xml","File",".xml","368","2026-09-24T00:18:16.0000000Z","False"
"CWMS_RTS","HEC-RTS-3.6.0\HEC-MetVue\platform\update_tracking\org-apache-commons-codec.xml","File",".xml","388","2026-09-24T00:18:16.0000000Z","False"
"CWMS_RTS","HEC-RTS-3.6.0\HEC-MetVue\platform\update_tracking\org-apache-commons-commons_io.xml","File",".xml","579","2026-09-24T00:18:16.0000000Z","False"
"CWMS_RTS","HEC-RTS-3.6.0\HEC-MetVue\platform\update_tracking\org-netbeans-api-annotations-common.xml","File",".xml","426","2026-09-24T00:18:16.0000000Z","False"
"CWMS_RTS","HEC-RTS-3.6.0\HEC-MetVue\platform\update_tracking\org-netbeans-api-htmlui.xml","File",".xml","388","2026-09-24T00:18:16.0000000Z","False"
"CWMS_RTS","HEC-RTS-3.6.0\HEC-MetVue\platform\update_tracking\org-netbeans-api-intent.xml","File",".xml","387","2026-09-24T00:18:16.0000000Z","False"
"CWMS_RTS","HEC-RTS-3.6.0\HEC-MetVue\platform\update_tracking\org-netbeans-api-io.xml","File",".xml","376","2026-09-24T00:18:16.0000000Z","False"
"CWMS_RTS","HEC-RTS-3.6.0\HEC-MetVue\platform\update_tracking\org-netbeans-api-progress.xml","File",".xml","490","2026-09-24T00:18:16.0000000Z","False"
"CWMS_RTS","HEC-RTS-3.6.0\HEC-MetVue\platform\update_tracking\org-netbeans-api-progress-compat8.xml","File",".xml","418","2026-09-24T00:18:16.0000000Z","False"
"CWMS_RTS","HEC-RTS-3.6.0\HEC-MetVue\platform\update_tracking\org-netbeans-api-progress-nb.xml","File",".xml","403","2026-09-24T00:18:16.0000000Z","False"
"CWMS_RTS","HEC-RTS-3.6.0\HEC-MetVue\platform\update_tracking\org-netbeans-api-scripting.xml","File",".xml","398","2026-09-24T00:18:16.0000000Z","False"
"CWMS_RTS","HEC-RTS-3.6.0\HEC-MetVue\platform\update_tracking\org-netbeans-api-search.xml","File",".xml","388","2026-09-24T00:18:16.0000000Z","False"
"CWMS_RTS","HEC-RTS-3.6.0\HEC-MetVue\platform\update_tracking\org-netbeans-api-templates.xml","File",".xml","397","2026-09-24T00:18:16.0000000Z","False"
"CWMS_RTS","HEC-RTS-3.6.0\HEC-MetVue\platform\update_tracking\org-netbeans-api-visual.xml","File",".xml","389","2026-09-24T00:18:16.0000000Z","False"
"CWMS_RTS","HEC-RTS-3.6.0\HEC-MetVue\platform\update_tracking\org-netbeans-bootstrap.xml","File",".xml","562","2026-09-24T00:18:16.0000000Z","False"
"CWMS_RTS","HEC-RTS-3.6.0\HEC-MetVue\platform\update_tracking\org-netbeans-core.xml","File",".xml","457","2026-09-24T00:18:16.0000000Z","False"
"CWMS_RTS","HEC-RTS-3.6.0\HEC-MetVue\platform\update_tracking\org-netbeans-core-execution.xml","File",".xml","402","2026-09-24T00:18:16.0000000Z","False"
"CWMS_RTS","HEC-RTS-3.6.0\HEC-MetVue\platform\update_tracking\org-netbeans-core-io-ui.xml","File",".xml","390","2026-09-24T00:18:16.0000000Z","False"
"CWMS_RTS","HEC-RTS-3.6.0\HEC-MetVue\platform\update_tracking\org-netbeans-core-multitabs.xml","File",".xml","407","2026-09-24T00:18:16.0000000Z","False"
"CWMS_RTS","HEC-RTS-3.6.0\HEC-MetVue\platform\update_tracking\org-netbeans-core-multiview.xml","File",".xml","403","2026-09-24T00:18:16.0000000Z","False"
"CWMS_RTS","HEC-RTS-3.6.0\HEC-MetVue\platform\update_tracking\org-netbeans-core-nativeaccess.xml","File",".xml","412","2026-09-24T00:18:16.0000000Z","False"
"CWMS_RTS","HEC-RTS-3.6.0\HEC-MetVue\platform\update_tracking\org-netbeans-core-netigso.xml","File",".xml","394","2026-09-24T00:18:16.0000000Z","False"
"CWMS_RTS","HEC-RTS-3.6.0\HEC-MetVue\platform\update_tracking\org-netbeans-core-network.xml","File",".xml","395","2026-09-24T00:18:16.0000000Z","False"
"CWMS_RTS","HEC-RTS-3.6.0\HEC-MetVue\platform\update_tracking\org-netbeans-core-osgi.xml","File",".xml","386","2026-09-24T00:18:16.0000000Z","False"
"CWMS_RTS","HEC-RTS-3.6.0\HEC-MetVue\platform\update_tracking\org-netbeans-core-output2.xml","File",".xml","397","2026-09-24T00:18:16.0000000Z","False"
"CWMS_RTS","HEC-RTS-3.6.0\HEC-MetVue\platform\update_tracking\org-netbeans-core-startup.xml","File",".xml","383","2026-09-24T00:18:16.0000000Z","False"
"CWMS_RTS","HEC-RTS-3.6.0\HEC-MetVue\platform\update_tracking\org-netbeans-core-startup-base.xml","File",".xml","299","2026-09-24T00:18:16.0000000Z","False"
"CWMS_RTS","HEC-RTS-3.6.0\HEC-MetVue\platform\update_tracking\org-netbeans-core-ui.xml","File",".xml","381","2026-09-24T00:18:16.0000000Z","False"
"CWMS_RTS","HEC-RTS-3.6.0\HEC-MetVue\platform\update_tracking\org-netbeans-core-windows.xml","File",".xml","397","2026-09-24T00:18:16.0000000Z","False"
"CWMS_RTS","HEC-RTS-3.6.0\HEC-MetVue\platform\update_tracking\org-netbeans-html-ko4j.xml","File",".xml","380","2026-09-24T00:18:16.0000000Z","False"
"CWMS_RTS","HEC-RTS-3.6.0\HEC-MetVue\platform\update_tracking\org-netbeans-html-xhr4j.xml","File",".xml","383","2026-09-24T00:18:16.0000000Z","False"
"CWMS_RTS","HEC-RTS-3.6.0\HEC-MetVue\platform\update_tracking\org-netbeans-libs-asm.xml","File",".xml","484","2026-09-24T00:18:16.0000000Z","False"
"CWMS_RTS","HEC-RTS-3.6.0\HEC-MetVue\platform\update_tracking\org-netbeans-libs-batik-read.xml","File",".xml","1665","2026-09-24T00:18:16.0000000Z","False"
"CWMS_RTS","HEC-RTS-3.6.0\HEC-MetVue\platform\update_tracking\org-netbeans-libs-felix.xml","File",".xml","473","2026-09-24T00:18:16.0000000Z","False"
"CWMS_RTS","HEC-RTS-3.6.0\HEC-MetVue\platform\update_tracking\org-netbeans-libs-flatlaf.xml","File",".xml","944","2026-09-24T00:18:16.0000000Z","False"
"CWMS_RTS","HEC-RTS-3.6.0\HEC-MetVue\platform\update_tracking\org-netbeans-libs-javafx.xml","File",".xml","392","2026-09-24T00:18:16.0000000Z","False"
"CWMS_RTS","HEC-RTS-3.6.0\HEC-MetVue\platform\update_tracking\org-netbeans-libs-jna.xml","File",".xml","1204","2026-09-24T00:18:16.0000000Z","False"
"CWMS_RTS","HEC-RTS-3.6.0\HEC-MetVue\platform\update_tracking\org-netbeans-libs-jna-platform.xml","File",".xml","489","2026-09-24T00:18:16.0000000Z","False"
"CWMS_RTS","HEC-RTS-3.6.0\HEC-MetVue\platform\update_tracking\org-netbeans-libs-jsr223.xml","File",".xml","394","2026-09-24T00:18:16.0000000Z","False"
"CWMS_RTS","HEC-RTS-3.6.0\HEC-MetVue\platform\update_tracking\org-netbeans-libs-junit4.xml","File",".xml","536","2026-09-24T00:18:16.0000000Z","False"
"CWMS_RTS","HEC-RTS-3.6.0\HEC-MetVue\platform\update_tracking\org-netbeans-libs-junit5.xml","File",".xml","638","2026-09-24T00:18:16.0000000Z","False"
"CWMS_RTS","HEC-RTS-3.6.0\HEC-MetVue\platform\update_tracking\org-netbeans-libs-osgi.xml","File",".xml","531","2026-09-24T00:18:16.0000000Z","False"
"CWMS_RTS","HEC-RTS-3.6.0\HEC-MetVue\platform\update_tracking\org-netbeans-libs-testng.xml","File",".xml","610","2026-09-24T00:18:16.0000000Z","False"
"CWMS_RTS","HEC-RTS-3.6.0\HEC-MetVue\platform\update_tracking\org-netbeans-lib-uihandler.xml","File",".xml","398","2026-09-24T00:18:16.0000000Z","False"
"CWMS_RTS","HEC-RTS-3.6.0\HEC-MetVue\platform\update_tracking\org-netbeans-modules-applemenu.xml","File",".xml","412","2026-09-24T00:18:16.0000000Z","False"
"CWMS_RTS","HEC-RTS-3.6.0\HEC-MetVue\platform\update_tracking\org-netbeans-modules-autoupdate-cli.xml","File",".xml","425","2026-09-24T00:18:16.0000000Z","False"
"CWMS_RTS","HEC-RTS-3.6.0\HEC-MetVue\platform\update_tracking\org-netbeans-modules-autoupdate-services.xml","File",".xml","503","2026-09-24T00:18:16.0000000Z","False"
"CWMS_RTS","HEC-RTS-3.6.0\HEC-MetVue\platform\update_tracking\org-netbeans-modules-autoupdate-ui.xml","File",".xml","421","2026-09-24T00:18:16.0000000Z","False"
"CWMS_RTS","HEC-RTS-3.6.0\HEC-MetVue\platform\update_tracking\org-netbeans-modules-core-kit.xml","File",".xml","459","2026-09-24T00:18:16.0000000Z","False"
"CWMS_RTS","HEC-RTS-3.6.0\HEC-MetVue\platform\update_tracking\org-netbeans-modules-editor-mimelookup.xml","File",".xml","435","2026-09-24T00:18:16.0000000Z","False"
"CWMS_RTS","HEC-RTS-3.6.0\HEC-MetVue\platform\update_tracking\org-netbeans-modules-editor-mimelookup-impl.xml","File",".xml","451","2026-09-24T00:18:16.0000000Z","False"
"CWMS_RTS","HEC-RTS-3.6.0\HEC-MetVue\platform\update_tracking\org-netbeans-modules-favorites.xml","File",".xml","412","2026-09-24T00:18:16.0000000Z","False"
"CWMS_RTS","HEC-RTS-3.6.0\HEC-MetVue\platform\update_tracking\org-netbeans-modules-htmlui.xml","File",".xml","400","2026-09-24T00:18:16.0000000Z","False"
"CWMS_RTS","HEC-RTS-3.6.0\HEC-MetVue\platform\update_tracking\org-netbeans-modules-janitor.xml","File",".xml","404","2026-09-24T00:18:16.0000000Z","False"
"CWMS_RTS","HEC-RTS-3.6.0\HEC-MetVue\platform\update_tracking\org-netbeans-modules-javahelp.xml","File",".xml","409","2026-09-24T00:18:16.0000000Z","False"
"CWMS_RTS","HEC-RTS-3.6.0\HEC-MetVue\platform\update_tracking\org-netbeans-modules-keyring.xml","File",".xml","404","2026-09-24T00:18:16.0000000Z","False"
"CWMS_RTS","HEC-RTS-3.6.0\HEC-MetVue\platform\update_tracking\org-netbeans-modules-keyring-fallback.xml","File",".xml","431","2026-09-24T00:18:16.0000000Z","False"
"CWMS_RTS","HEC-RTS-3.6.0\HEC-MetVue\platform\update_tracking\org-netbeans-modules-keyring-impl.xml","File",".xml","417","2026-09-24T00:18:16.0000000Z","False"
"CWMS_RTS","HEC-RTS-3.6.0\HEC-MetVue\platform\update_tracking\org-netbeans-modules-masterfs.xml","File",".xml","510","2026-09-24T00:18:16.0000000Z","False"
"CWMS_RTS","HEC-RTS-3.6.0\HEC-MetVue\platform\update_tracking\org-netbeans-modules-masterfs-linux.xml","File",".xml","424","2026-09-24T00:18:16.0000000Z","False"
"CWMS_RTS","HEC-RTS-3.6.0\HEC-MetVue\platform\update_tracking\org-netbeans-modules-masterfs-macosx.xml","File",".xml","428","2026-09-24T00:18:16.0000000Z","False"
"CWMS_RTS","HEC-RTS-3.6.0\HEC-MetVue\platform\update_tracking\org-netbeans-modules-masterfs-nio2.xml","File",".xml","421","2026-09-24T00:18:16.0000000Z","False"
"CWMS_RTS","HEC-RTS-3.6.0\HEC-MetVue\platform\update_tracking\org-netbeans-modules-masterfs-ui.xml","File",".xml","420","2026-09-24T00:18:16.0000000Z","False"
"CWMS_RTS","HEC-RTS-3.6.0\HEC-MetVue\platform\update_tracking\org-netbeans-modules-masterfs-windows.xml","File",".xml","430","2026-09-24T00:18:16.0000000Z","False"
"CWMS_RTS","HEC-RTS-3.6.0\HEC-MetVue\platform\update_tracking\org-netbeans-modules-netbinox.xml","File",".xml","490","2026-09-24T00:18:16.0000000Z","False"
"CWMS_RTS","HEC-RTS-3.6.0\HEC-MetVue\platform\update_tracking\org-netbeans-modules-options-api.xml","File",".xml","518","2026-09-24T00:18:16.0000000Z","False"
"CWMS_RTS","HEC-RTS-3.6.0\HEC-MetVue\platform\update_tracking\org-netbeans-modules-options-keymap.xml","File",".xml","425","2026-09-24T00:18:16.0000000Z","False"
"CWMS_RTS","HEC-RTS-3.6.0\HEC-MetVue\platform\update_tracking\org-netbeans-modules-print.xml","File",".xml","398","2026-09-24T00:18:16.0000000Z","False"
"CWMS_RTS","HEC-RTS-3.6.0\HEC-MetVue\platform\update_tracking\org-netbeans-modules-progress-ui.xml","File",".xml","416","2026-09-24T00:18:16.0000000Z","False"
"CWMS_RTS","HEC-RTS-3.6.0\HEC-MetVue\platform\update_tracking\org-netbeans-modules-queries.xml","File",".xml","502","2026-09-24T00:18:16.0000000Z","False"
"CWMS_RTS","HEC-RTS-3.6.0\HEC-MetVue\platform\update_tracking\org-netbeans-modules-sampler.xml","File",".xml","403","2026-09-24T00:18:16.0000000Z","False"
"CWMS_RTS","HEC-RTS-3.6.0\HEC-MetVue\platform\update_tracking\org-netbeans-modules-sendopts.xml","File",".xml","409","2026-09-24T00:18:16.0000000Z","False"
"CWMS_RTS","HEC-RTS-3.6.0\HEC-MetVue\platform\update_tracking\org-netbeans-modules-settings.xml","File",".xml","408","2026-09-24T00:18:16.0000000Z","False"
"CWMS_RTS","HEC-RTS-3.6.0\HEC-MetVue\platform\update_tracking\org-netbeans-modules-spi-actions.xml","File",".xml","418","2026-09-24T00:18:16.0000000Z","False"
"CWMS_RTS","HEC-RTS-3.6.0\HEC-MetVue\platform\update_tracking\org-netbeans-modules-templates.xml","File",".xml","412","2026-09-24T00:18:16.0000000Z","False"
"CWMS_RTS","HEC-RTS-3.6.0\HEC-MetVue\platform\update_tracking\org-netbeans-modules-templatesui.xml","File",".xml","415","2026-09-24T00:18:16.0000000Z","False"
"CWMS_RTS","HEC-RTS-3.6.0\HEC-MetVue\platform\update_tracking\org-netbeans-modules-uihandler.xml","File",".xml","410","2026-09-24T00:18:16.0000000Z","False"
"CWMS_RTS","HEC-RTS-3.6.0\HEC-MetVue\platform\update_tracking\org-netbeans-spi-quicksearch.xml","File",".xml","404","2026-09-24T00:18:16.0000000Z","False"
"CWMS_RTS","HEC-RTS-3.6.0\HEC-MetVue\platform\update_tracking\org-netbeans-swing-laf-dark.xml","File",".xml","407","2026-09-24T00:18:16.0000000Z","False"
"CWMS_RTS","HEC-RTS-3.6.0\HEC-MetVue\platform\update_tracking\org-netbeans-swing-laf-flatlaf.xml","File",".xml","410","2026-09-24T00:18:16.0000000Z","False"
"CWMS_RTS","HEC-RTS-3.6.0\HEC-MetVue\platform\update_tracking\org-netbeans-swing-outline.xml","File",".xml","397","2026-09-24T00:18:16.0000000Z","False"
"CWMS_RTS","HEC-RTS-3.6.0\HEC-MetVue\platform\update_tracking\org-netbeans-swing-plaf.xml","File",".xml","389","2026-09-24T00:18:16.0000000Z","False"
"CWMS_RTS","HEC-RTS-3.6.0\HEC-MetVue\platform\update_tracking\org-netbeans-swing-tabcontrol.xml","File",".xml","406","2026-09-24T00:18:16.0000000Z","False"
"CWMS_RTS","HEC-RTS-3.6.0\HEC-MetVue\platform\update_tracking\org-openide-actions.xml","File",".xml","377","2026-09-24T00:18:16.0000000Z","False"
"CWMS_RTS","HEC-RTS-3.6.0\HEC-MetVue\platform\update_tracking\org-openide-awt.xml","File",".xml","365","2026-09-24T00:18:16.0000000Z","False"
"CWMS_RTS","HEC-RTS-3.6.0\HEC-MetVue\platform\update_tracking\org-openide-compat.xml","File",".xml","374","2026-09-24T00:18:16.0000000Z","False"
"CWMS_RTS","HEC-RTS-3.6.0\HEC-MetVue\platform\update_tracking\org-openide-dialogs.xml","File",".xml","376","2026-09-24T00:18:16.0000000Z","False"
"CWMS_RTS","HEC-RTS-3.6.0\HEC-MetVue\platform\update_tracking\org-openide-execution.xml","File",".xml","472","2026-09-24T00:18:16.0000000Z","False"
"CWMS_RTS","HEC-RTS-3.6.0\HEC-MetVue\platform\update_tracking\org-openide-execution-compat8.xml","File",".xml","406","2026-09-24T00:18:16.0000000Z","False"
"CWMS_RTS","HEC-RTS-3.6.0\HEC-MetVue\platform\update_tracking\org-openide-explorer.xml","File",".xml","467","2026-09-24T00:18:16.0000000Z","False"
"CWMS_RTS","HEC-RTS-3.6.0\HEC-MetVue\platform\update_tracking\org-openide-filesystems.xml","File",".xml","392","2026-09-24T00:18:16.0000000Z","False"
"CWMS_RTS","HEC-RTS-3.6.0\HEC-MetVue\platform\update_tracking\org-openide-filesystems-compat8.xml","File",".xml","318","2026-09-24T00:18:16.0000000Z","False"
"CWMS_RTS","HEC-RTS-3.6.0\HEC-MetVue\platform\update_tracking\org-openide-filesystems-nb.xml","File",".xml","397","2026-09-24T00:18:16.0000000Z","False"
"CWMS_RTS","HEC-RTS-3.6.0\HEC-MetVue\platform\update_tracking\org-openide-io.xml","File",".xml","362","2026-09-24T00:18:16.0000000Z","False"
"CWMS_RTS","HEC-RTS-3.6.0\HEC-MetVue\platform\update_tracking\org-openide-loaders.xml","File",".xml","461","2026-09-24T00:18:16.0000000Z","False"
"CWMS_RTS","HEC-RTS-3.6.0\HEC-MetVue\platform\update_tracking\org-openide-modules.xml","File",".xml","380","2026-09-24T00:18:16.0000000Z","False"
"CWMS_RTS","HEC-RTS-3.6.0\HEC-MetVue\platform\update_tracking\org-openide-nodes.xml","File",".xml","456","2026-09-24T00:18:16.0000000Z","False"
"CWMS_RTS","HEC-RTS-3.6.0\HEC-MetVue\platform\update_tracking\org-openide-options.xml","File",".xml","377","2026-09-24T00:18:16.0000000Z","False"
"CWMS_RTS","HEC-RTS-3.6.0\HEC-MetVue\platform\update_tracking\org-openide-text.xml","File",".xml","451","2026-09-24T00:18:16.0000000Z","False"
"CWMS_RTS","HEC-RTS-3.6.0\HEC-MetVue\platform\update_tracking\org-openide-util.xml","File",".xml","370","2026-09-24T00:18:16.0000000Z","False"
"CWMS_RTS","HEC-RTS-3.6.0\HEC-MetVue\platform\update_tracking\org-openide-util-lookup.xml","File",".xml","301","2026-09-24T00:18:16.0000000Z","False"
"CWMS_RTS","HEC-RTS-3.6.0\HEC-MetVue\platform\update_tracking\org-openide-util-ui.xml","File",".xml","293","2026-09-24T00:18:16.0000000Z","False"
"CWMS_RTS","HEC-RTS-3.6.0\HEC-MetVue\platform\update_tracking\org-openide-util-ui-svg.xml","File",".xml","387","2026-09-24T00:18:16.0000000Z","False"
"CWMS_RTS","HEC-RTS-3.6.0\HEC-MetVue\platform\update_tracking\org-openide-windows.xml","File",".xml","378","2026-09-24T00:18:16.0000000Z","False"
"CWMS_RTS","HEC-RTS-3.6.0\HEC-MetVue\utilities\windows\AddTin.cmd","File",".cmd","2127","2026-09-24T00:18:16.0000000Z","False"
"CWMS_RTS","HEC-RTS-3.6.0\HEC-MetVue\utilities\windows\BasinComps.cmd","File",".cmd","2150","2026-09-24T00:18:16.0000000Z","False"
"CWMS_RTS","HEC-RTS-3.6.0\HEC-MetVue\utilities\windows\CalRad.cmd","File",".cmd","2127","2026-09-24T00:18:16.0000000Z","False"
"CWMS_RTS","HEC-RTS-3.6.0\HEC-MetVue\utilities\windows\DeploymentAid.cmd","File",".cmd","2137","2026-09-24T00:18:16.0000000Z","False"
"CWMS_RTS","HEC-RTS-3.6.0\HEC-MetVue\utilities\windows\DepthAreaToTin.cmd","File",".cmd","2162","2026-09-24T00:18:16.0000000Z","False"
"CWMS_RTS","HEC-RTS-3.6.0\HEC-MetVue\utilities\windows\GageToTin.cmd","File",".cmd","2136","2026-09-24T00:18:16.0000000Z","False"
"CWMS_RTS","HEC-RTS-3.6.0\HEC-MetVue\utilities\windows\GridReader.cmd","File",".cmd","2139","2026-09-24T00:18:16.0000000Z","False"
"CWMS_RTS","HEC-RTS-3.6.0\HEC-MetVue\utilities\windows\ImageSnapshot.cmd","File",".cmd","2135","2026-09-24T00:18:16.0000000Z","False"
"CWMS_RTS","HEC-RTS-3.6.0\HEC-MetVue\utilities\windows\MetCalculator.cmd","File",".cmd","2109","2026-09-24T00:18:16.0000000Z","False"
"CWMS_RTS","HEC-RTS-3.6.0\HEC-MetVue\utilities\windows\MetInterp.cmd","File",".cmd","2101","2026-09-24T00:18:16.0000000Z","False"
"CWMS_RTS","HEC-RTS-3.6.0\HEC-MetVue\utilities\windows\NCGribExtractor.cmd","File",".cmd","2160","2026-09-24T00:18:16.0000000Z","False"
"CWMS_RTS","HEC-RTS-3.6.0\HEC-MetVue\utilities\windows\ProjectTinToGrid.cmd","File",".cmd","2157","2026-09-24T00:18:16.0000000Z","False"
"CWMS_RTS","HEC-RTS-3.6.0\HEC-MetVue\utilities\windows\TriangulateTin.cmd","File",".cmd","2151","2026-09-24T00:18:16.0000000Z","False"
"CWMS_RTS","HEC-RTS-3.6.0\HEC-ResSim\4.1\config\HEC-ResSim - Personal.config","File",".config","1006","2026-09-24T00:18:08.0000000Z","False"
"CWMS_RTS","HEC-RTS-3.6.0\HEC-ResSim\4.1\config\iconimage.properties","File",".properties","2440","2026-09-24T00:18:08.0000000Z","False"
"CWMS_RTS","HEC-RTS-3.6.0\HEC-ResSim\4.1\config\logger.properties","File",".properties","99","2026-09-24T00:18:08.0000000Z","False"
"CWMS_RTS","HEC-RTS-3.6.0\HEC-ResSim\4.1\config\logging.properties","File",".properties","4512","2026-09-24T00:18:08.0000000Z","False"
"CWMS_RTS","HEC-RTS-3.6.0\HEC-ResSim\4.1\config\properties\login.properties","File",".properties","48","2026-09-24T00:18:08.0000000Z","False"
"CWMS_RTS","HEC-RTS-3.6.0\HEC-ResSim\4.1\DBF-FileViewer.config","File",".config","2889","2026-09-24T00:18:08.0000000Z","False"
"CWMS_RTS","HEC-RTS-3.6.0\HEC-ResSim\4.1\Examples\ExampleWatersheds.zip","File",".zip","43642827","2026-09-24T00:18:08.0000000Z","False"
"CWMS_RTS","HEC-RTS-3.6.0\HEC-ResSim\4.1\HEC-ResSim.config","File",".config","4574","2026-09-24T00:18:08.0000000Z","False"
"CWMS_RTS","HEC-RTS-3.6.0\HEC-ResSim\4.1\Install Personal Config and Definition Files - README.txt","File",".txt","5114","2026-09-24T00:18:08.0000000Z","False"
"CWMS_RTS","HEC-RTS-3.6.0\HEC-ResSim\4.1\jar\dssgui-script-3.4.18.jar","File",".jar","4640","2026-09-24T00:18:08.0000000Z","False"
"CWMS_RTS","HEC-RTS-3.6.0\HEC-ResSim\4.1\jar\hec-script-gui-4.0.0.jar","File",".jar","63157","2026-09-24T00:18:08.0000000Z","False"
"CWMS_RTS","HEC-RTS-3.6.0\HEC-ResSim\4.1\jar\hec-watershed-2.1.1.jar","File",".jar","836997","2026-09-24T00:18:08.0000000Z","False"
"CWMS_RTS","HEC-RTS-3.6.0\HEC-ResSim\4.1\jar\ResSimScriptCompat-4.1.2.jar","File",".jar","1429","2026-09-24T00:18:08.0000000Z","False"
"CWMS_RTS","HEC-RTS-3.6.0\HEC-ResSim\4.1\jar\sys\batik-script-1.16.jar","File",".jar","25198","2026-09-24T00:18:08.0000000Z","False"
"CWMS_RTS","HEC-RTS-3.6.0\HEC-ResSim\4.1\jar\sys\jython-standalone-2.7.3.jar","File",".jar","47288881","2026-09-24T00:18:10.0000000Z","False"
"CWMS_RTS","HEC-RTS-3.6.0\HEC-ResSim\4.1\java\bin\jrunscript.exe","File",".exe","23656","2026-09-24T00:18:10.0000000Z","False"
"CWMS_RTS","HEC-RTS-3.6.0\HEC-ResSim\4.1\java\conf\jaxp.properties","File",".properties","7302","2026-09-24T00:18:10.0000000Z","False"
"CWMS_RTS","HEC-RTS-3.6.0\HEC-ResSim\4.1\java\conf\logging.properties","File",".properties","2732","2026-09-24T00:18:10.0000000Z","False"
"CWMS_RTS","HEC-RTS-3.6.0\HEC-ResSim\4.1\java\conf\management\management.properties","File",".properties","14988","2026-09-24T00:18:10.0000000Z","False"
"CWMS_RTS","HEC-RTS-3.6.0\HEC-ResSim\4.1\java\conf\net.properties","File",".properties","7504","2026-09-24T00:18:10.0000000Z","False"
"CWMS_RTS","HEC-RTS-3.6.0\HEC-ResSim\4.1\java\conf\security\policy\README.txt","File",".txt","2390","2026-09-24T00:18:10.0000000Z","False"
"CWMS_RTS","HEC-RTS-3.6.0\HEC-ResSim\4.1\java\conf\sound.properties","File",".properties","1210","2026-09-24T00:18:10.0000000Z","False"
"CWMS_RTS","HEC-RTS-3.6.0\HEC-ResSim\4.1\java\jmods\java.scripting.jmod","File",".jmod","56324","2026-09-24T00:18:10.0000000Z","False"
"CWMS_RTS","HEC-RTS-3.6.0\HEC-ResSim\4.1\java\legal\java.scripting\ADDITIONAL_LICENSE_INFO","File","","49","2026-09-24T00:18:10.0000000Z","False"
"CWMS_RTS","HEC-RTS-3.6.0\HEC-ResSim\4.1\java\legal\java.scripting\ASSEMBLY_EXCEPTION","File","","44","2026-09-24T00:18:10.0000000Z","False"
"CWMS_RTS","HEC-RTS-3.6.0\HEC-ResSim\4.1\java\legal\java.scripting\LICENSE","File","","33","2026-09-24T00:18:10.0000000Z","False"
"CWMS_RTS","HEC-RTS-3.6.0\HEC-ResSim\4.1\java\lib\jvm.cfg","File",".cfg","29","2026-09-24T00:18:10.0000000Z","False"
"CWMS_RTS","HEC-RTS-3.6.0\HEC-ResSim\4.1\java\lib\psfontj2d.properties","File",".properties","11390","2026-09-24T00:18:12.0000000Z","False"
"CWMS_RTS","HEC-RTS-3.6.0\HEC-ResSim\4.1\javaDocs\hec\clientapp\io\WatershedInfoFile.html","File",".html","22668","2026-09-24T00:18:12.0000000Z","False"
"CWMS_RTS","HEC-RTS-3.6.0\HEC-ResSim\4.1\javaDocs\hec\clientapp\model\AbstractSimulation.html","File",".html","108529","2026-09-24T00:18:12.0000000Z","False"
"CWMS_RTS","HEC-RTS-3.6.0\HEC-ResSim\4.1\javaDocs\hec\clientapp\model\Simulation.html","File",".html","32806","2026-09-24T00:18:12.0000000Z","False"
"CWMS_RTS","HEC-RTS-3.6.0\HEC-ResSim\4.1\javaDocs\hec\clientapp\model\SimulationExtract.html","File",".html","7866","2026-09-24T00:18:12.0000000Z","False"
"CWMS_RTS","HEC-RTS-3.6.0\HEC-ResSim\4.1\javaDocs\hec\clientapp\model\SimulationPeriod.html","File",".html","126604","2026-09-24T00:18:12.0000000Z","False"
"CWMS_RTS","HEC-RTS-3.6.0\HEC-ResSim\4.1\javaDocs\hec\clientapp\model\SimulationRun.html","File",".html","114654","2026-09-24T00:18:12.0000000Z","False"
"CWMS_RTS","HEC-RTS-3.6.0\HEC-ResSim\4.1\javaDocs\hec\clientapp\model\SimulationTrialRun.html","File",".html","67988","2026-09-24T00:18:12.0000000Z","False"
"CWMS_RTS","HEC-RTS-3.6.0\HEC-ResSim\4.1\javaDocs\hec\clientapp\script\AbstractScriptEditor.DummyGutter.html","File",".html","99929","2026-09-24T00:18:12.0000000Z","False"
"CWMS_RTS","HEC-RTS-3.6.0\HEC-ResSim\4.1\javaDocs\hec\clientapp\script\AbstractScriptEditor.FolderNode.html","File",".html","26687","2026-09-24T00:18:12.0000000Z","False"
"CWMS_RTS","HEC-RTS-3.6.0\HEC-ResSim\4.1\javaDocs\hec\clientapp\script\AbstractScriptEditor.html","File",".html","242523","2026-09-24T00:18:12.0000000Z","False"
"CWMS_RTS","HEC-RTS-3.6.0\HEC-ResSim\4.1\javaDocs\hec\clientapp\script\AbstractScriptEditor.ScriptTextArea.html","File",".html","139474","2026-09-24T00:18:12.0000000Z","False"
"CWMS_RTS","HEC-RTS-3.6.0\HEC-ResSim\4.1\javaDocs\hec\clientapp\script\AbstractScriptEditor.ScriptTreeModel.html","File",".html","24536","2026-09-24T00:18:12.0000000Z","False"
"CWMS_RTS","HEC-RTS-3.6.0\HEC-ResSim\4.1\javaDocs\hec\clientapp\script\AbstractScriptEditor.TabFixTextAreaUI.html","File",".html","27023","2026-09-24T00:18:12.0000000Z","False"
"CWMS_RTS","HEC-RTS-3.6.0\HEC-ResSim\4.1\javaDocs\hec\clientapp\script\package-summary.html","File",".html","6020","2026-09-24T00:18:12.0000000Z","False"
"CWMS_RTS","HEC-RTS-3.6.0\HEC-ResSim\4.1\javaDocs\hec\clientapp\script\package-tree.html","File",".html","19974","2026-09-24T00:18:12.0000000Z","False"
"CWMS_RTS","HEC-RTS-3.6.0\HEC-ResSim\4.1\javaDocs\hec\clientapp\script\ScriptAction.html","File",".html","15410","2026-09-24T00:18:12.0000000Z","False"
"CWMS_RTS","HEC-RTS-3.6.0\HEC-ResSim\4.1\javaDocs\hec\clientapp\script\ScriptButtonFrame.html","File",".html","113006","2026-09-24T00:18:12.0000000Z","False"
"CWMS_RTS","HEC-RTS-3.6.0\HEC-ResSim\4.1\javaDocs\hec\clientapp\script\ScriptEditorDialog.html","File",".html","131598","2026-09-24T00:18:12.0000000Z","False"
"CWMS_RTS","HEC-RTS-3.6.0\HEC-ResSim\4.1\javaDocs\hec\clientapp\script\ScriptJobStatusJFrame.html","File",".html","111193","2026-09-24T00:18:12.0000000Z","False"
"CWMS_RTS","HEC-RTS-3.6.0\HEC-ResSim\4.1\javaDocs\hec\clientapp\script\ScriptJPanel.html","File",".html","112100","2026-09-24T00:18:12.0000000Z","False"
"CWMS_RTS","HEC-RTS-3.6.0\HEC-ResSim\4.1\javaDocs\hec\clientapp\script\ScriptManagerImpl.html","File",".html","61977","2026-09-24T00:18:12.0000000Z","False"
"CWMS_RTS","HEC-RTS-3.6.0\HEC-ResSim\4.1\javaDocs\hec\clientapp\script\ScriptManagerImpl.ScriptHashtable.html","File",".html","29150","2026-09-24T00:18:12.0000000Z","False"
"CWMS_RTS","HEC-RTS-3.6.0\HEC-ResSim\4.1\javaDocs\hec\clientapp\script\ScriptSchedulerJDialog.html","File",".html","105865","2026-09-24T00:18:12.0000000Z","False"
"CWMS_RTS","HEC-RTS-3.6.0\HEC-ResSim\4.1\javaDocs\hec\clientapp\script\ScriptSchedulerJDialog.ToolTipComboBoxRenderer.html","File",".html","112046","2026-09-24T00:18:12.0000000Z","False"
"CWMS_RTS","HEC-RTS-3.6.0\HEC-ResSim\4.1\javaDocs\hec\gfx2d\AxisMarkerDescription.html","File",".html","24240","2026-09-24T00:18:12.0000000Z","False"
"CWMS_RTS","HEC-RTS-3.6.0\HEC-ResSim\4.1\javaDocs\hec\hecmath\ScriptLauncher.html","File",".html","17394","2026-09-24T00:18:12.0000000Z","False"
"CWMS_RTS","HEC-RTS-3.6.0\HEC-ResSim\4.1\javaDocs\hec\model\WatershedLocation.html","File",".html","32493","2026-09-24T00:18:12.0000000Z","False"
"CWMS_RTS","HEC-RTS-3.6.0\HEC-ResSim\4.1\javaDocs\hec\rss\model\JythonUtil.html","File",".html","30903","2026-09-24T00:18:12.0000000Z","False"
"CWMS_RTS","HEC-RTS-3.6.0\HEC-ResSim\4.1\javaDocs\hec\rss\model\PythonScriptContainer.html","File",".html","35278","2026-09-24T00:18:12.0000000Z","False"
"CWMS_RTS","HEC-RTS-3.6.0\HEC-ResSim\4.1\javaDocs\hec\rss\model\PythonScriptMap.html","File",".html","22564","2026-09-24T00:18:12.0000000Z","False"
"CWMS_RTS","HEC-RTS-3.6.0\HEC-ResSim\4.1\javaDocs\hec\rss\model\RssSimulationRun.html","File",".html","9677","2026-09-24T00:18:12.0000000Z","False"
"CWMS_RTS","HEC-RTS-3.6.0\HEC-ResSim\4.1\javaDocs\hec\rss\model\ScriptedRuleJavaInfc.html","File",".html","9180","2026-09-24T00:18:12.0000000Z","False"
"CWMS_RTS","HEC-RTS-3.6.0\HEC-ResSim\4.1\javaDocs\hec\rss\model\ScriptOpRule.html","File",".html","101287","2026-09-24T00:18:12.0000000Z","False"
"CWMS_RTS","HEC-RTS-3.6.0\HEC-ResSim\4.1\javaDocs\hec\rss\model\SimulationExtractModel.html","File",".html","31432","2026-09-24T00:18:12.0000000Z","False"
"CWMS_RTS","HEC-RTS-3.6.0\HEC-ResSim\4.1\javaDocs\hec\rss\plugins\opsupport\client\ActionOrScript.html","File",".html","11804","2026-09-24T00:18:12.0000000Z","False"
"CWMS_RTS","HEC-RTS-3.6.0\HEC-ResSim\4.1\javaDocs\hec\rss\plugins\opsupport\client\OSIScriptButton.html","File",".html","126823","2026-09-24T00:18:12.0000000Z","False"
"CWMS_RTS","HEC-RTS-3.6.0\HEC-ResSim\4.1\javaDocs\hec\rss\plugins\opsupport\client\treenodes\ScriptNode.html","File",".html","38891","2026-09-24T00:18:12.0000000Z","False"
"CWMS_RTS","HEC-RTS-3.6.0\HEC-ResSim\4.1\javaDocs\hec\rss\plugins\opsupport\client\treenodes\ScriptsFolder.html","File",".html","36813","2026-09-24T00:18:12.0000000Z","False"
"CWMS_RTS","HEC-RTS-3.6.0\HEC-ResSim\4.1\javaDocs\hec\rss\plugins\opsupport\model\OpSupportActionsScripts.html","File",".html","28059","2026-09-24T00:18:12.0000000Z","False"
"CWMS_RTS","HEC-RTS-3.6.0\HEC-ResSim\4.1\javaDocs\hec\script\AbstractScriptButtonFrame.html","File",".html","124055","2026-09-24T00:18:12.0000000Z","False"
"CWMS_RTS","HEC-RTS-3.6.0\HEC-ResSim\4.1\javaDocs\hec\script\AbstractScriptEditor.DummyGutter.html","File",".html","99843","2026-09-24T00:18:12.0000000Z","False"
"CWMS_RTS","HEC-RTS-3.6.0\HEC-ResSim\4.1\javaDocs\hec\script\AbstractScriptEditor.FolderNode.html","File",".html","26601","2026-09-24T00:18:12.0000000Z","False"
"CWMS_RTS","HEC-RTS-3.6.0\HEC-ResSim\4.1\javaDocs\hec\script\AbstractScriptEditor.html","File",".html","237499","2026-09-24T00:18:12.0000000Z","False"
"CWMS_RTS","HEC-RTS-3.6.0\HEC-ResSim\4.1\javaDocs\hec\script\AbstractScriptEditor.ScriptTextArea.html","File",".html","139388","2026-09-24T00:18:12.0000000Z","False"
"CWMS_RTS","HEC-RTS-3.6.0\HEC-ResSim\4.1\javaDocs\hec\script\AbstractScriptEditor.ScriptTreeModel.html","File",".html","24450","2026-09-24T00:18:12.0000000Z","False"
"CWMS_RTS","HEC-RTS-3.6.0\HEC-ResSim\4.1\javaDocs\hec\script\AbstractScriptEditor.TabFixTextAreaUI.html","File",".html","26950","2026-09-24T00:18:12.0000000Z","False"
"CWMS_RTS","HEC-RTS-3.6.0\HEC-ResSim\4.1\javaDocs\hec\script\AxisMarker.html","File",".html","9971","2026-09-24T00:18:12.0000000Z","False"
"CWMS_RTS","HEC-RTS-3.6.0\HEC-ResSim\4.1\javaDocs\hec\script\ClientScriptJobTask.html","File",".html","21955","2026-09-24T00:18:12.0000000Z","False"
"CWMS_RTS","HEC-RTS-3.6.0\HEC-ResSim\4.1\javaDocs\hec\script\Constants.html","File",".html","16322","2026-09-24T00:18:12.0000000Z","False"
"CWMS_RTS","HEC-RTS-3.6.0\HEC-ResSim\4.1\javaDocs\hec\script\HecDss.html","File",".html","14103","2026-09-24T00:18:12.0000000Z","False"
"CWMS_RTS","HEC-RTS-3.6.0\HEC-ResSim\4.1\javaDocs\hec\script\JPythonScript.html","File",".html","8880","2026-09-24T00:18:12.0000000Z","False"
"CWMS_RTS","HEC-RTS-3.6.0\HEC-ResSim\4.1\javaDocs\hec\script\LineNumberPanel.html","File",".html","121261","2026-09-24T00:18:12.0000000Z","False"
"CWMS_RTS","HEC-RTS-3.6.0\HEC-ResSim\4.1\javaDocs\hec\script\LogViewerTextArea.html","File",".html","124857","2026-09-24T00:18:12.0000000Z","False"
"CWMS_RTS","HEC-RTS-3.6.0\HEC-ResSim\4.1\javaDocs\hec\script\MessageBox.html","File",".html","26410","2026-09-24T00:18:12.0000000Z","False"
"CWMS_RTS","HEC-RTS-3.6.0\HEC-ResSim\4.1\javaDocs\hec\script\package-summary.html","File",".html","12583","2026-09-24T00:18:12.0000000Z","False"
"CWMS_RTS","HEC-RTS-3.6.0\HEC-ResSim\4.1\javaDocs\hec\script\package-tree.html","File",".html","27339","2026-09-24T00:18:12.0000000Z","False"
"CWMS_RTS","HEC-RTS-3.6.0\HEC-ResSim\4.1\javaDocs\hec\script\Plot.html","File",".html","31595","2026-09-24T00:18:12.0000000Z","False"
"CWMS_RTS","HEC-RTS-3.6.0\HEC-ResSim\4.1\javaDocs\hec\script\PlotSpec.html","File",".html","22981","2026-09-24T00:18:12.0000000Z","False"
"CWMS_RTS","HEC-RTS-3.6.0\HEC-ResSim\4.1\javaDocs\hec\script\Script.html","File",".html","16315","2026-09-24T00:18:12.0000000Z","False"
"CWMS_RTS","HEC-RTS-3.6.0\HEC-ResSim\4.1\javaDocs\hec\script\ScriptableObject.html","File",".html","10444","2026-09-24T00:18:12.0000000Z","False"
"CWMS_RTS","HEC-RTS-3.6.0\HEC-ResSim\4.1\javaDocs\hec\script\ScriptActions.html","File",".html","13610","2026-09-24T00:18:12.0000000Z","False"
"CWMS_RTS","HEC-RTS-3.6.0\HEC-ResSim\4.1\javaDocs\hec\script\ScriptConstants.html","File",".html","21905","2026-09-24T00:18:12.0000000Z","False"
"CWMS_RTS","HEC-RTS-3.6.0\HEC-ResSim\4.1\javaDocs\hec\script\ScriptEngine.html","File",".html","35713","2026-09-24T00:18:12.0000000Z","False"
"CWMS_RTS","HEC-RTS-3.6.0\HEC-ResSim\4.1\javaDocs\hec\script\ScriptFlatButton.html","File",".html","132346","2026-09-24T00:18:12.0000000Z","False"
"CWMS_RTS","HEC-RTS-3.6.0\HEC-ResSim\4.1\javaDocs\hec\script\ScriptGroup.html","File",".html","15482","2026-09-24T00:18:12.0000000Z","False"
"CWMS_RTS","HEC-RTS-3.6.0\HEC-ResSim\4.1\javaDocs\hec\script\ScriptIdentifier.html","File",".html","68415","2026-09-24T00:18:12.0000000Z","False"
"CWMS_RTS","HEC-RTS-3.6.0\HEC-ResSim\4.1\javaDocs\hec\script\ScriptIdentifierData.html","File",".html","12997","2026-09-24T00:18:12.0000000Z","False"
"CWMS_RTS","HEC-RTS-3.6.0\HEC-ResSim\4.1\javaDocs\hec\script\ScriptIdentifierSelection.html","File",".html","25189","2026-09-24T00:18:12.0000000Z","False"
"CWMS_RTS","HEC-RTS-3.6.0\HEC-ResSim\4.1\javaDocs\hec\script\ScriptInfo.html","File",".html","17990","2026-09-24T00:18:12.0000000Z","False"
"CWMS_RTS","HEC-RTS-3.6.0\HEC-ResSim\4.1\javaDocs\hec\script\ScriptJButton.html","File",".html","132792","2026-09-24T00:18:12.0000000Z","False"
"CWMS_RTS","HEC-RTS-3.6.0\HEC-ResSim\4.1\javaDocs\hec\script\ScriptJob.html","File",".html","36015","2026-09-24T00:18:12.0000000Z","False"
"CWMS_RTS","HEC-RTS-3.6.0\HEC-ResSim\4.1\javaDocs\hec\script\ScriptManager.html","File",".html","37609","2026-09-24T00:18:12.0000000Z","False"
"CWMS_RTS","HEC-RTS-3.6.0\HEC-ResSim\4.1\javaDocs\hec\script\ScriptMenuItem.html","File",".html","138116","2026-09-24T00:18:12.0000000Z","False"
"CWMS_RTS","HEC-RTS-3.6.0\HEC-ResSim\4.1\javaDocs\hec\script\ScriptTaskInfoJDialog.html","File",".html","99151","2026-09-24T00:18:12.0000000Z","False"
"CWMS_RTS","HEC-RTS-3.6.0\HEC-ResSim\4.1\javaDocs\hec\script\ServerScriptJobTask.html","File",".html","29388","2026-09-24T00:18:12.0000000Z","False"
"CWMS_RTS","HEC-RTS-3.6.0\HEC-ResSim\4.1\javaDocs\hec\script\TableExportOptions.html","File",".html","8639","2026-09-24T00:18:12.0000000Z","False"
"CWMS_RTS","HEC-RTS-3.6.0\HEC-ResSim\4.1\javaDocs\member-search-index.js","File",".js","1949716","2026-09-24T00:18:12.0000000Z","False"
"CWMS_RTS","HEC-RTS-3.6.0\HEC-ResSim\4.1\javaDocs\module-search-index.js","File",".js","45","2026-09-24T00:18:12.0000000Z","False"
"CWMS_RTS","HEC-RTS-3.6.0\HEC-ResSim\4.1\javaDocs\package-search-index.js","File",".js","674","2026-09-24T00:18:12.0000000Z","False"
"CWMS_RTS","HEC-RTS-3.6.0\HEC-ResSim\4.1\javaDocs\script.js","File",".js","9675","2026-09-24T00:18:12.0000000Z","False"
"CWMS_RTS","HEC-RTS-3.6.0\HEC-ResSim\4.1\javaDocs\script-dir\jquery-3.7.1.min.js","File",".js","87533","2026-09-24T00:18:12.0000000Z","False"
"CWMS_RTS","HEC-RTS-3.6.0\HEC-ResSim\4.1\javaDocs\script-dir\jquery-ui.min.css","File",".css","1710","2026-09-24T00:18:12.0000000Z","False"
"CWMS_RTS","HEC-RTS-3.6.0\HEC-ResSim\4.1\javaDocs\script-dir\jquery-ui.min.js","File",".js","32272","2026-09-24T00:18:12.0000000Z","False"
"CWMS_RTS","HEC-RTS-3.6.0\HEC-ResSim\4.1\javaDocs\search.js","File",".js","17406","2026-09-24T00:18:12.0000000Z","False"
"CWMS_RTS","HEC-RTS-3.6.0\HEC-ResSim\4.1\javaDocs\search-page.js","File",".js","11245","2026-09-24T00:18:12.0000000Z","False"
"CWMS_RTS","HEC-RTS-3.6.0\HEC-ResSim\4.1\javaDocs\tag-search-index.js","File",".js","163","2026-09-24T00:18:12.0000000Z","False"
"CWMS_RTS","HEC-RTS-3.6.0\HEC-ResSim\4.1\javaDocs\type-search-index.js","File",".js","50677","2026-09-24T00:18:12.0000000Z","False"
"CWMS_RTS","HEC-RTS-3.6.0\HEC-RTS\config\properties\iconimage.properties","File",".properties","2440","2026-09-24T00:17:58.0000000Z","False"
"CWMS_RTS","HEC-RTS-3.6.0\HEC-RTS\config\properties\logging.properties","File",".properties","3357","2026-09-24T00:17:58.0000000Z","False"
"CWMS_RTS","HEC-RTS-3.6.0\HEC-RTS\config\properties\plugin_logging.properties","File",".properties","3240","2026-09-24T00:17:58.0000000Z","False"
"CWMS_RTS","HEC-RTS-3.6.0\HEC-RTS\config\TileSourceProperties.xml","File",".xml","1357","2026-09-24T00:17:58.0000000Z","False"
"CWMS_RTS","HEC-RTS-3.6.0\HEC-RTS\HEC-RTS.config","File",".config","9962","2026-09-24T00:18:34.0000000Z","False"
"CWMS_RTS","HEC-RTS-3.6.0\HEC-RTS\HEC-RTSTaskList.config","File",".config","5420","2026-09-24T00:18:34.0000000Z","False"
"CWMS_RTS","HEC-RTS-3.6.0\HEC-RTS\jar\ext\S35scriptingPlugin-3.6.0.jar","File",".jar","23065","2026-09-24T00:18:00.0000000Z","False"
"CWMS_RTS","HEC-RTS-3.6.0\HEC-RTS\javaDocs\com\rma\io\WatershedInfoReader.html","File",".html","26852","2026-09-24T00:18:20.0000000Z","False"
"CWMS_RTS","HEC-RTS-3.6.0\HEC-RTS\javaDocs\com\rma\io\WatershedInfoReader.Identifier2.html","File",".html","21853","2026-09-24T00:18:20.0000000Z","False"
"CWMS_RTS","HEC-RTS-3.6.0\HEC-RTS\javaDocs\com\rma\script\BrowserWrapper.html","File",".html","18865","2026-09-24T00:18:20.0000000Z","False"
"CWMS_RTS","HEC-RTS-3.6.0\HEC-RTS\javaDocs\com\rma\script\JythonScript.html","File",".html","22662","2026-09-24T00:18:20.0000000Z","False"
"CWMS_RTS","HEC-RTS-3.6.0\HEC-RTS\javaDocs\com\rma\script\package-summary.html","File",".html","6771","2026-09-24T00:18:20.0000000Z","False"
"CWMS_RTS","HEC-RTS-3.6.0\HEC-RTS\javaDocs\com\rma\script\package-tree.html","File",".html","13432","2026-09-24T00:18:20.0000000Z","False"
"CWMS_RTS","HEC-RTS-3.6.0\HEC-RTS\javaDocs\com\rma\script\SaveScriptAsDialog.html","File",".html","109546","2026-09-24T00:18:20.0000000Z","False"
"CWMS_RTS","HEC-RTS-3.6.0\HEC-RTS\javaDocs\com\rma\script\ScriptEditor.html","File",".html","134960","2026-09-24T00:18:20.0000000Z","False"
"CWMS_RTS","HEC-RTS-3.6.0\HEC-RTS\javaDocs\com\rma\script\ScriptEditor.ScriptJPanel.html","File",".html","105012","2026-09-24T00:18:20.0000000Z","False"
"CWMS_RTS","HEC-RTS-3.6.0\HEC-RTS\javaDocs\com\rma\script\ScriptLocation.html","File",".html","17651","2026-09-24T00:18:20.0000000Z","False"
"CWMS_RTS","HEC-RTS-3.6.0\HEC-RTS\javaDocs\com\rma\script\ScriptLocations.html","File",".html","15914","2026-09-24T00:18:20.0000000Z","False"
"CWMS_RTS","HEC-RTS-3.6.0\HEC-RTS\javaDocs\com\rma\script\ScriptNode.html","File",".html","31126","2026-09-24T00:18:20.0000000Z","False"
"CWMS_RTS","HEC-RTS-3.6.0\HEC-RTS\javaDocs\com\rma\script\ScriptsWindow.html","File",".html","108629","2026-09-24T00:18:20.0000000Z","False"
"CWMS_RTS","HEC-RTS-3.6.0\HEC-RTS\javaDocs\com\rma\script\ScriptTreePanel.html","File",".html","127616","2026-09-24T00:18:20.0000000Z","False"
"CWMS_RTS","HEC-RTS-3.6.0\HEC-RTS\javaDocs\com\rma\swing\RmaUndoDescriptionField.html","File",".html","128215","2026-09-24T00:18:20.0000000Z","False"
"CWMS_RTS","HEC-RTS-3.6.0\HEC-RTS\javaDocs\com\rma\ui\DescriptionContentNode.html","File",".html","33077","2026-09-24T00:18:20.0000000Z","False"
"CWMS_RTS","HEC-RTS-3.6.0\HEC-RTS\javaDocs\hec\data\ColumnDescriptorImpl.html","File",".html","17072","2026-09-24T00:18:20.0000000Z","False"
"CWMS_RTS","HEC-RTS-3.6.0\HEC-RTS\javaDocs\hec\data\IColumnDescriptor.html","File",".html","6737","2026-09-24T00:18:20.0000000Z","False"
"CWMS_RTS","HEC-RTS-3.6.0\HEC-RTS\javaDocs\hec\data\ITimeSeriesDescription.html","File",".html","25377","2026-09-24T00:18:20.0000000Z","False"
"CWMS_RTS","HEC-RTS-3.6.0\HEC-RTS\javaDocs\hec\data\lock\AtLockDescriptor.html","File",".html","25601","2026-09-24T00:18:20.0000000Z","False"
"CWMS_RTS","HEC-RTS-3.6.0\HEC-RTS\javaDocs\hec\data\lock\ILockDescriptor.html","File",".html","3883","2026-09-24T00:18:20.0000000Z","False"
"CWMS_RTS","HEC-RTS-3.6.0\HEC-RTS\javaDocs\hec\data\meta\DescriptionTxCatalogQuery.html","File",".html","49471","2026-09-24T00:18:20.0000000Z","False"
"CWMS_RTS","HEC-RTS-3.6.0\HEC-RTS\javaDocs\hec\data\project\AtProjectDescriptor.html","File",".html","36170","2026-09-24T00:18:20.0000000Z","False"
"CWMS_RTS","HEC-RTS-3.6.0\HEC-RTS\javaDocs\hec\data\project\IProjectDescriptor.html","File",".html","8350","2026-09-24T00:18:20.0000000Z","False"
"CWMS_RTS","HEC-RTS-3.6.0\HEC-RTS\javaDocs\hec\data\timeSeriesText\TextDescriptionTx.html","File",".html","52148","2026-09-24T00:18:20.0000000Z","False"
"CWMS_RTS","HEC-RTS-3.6.0\HEC-RTS\javaDocs\hec\data\timeSeriesText\TextDescriptionTx.TextDescriptionTxComparator.html","File",".html","14599","2026-09-24T00:18:20.0000000Z","False"
"CWMS_RTS","HEC-RTS-3.6.0\HEC-RTS\javaDocs\hec\data\tx\DescriptionTx.DescriptionTxComparator.html","File",".html","14279","2026-09-24T00:18:20.0000000Z","False"
"CWMS_RTS","HEC-RTS-3.6.0\HEC-RTS\javaDocs\hec\data\tx\DescriptionTx.html","File",".html","88338","2026-09-24T00:18:20.0000000Z","False"
"CWMS_RTS","HEC-RTS-3.6.0\HEC-RTS\javaDocs\hec\data\tx\DescriptionTx.Parts.html","File",".html","20016","2026-09-24T00:18:20.0000000Z","False"
"CWMS_RTS","HEC-RTS-3.6.0\HEC-RTS\javaDocs\hec\data\tx\DescriptionTxColumnModel.html","File",".html","32051","2026-09-24T00:18:20.0000000Z","False"
"CWMS_RTS","HEC-RTS-3.6.0\HEC-RTS\javaDocs\hec\event\ScriptEvent.html","File",".html","15788","2026-09-24T00:18:20.0000000Z","False"
"CWMS_RTS","HEC-RTS-3.6.0\HEC-RTS\javaDocs\hec\event\ScriptEventListener.html","File",".html","8088","2026-09-24T00:18:20.0000000Z","False"
"CWMS_RTS","HEC-RTS-3.6.0\HEC-RTS\javaDocs\hec\gfx2d\AxisMarkerDescription.html","File",".html","24238","2026-09-24T00:18:20.0000000Z","False"
"CWMS_RTS","HEC-RTS-3.6.0\HEC-RTS\javaDocs\hec\gui\ExampleWatersheds.html","File",".html","11836","2026-09-24T00:18:22.0000000Z","False"
"CWMS_RTS","HEC-RTS-3.6.0\HEC-RTS\javaDocs\hec\gui\NameDescriptionPanel.html","File",".html","132718","2026-09-24T00:18:22.0000000Z","False"
"CWMS_RTS","HEC-RTS-3.6.0\HEC-RTS\javaDocs\hec\hecmath\ScriptLauncher.html","File",".html","17392","2026-09-24T00:18:22.0000000Z","False"
"CWMS_RTS","HEC-RTS-3.6.0\HEC-RTS\javaDocs\hec\io\dbf\DBFFieldDescriptor.html","File",".html","30159","2026-09-24T00:18:22.0000000Z","False"
"CWMS_RTS","HEC-RTS-3.6.0\HEC-RTS\javaDocs\hec\lang\annotation\Scriptable.html","File",".html","5222","2026-09-24T00:18:22.0000000Z","False"
"CWMS_RTS","HEC-RTS-3.6.0\HEC-RTS\javaDocs\hec\map\aishape\AiShapeFieldDescriptor.html","File",".html","26106","2026-09-24T00:18:22.0000000Z","False"
"CWMS_RTS","HEC-RTS-3.6.0\HEC-RTS\javaDocs\hec\properties\HECScriptProperties.html","File",".html","25584","2026-09-24T00:18:22.0000000Z","False"
"CWMS_RTS","HEC-RTS-3.6.0\HEC-RTS\javaDocs\hec\script\AbstractScriptButtonFrame.html","File",".html","128550","2026-09-24T00:18:22.0000000Z","False"
"CWMS_RTS","HEC-RTS-3.6.0\HEC-RTS\javaDocs\hec\script\AbstractScriptEditor.DummyGutter.html","File",".html","99841","2026-09-24T00:18:22.0000000Z","False"
"CWMS_RTS","HEC-RTS-3.6.0\HEC-RTS\javaDocs\hec\script\AbstractScriptEditor.FolderNode.html","File",".html","26599","2026-09-24T00:18:22.0000000Z","False"
"CWMS_RTS","HEC-RTS-3.6.0\HEC-RTS\javaDocs\hec\script\AbstractScriptEditor.html","File",".html","244809","2026-09-24T00:18:22.0000000Z","False"
"CWMS_RTS","HEC-RTS-3.6.0\HEC-RTS\javaDocs\hec\script\AbstractScriptEditor.ScriptTextArea.html","File",".html","140934","2026-09-24T00:18:22.0000000Z","False"
"CWMS_RTS","HEC-RTS-3.6.0\HEC-RTS\javaDocs\hec\script\AbstractScriptEditor.ScriptTreeModel.html","File",".html","24448","2026-09-24T00:18:22.0000000Z","False"
"CWMS_RTS","HEC-RTS-3.6.0\HEC-RTS\javaDocs\hec\script\AbstractScriptEditor.TabFixTextAreaUI.html","File",".html","26948","2026-09-24T00:18:22.0000000Z","False"
"CWMS_RTS","HEC-RTS-3.6.0\HEC-RTS\javaDocs\hec\script\AxisMarker.html","File",".html","9969","2026-09-24T00:18:22.0000000Z","False"
"CWMS_RTS","HEC-RTS-3.6.0\HEC-RTS\javaDocs\hec\script\ClientScriptJobTask.html","File",".html","22019","2026-09-24T00:18:22.0000000Z","False"
"CWMS_RTS","HEC-RTS-3.6.0\HEC-RTS\javaDocs\hec\script\Constants.html","File",".html","16320","2026-09-24T00:18:22.0000000Z","False"
"CWMS_RTS","HEC-RTS-3.6.0\HEC-RTS\javaDocs\hec\script\gui\ITreeBuilder.html","File",".html","6242","2026-09-24T00:18:22.0000000Z","False"
"CWMS_RTS","HEC-RTS-3.6.0\HEC-RTS\javaDocs\hec\script\gui\package-summary.html","File",".html","5307","2026-09-24T00:18:22.0000000Z","False"
"CWMS_RTS","HEC-RTS-3.6.0\HEC-RTS\javaDocs\hec\script\gui\package-tree.html","File",".html","4425","2026-09-24T00:18:22.0000000Z","False"
"CWMS_RTS","HEC-RTS-3.6.0\HEC-RTS\javaDocs\hec\script\gui\ScriptTreeNode.html","File",".html","31284","2026-09-24T00:18:22.0000000Z","False"
"CWMS_RTS","HEC-RTS-3.6.0\HEC-RTS\javaDocs\hec\script\HecDss.html","File",".html","16029","2026-09-24T00:18:22.0000000Z","False"
"CWMS_RTS","HEC-RTS-3.6.0\HEC-RTS\javaDocs\hec\script\JPythonScript.html","File",".html","9061","2026-09-24T00:18:22.0000000Z","False"
"CWMS_RTS","HEC-RTS-3.6.0\HEC-RTS\javaDocs\hec\script\LineNumberPanel.html","File",".html","121259","2026-09-24T00:18:22.0000000Z","False"
"CWMS_RTS","HEC-RTS-3.6.0\HEC-RTS\javaDocs\hec\script\LogViewerTextArea.html","File",".html","124855","2026-09-24T00:18:22.0000000Z","False"
"CWMS_RTS","HEC-RTS-3.6.0\HEC-RTS\javaDocs\hec\script\MessageBox.html","File",".html","26408","2026-09-24T00:18:22.0000000Z","False"
"CWMS_RTS","HEC-RTS-3.6.0\HEC-RTS\javaDocs\hec\script\package-summary.html","File",".html","13085","2026-09-24T00:18:22.0000000Z","False"
"CWMS_RTS","HEC-RTS-3.6.0\HEC-RTS\javaDocs\hec\script\package-tree.html","File",".html","28830","2026-09-24T00:18:22.0000000Z","False"
"CWMS_RTS","HEC-RTS-3.6.0\HEC-RTS\javaDocs\hec\script\Plot.html","File",".html","31593","2026-09-24T00:18:22.0000000Z","False"
"CWMS_RTS","HEC-RTS-3.6.0\HEC-RTS\javaDocs\hec\script\PlotSpec.html","File",".html","22979","2026-09-24T00:18:22.0000000Z","False"
"CWMS_RTS","HEC-RTS-3.6.0\HEC-RTS\javaDocs\hec\script\Script.html","File",".html","16192","2026-09-24T00:18:22.0000000Z","False"
"CWMS_RTS","HEC-RTS-3.6.0\HEC-RTS\javaDocs\hec\script\ScriptableObject.html","File",".html","10442","2026-09-24T00:18:22.0000000Z","False"
"CWMS_RTS","HEC-RTS-3.6.0\HEC-RTS\javaDocs\hec\script\ScriptActions.html","File",".html","13608","2026-09-24T00:18:22.0000000Z","False"
"CWMS_RTS","HEC-RTS-3.6.0\HEC-RTS\javaDocs\hec\script\ScriptConstants.html","File",".html","21387","2026-09-24T00:18:22.0000000Z","False"
"CWMS_RTS","HEC-RTS-3.6.0\HEC-RTS\javaDocs\hec\script\ScriptEngine.html","File",".html","35711","2026-09-24T00:18:22.0000000Z","False"
"CWMS_RTS","HEC-RTS-3.6.0\HEC-RTS\javaDocs\hec\script\ScriptFlatButton.html","File",".html","133207","2026-09-24T00:18:22.0000000Z","False"
"CWMS_RTS","HEC-RTS-3.6.0\HEC-RTS\javaDocs\hec\script\ScriptGroup.html","File",".html","15546","2026-09-24T00:18:22.0000000Z","False"
"CWMS_RTS","HEC-RTS-3.6.0\HEC-RTS\javaDocs\hec\script\ScriptIdentifier.html","File",".html","68479","2026-09-24T00:18:22.0000000Z","False"
"CWMS_RTS","HEC-RTS-3.6.0\HEC-RTS\javaDocs\hec\script\ScriptIdentifierData.html","File",".html","12995","2026-09-24T00:18:22.0000000Z","False"
"CWMS_RTS","HEC-RTS-3.6.0\HEC-RTS\javaDocs\hec\script\ScriptIdentifierSelection.html","File",".html","25187","2026-09-24T00:18:22.0000000Z","False"
"CWMS_RTS","HEC-RTS-3.6.0\HEC-RTS\javaDocs\hec\script\ScriptInfo.html","File",".html","17988","2026-09-24T00:18:22.0000000Z","False"
"CWMS_RTS","HEC-RTS-3.6.0\HEC-RTS\javaDocs\hec\script\ScriptJButton.html","File",".html","132572","2026-09-24T00:18:22.0000000Z","False"
"CWMS_RTS","HEC-RTS-3.6.0\HEC-RTS\javaDocs\hec\script\ScriptJob.html","File",".html","36079","2026-09-24T00:18:22.0000000Z","False"
"CWMS_RTS","HEC-RTS-3.6.0\HEC-RTS\javaDocs\hec\script\ScriptManager.html","File",".html","37682","2026-09-24T00:18:22.0000000Z","False"
"CWMS_RTS","HEC-RTS-3.6.0\HEC-RTS\javaDocs\hec\script\ScriptMenuItem.html","File",".html","138114","2026-09-24T00:18:22.0000000Z","False"
"CWMS_RTS","HEC-RTS-3.6.0\HEC-RTS\javaDocs\hec\script\ScriptTaskInfoJDialog.html","File",".html","103831","2026-09-24T00:18:22.0000000Z","False"
"CWMS_RTS","HEC-RTS-3.6.0\HEC-RTS\javaDocs\hec\script\ServerScriptJobTask.html","File",".html","29452","2026-09-24T00:18:22.0000000Z","False"
"CWMS_RTS","HEC-RTS-3.6.0\HEC-RTS\javaDocs\hec\script\TableExportOptions.html","File",".html","9517","2026-09-24T00:18:22.0000000Z","False"
"CWMS_RTS","HEC-RTS-3.6.0\HEC-RTS\javaDocs\hec\util\SimulationEntry.html","File",".html","19345","2026-09-24T00:18:22.0000000Z","False"
"CWMS_RTS","HEC-RTS-3.6.0\HEC-RTS\javaDocs\hec\util\WatershedEntry.html","File",".html","19391","2026-09-24T00:18:22.0000000Z","False"
"CWMS_RTS","HEC-RTS-3.6.0\HEC-RTS\javaDocs\hec2\rts\action\EditWatershedDataAction.html","File",".html","21387","2026-09-24T00:18:22.0000000Z","False"
"CWMS_RTS","HEC-RTS-3.6.0\HEC-RTS\javaDocs\hec2\rts\action\JythonScriptAction.html","File",".html","25863","2026-09-24T00:18:22.0000000Z","False"
"CWMS_RTS","HEC-RTS-3.6.0\HEC-RTS\javaDocs\hec2\rts\action\RtsScriptEditorAction.html","File",".html","22545","2026-09-24T00:18:22.0000000Z","False"
"CWMS_RTS","HEC-RTS-3.6.0\HEC-RTS\javaDocs\hec2\rts\action\RtsScriptsWindowAction.html","File",".html","22555","2026-09-24T00:18:22.0000000Z","False"
"CWMS_RTS","HEC-RTS-3.6.0\HEC-RTS\javaDocs\hec2\rts\action\ScriptJobStatusAction.html","File",".html","22545","2026-09-24T00:18:22.0000000Z","False"
"CWMS_RTS","HEC-RTS-3.6.0\HEC-RTS\javaDocs\hec2\rts\action\ScriptSchedulerAction.html","File",".html","22545","2026-09-24T00:18:22.0000000Z","False"
"CWMS_RTS","HEC-RTS-3.6.0\HEC-RTS\javaDocs\hec2\rts\action\WatershedProjectionAction.html","File",".html","22855","2026-09-24T00:18:22.0000000Z","False"
"CWMS_RTS","HEC-RTS-3.6.0\HEC-RTS\javaDocs\hec2\rts\action\watershedsynch\CancelableAction.html","File",".html","12706","2026-09-24T00:18:22.0000000Z","False"
"CWMS_RTS","HEC-RTS-3.6.0\HEC-RTS\javaDocs\hec2\rts\action\watershedsynch\CopyDssRecordsTask.html","File",".html","32301","2026-09-24T00:18:22.0000000Z","False"
"CWMS_RTS","HEC-RTS-3.6.0\HEC-RTS\javaDocs\hec2\rts\action\watershedsynch\CopyStatistic.html","File",".html","15600","2026-09-24T00:18:22.0000000Z","False"
"CWMS_RTS","HEC-RTS-3.6.0\HEC-RTS\javaDocs\hec2\rts\action\watershedsynch\CopyStatus.html","File",".html","18826","2026-09-24T00:18:22.0000000Z","False"
"CWMS_RTS","HEC-RTS-3.6.0\HEC-RTS\javaDocs\hec2\rts\action\watershedsynch\DeleteFilesPanel.html","File",".html","98686","2026-09-24T00:18:22.0000000Z","False"
"CWMS_RTS","HEC-RTS-3.6.0\HEC-RTS\javaDocs\hec2\rts\action\watershedsynch\DeleteFileTask.html","File",".html","14702","2026-09-24T00:18:22.0000000Z","False"
"CWMS_RTS","HEC-RTS-3.6.0\HEC-RTS\javaDocs\hec2\rts\action\watershedsynch\DownloadFileTask.html","File",".html","31150","2026-09-24T00:18:22.0000000Z","False"
"CWMS_RTS","HEC-RTS-3.6.0\HEC-RTS\javaDocs\hec2\rts\action\watershedsynch\DownloadFileTaskBuilder.html","File",".html","18066","2026-09-24T00:18:22.0000000Z","False"
"CWMS_RTS","HEC-RTS-3.6.0\HEC-RTS\javaDocs\hec2\rts\action\watershedsynch\FullStudySynchronizer.html","File",".html","18604","2026-09-24T00:18:22.0000000Z","False"
"CWMS_RTS","HEC-RTS-3.6.0\HEC-RTS\javaDocs\hec2\rts\action\watershedsynch\GetAllNativeSynchableModelsTask.html","File",".html","16407","2026-09-24T00:18:22.0000000Z","False"
"CWMS_RTS","HEC-RTS-3.6.0\HEC-RTS\javaDocs\hec2\rts\action\watershedsynch\GetSynchablePluginModelsTask.html","File",".html","17434","2026-09-24T00:18:22.0000000Z","False"
"CWMS_RTS","HEC-RTS-3.6.0\HEC-RTS\javaDocs\hec2\rts\action\watershedsynch\NativeModelSynchAction.html","File",".html","24078","2026-09-24T00:18:22.0000000Z","False"
"CWMS_RTS","HEC-RTS-3.6.0\HEC-RTS\javaDocs\hec2\rts\action\watershedsynch\NativeModelSynchronizer.html","File",".html","13073","2026-09-24T00:18:22.0000000Z","False"
"CWMS_RTS","HEC-RTS-3.6.0\HEC-RTS\javaDocs\hec2\rts\action\watershedsynch\package-summary.html","File",".html","12421","2026-09-24T00:18:22.0000000Z","False"
"CWMS_RTS","HEC-RTS-3.6.0\HEC-RTS\javaDocs\hec2\rts\action\watershedsynch\package-tree.html","File",".html","15459","2026-09-24T00:18:22.0000000Z","False"
"CWMS_RTS","HEC-RTS-3.6.0\HEC-RTS\javaDocs\hec2\rts\action\watershedsynch\RmiNativeModelSynchronizer.html","File",".html","8219","2026-09-24T00:18:22.0000000Z","False"
"CWMS_RTS","HEC-RTS-3.6.0\HEC-RTS\javaDocs\hec2\rts\action\watershedsynch\ScourFileSystemTask.html","File",".html","13689","2026-09-24T00:18:22.0000000Z","False"
"CWMS_RTS","HEC-RTS-3.6.0\HEC-RTS\javaDocs\hec2\rts\action\watershedsynch\SkipInfo.html","File",".html","12409","2026-09-24T00:18:22.0000000Z","False"
"CWMS_RTS","HEC-RTS-3.6.0\HEC-RTS\javaDocs\hec2\rts\action\watershedsynch\SkipType.html","File",".html","23810","2026-09-24T00:18:22.0000000Z","False"
"CWMS_RTS","HEC-RTS-3.6.0\HEC-RTS\javaDocs\hec2\rts\action\watershedsynch\SyncDialog.html","File",".html","10883","2026-09-24T00:18:22.0000000Z","False"
"CWMS_RTS","HEC-RTS-3.6.0\HEC-RTS\javaDocs\hec2\rts\action\watershedsynch\SynchronizeFileTask.html","File",".html","36589","2026-09-24T00:18:22.0000000Z","False"
"CWMS_RTS","HEC-RTS-3.6.0\HEC-RTS\javaDocs\hec2\rts\action\watershedsynch\SynchronizeForecastAction.html","File",".html","30903","2026-09-24T00:18:22.0000000Z","False"
"CWMS_RTS","HEC-RTS-3.6.0\HEC-RTS\javaDocs\hec2\rts\action\watershedsynch\SynchronizeForecastTask.html","File",".html","34169","2026-09-24T00:18:22.0000000Z","False"
"CWMS_RTS","HEC-RTS-3.6.0\HEC-RTS\javaDocs\hec2\rts\action\watershedsynch\SynchronizeWatershedAction.html","File",".html","83129","2026-09-24T00:18:22.0000000Z","False"
"CWMS_RTS","HEC-RTS-3.6.0\HEC-RTS\javaDocs\hec2\rts\action\watershedsynch\SynchTask.html","File",".html","8279","2026-09-24T00:18:22.0000000Z","False"
"CWMS_RTS","HEC-RTS-3.6.0\HEC-RTS\javaDocs\hec2\rts\action\watershedsynch\SyncOptions.html","File",".html","39255","2026-09-24T00:18:22.0000000Z","False"
"CWMS_RTS","HEC-RTS-3.6.0\HEC-RTS\javaDocs\hec2\rts\action\watershedsynch\SyncParent.html","File",".html","7266","2026-09-24T00:18:22.0000000Z","False"
"CWMS_RTS","HEC-RTS-3.6.0\HEC-RTS\javaDocs\hec2\rts\action\watershedsynch\SyncTask.html","File",".html","6803","2026-09-24T00:18:22.0000000Z","False"
"CWMS_RTS","HEC-RTS-3.6.0\HEC-RTS\javaDocs\hec2\rts\action\watershedsynch\UploadFileTask.html","File",".html","33663","2026-09-24T00:18:22.0000000Z","False"
"CWMS_RTS","HEC-RTS-3.6.0\HEC-RTS\javaDocs\hec2\rts\action\WatershedTimeZoneAction.html","File",".html","22889","2026-09-24T00:18:22.0000000Z","False"
"CWMS_RTS","HEC-RTS-3.6.0\HEC-RTS\javaDocs\hec2\rts\client\RtsWatershed.html","File",".html","39257","2026-09-24T00:18:22.0000000Z","False"
"CWMS_RTS","HEC-RTS-3.6.0\HEC-RTS\javaDocs\hec2\rts\client\SaveWatershedAsAction.html","File",".html","19478","2026-09-24T00:18:22.0000000Z","False"
"CWMS_RTS","HEC-RTS-3.6.0\HEC-RTS\javaDocs\hec2\rts\client\SelectWatershedLocationDlg.html","File",".html","110741","2026-09-24T00:18:22.0000000Z","False"
"CWMS_RTS","HEC-RTS-3.6.0\HEC-RTS\javaDocs\hec2\rts\commands\CaviSaveWatershedAsCommand.html","File",".html","23746","2026-09-24T00:18:22.0000000Z","False"
"CWMS_RTS","HEC-RTS-3.6.0\HEC-RTS\javaDocs\hec2\rts\editors\RtsScriptEditor.html","File",".html","119232","2026-09-24T00:18:22.0000000Z","False"
"CWMS_RTS","HEC-RTS-3.6.0\HEC-RTS\javaDocs\hec2\rts\editors\RtsScriptsWindow.html","File",".html","107607","2026-09-24T00:18:22.0000000Z","False"
"CWMS_RTS","HEC-RTS-3.6.0\HEC-RTS\javaDocs\hec2\rts\editors\ScriptSchedulerJDialog.html","File",".html","115722","2026-09-24T00:18:22.0000000Z","False"
"CWMS_RTS","HEC-RTS-3.6.0\HEC-RTS\javaDocs\hec2\rts\editors\ScriptSchedulerJDialog.ToolTipComboBoxRenderer.html","File",".html","112024","2026-09-24T00:18:22.0000000Z","False"
"CWMS_RTS","HEC-RTS-3.6.0\HEC-RTS\javaDocs\hec2\rts\editors\sync\WatershedSyncDialog.FolderInfo.html","File",".html","11062","2026-09-24T00:18:22.0000000Z","False"
"CWMS_RTS","HEC-RTS-3.6.0\HEC-RTS\javaDocs\hec2\rts\editors\sync\WatershedSyncDialog.html","File",".html","128600","2026-09-24T00:18:22.0000000Z","False"
"CWMS_RTS","HEC-RTS-3.6.0\HEC-RTS\javaDocs\hec2\rts\editors\sync\WatershedSyncDialog.RootCheckBoxNode.html","File",".html","35749","2026-09-24T00:18:22.0000000Z","False"
"CWMS_RTS","HEC-RTS-3.6.0\HEC-RTS\javaDocs\hec2\rts\editors\sync\WatershedSyncDialog.TreeCellRenderer.html","File",".html","119319","2026-09-24T00:18:22.0000000Z","False"
"CWMS_RTS","HEC-RTS-3.6.0\HEC-RTS\javaDocs\hec2\rts\editors\testing\ComputeConfigFileEditor.SimulationTreeNode.html","File",".html","25219","2026-09-24T00:18:22.0000000Z","False"
"CWMS_RTS","HEC-RTS-3.6.0\HEC-RTS\javaDocs\hec2\rts\factories\NewWatershedFactory.html","File",".html","29364","2026-09-24T00:18:22.0000000Z","False"
"CWMS_RTS","HEC-RTS-3.6.0\HEC-RTS\javaDocs\hec2\rts\model\ScriptItem.html","File",".html","15810","2026-09-24T00:18:22.0000000Z","False"
"CWMS_RTS","HEC-RTS-3.6.0\HEC-RTS\javaDocs\hec2\rts\model\SharedWatershedOptions.html","File",".html","23784","2026-09-24T00:18:22.0000000Z","False"
"CWMS_RTS","HEC-RTS-3.6.0\HEC-RTS\javaDocs\hec2\rts\model\Watershed.html","File",".html","89468","2026-09-24T00:18:22.0000000Z","False"
"CWMS_RTS","HEC-RTS-3.6.0\HEC-RTS\javaDocs\hec2\rts\model\WatershedScriptMgr.html","File",".html","37401","2026-09-24T00:18:22.0000000Z","False"
"CWMS_RTS","HEC-RTS-3.6.0\HEC-RTS\javaDocs\hec2\rts\model\WatershedScripts.html","File",".html","18224","2026-09-24T00:18:22.0000000Z","False"
"CWMS_RTS","HEC-RTS-3.6.0\HEC-RTS\javaDocs\hec2\rts\plugin\SaveWatershedAsPlugin.html","File",".html","7186","2026-09-24T00:18:22.0000000Z","False"
"CWMS_RTS","HEC-RTS-3.6.0\HEC-RTS\javaDocs\hec2\rts\script\Forecast.html","File",".html","53618","2026-09-24T00:18:22.0000000Z","False"
"CWMS_RTS","HEC-RTS-3.6.0\HEC-RTS\javaDocs\hec2\rts\script\package-summary.html","File",".html","4820","2026-09-24T00:18:22.0000000Z","False"
"CWMS_RTS","HEC-RTS-3.6.0\HEC-RTS\javaDocs\hec2\rts\script\package-tree.html","File",".html","8984","2026-09-24T00:18:22.0000000Z","False"
"CWMS_RTS","HEC-RTS-3.6.0\HEC-RTS\javaDocs\hec2\rts\script\RTS.html","File",".html","18777","2026-09-24T00:18:22.0000000Z","False"
"CWMS_RTS","HEC-RTS-3.6.0\HEC-RTS\javaDocs\hec2\rts\script\RunExtractPost.html","File",".html","15683","2026-09-24T00:18:22.0000000Z","False"
"CWMS_RTS","HEC-RTS-3.6.0\HEC-RTS\javaDocs\hec2\rts\script\ScriptJobStatusJFrame.html","File",".html","114387","2026-09-24T00:18:22.0000000Z","False"
"CWMS_RTS","HEC-RTS-3.6.0\HEC-RTS\javaDocs\hec2\rts\script\ScriptTaskInfoJDialog.html","File",".html","104102","2026-09-24T00:18:22.0000000Z","False"
"CWMS_RTS","HEC-RTS-3.6.0\HEC-RTS\javaDocs\hec2\rts\server\LocalSharedWatershedFileServer.html","File",".html","48422","2026-09-24T00:18:22.0000000Z","False"
"CWMS_RTS","HEC-RTS-3.6.0\HEC-RTS\javaDocs\hec2\rts\server\LocalSharedWatershedFileServer.LockFile.html","File",".html","14896","2026-09-24T00:18:22.0000000Z","False"
"CWMS_RTS","HEC-RTS-3.6.0\HEC-RTS\javaDocs\hec2\rts\server\RemoteSharedWatershedFileServer.html","File",".html","49018","2026-09-24T00:18:22.0000000Z","False"
"CWMS_RTS","HEC-RTS-3.6.0\HEC-RTS\javaDocs\hec2\rts\server\SharedWatershedFileServer.html","File",".html","39788","2026-09-24T00:18:22.0000000Z","False"
"CWMS_RTS","HEC-RTS-3.6.0\HEC-RTS\javaDocs\hec2\rts\ui\iconmode\ScriptAction.html","File",".html","19072","2026-09-24T00:18:22.0000000Z","False"
"CWMS_RTS","HEC-RTS-3.6.0\HEC-RTS\javaDocs\hec2\rts\ui\NewWatershedPanel.html","File",".html","117953","2026-09-24T00:18:22.0000000Z","False"
"CWMS_RTS","HEC-RTS-3.6.0\HEC-RTS\javaDocs\hec2\rts\ui\NewWatershedPanel.WatershedOptionsPanel.html","File",".html","105681","2026-09-24T00:18:22.0000000Z","False"
"CWMS_RTS","HEC-RTS-3.6.0\HEC-RTS\javaDocs\hec2\rts\ui\NewWatershedPanel.WatershedOptionsPanel.NewWatershedImportFieldPanel.html","File",".html","107704","2026-09-24T00:18:22.0000000Z","False"
"CWMS_RTS","HEC-RTS-3.6.0\HEC-RTS\javaDocs\hec2\rts\ui\ScriptsJPanel.html","File",".html","109037","2026-09-24T00:18:22.0000000Z","False"
"CWMS_RTS","HEC-RTS-3.6.0\HEC-RTS\javaDocs\hec2\rts\ui\synchronize\SynchronizeWatershedUtils.html","File",".html","30444","2026-09-24T00:18:22.0000000Z","False"
"CWMS_RTS","HEC-RTS-3.6.0\HEC-RTS\javaDocs\member-search-index.js","File",".js","4595179","2026-09-24T00:18:22.0000000Z","False"
"CWMS_RTS","HEC-RTS-3.6.0\HEC-RTS\javaDocs\module-search-index.js","File",".js","45","2026-09-24T00:18:22.0000000Z","False"
"CWMS_RTS","HEC-RTS-3.6.0\HEC-RTS\javaDocs\package-search-index.js","File",".js","7337","2026-09-24T00:18:22.0000000Z","False"
"CWMS_RTS","HEC-RTS-3.6.0\HEC-RTS\javaDocs\rma\swing\RmaJDescriptionField.html","File",".html","133957","2026-09-24T00:18:22.0000000Z","False"
"CWMS_RTS","HEC-RTS-3.6.0\HEC-RTS\javaDocs\rma\swing\text\JythonNameDocument.html","File",".html","32745","2026-09-24T00:18:22.0000000Z","False"
"CWMS_RTS","HEC-RTS-3.6.0\HEC-RTS\javaDocs\rma\util\logging\marking\ScriptingLoggingMarker.html","File",".html","3903","2026-09-24T00:18:22.0000000Z","False"
"CWMS_RTS","HEC-RTS-3.6.0\HEC-RTS\javaDocs\rma\util\postscript\package-summary.html","File",".html","5399","2026-09-24T00:18:22.0000000Z","False"
"CWMS_RTS","HEC-RTS-3.6.0\HEC-RTS\javaDocs\rma\util\postscript\package-tree.html","File",".html","3923","2026-09-24T00:18:22.0000000Z","False"
"CWMS_RTS","HEC-RTS-3.6.0\HEC-RTS\javaDocs\rma\util\postscript\PSGr2.html","File",".html","24259","2026-09-24T00:18:22.0000000Z","False"
"CWMS_RTS","HEC-RTS-3.6.0\HEC-RTS\javaDocs\rma\util\postscript\PSGrBase.html","File",".html","200379","2026-09-24T00:18:22.0000000Z","False"
"CWMS_RTS","HEC-RTS-3.6.0\HEC-RTS\javaDocs\script.js","File",".js","9675","2026-09-24T00:18:22.0000000Z","False"
"CWMS_RTS","HEC-RTS-3.6.0\HEC-RTS\javaDocs\script-dir\jquery-3.7.1.min.js","File",".js","87533","2026-09-24T00:18:22.0000000Z","False"
"CWMS_RTS","HEC-RTS-3.6.0\HEC-RTS\javaDocs\script-dir\jquery-ui.min.css","File",".css","1842","2026-09-24T00:18:22.0000000Z","False"
"CWMS_RTS","HEC-RTS-3.6.0\HEC-RTS\javaDocs\script-dir\jquery-ui.min.js","File",".js","32680","2026-09-24T00:18:22.0000000Z","False"
"CWMS_RTS","HEC-RTS-3.6.0\HEC-RTS\javaDocs\search.js","File",".js","17406","2026-09-24T00:18:22.0000000Z","False"
"CWMS_RTS","HEC-RTS-3.6.0\HEC-RTS\javaDocs\search-page.js","File",".js","11245","2026-09-24T00:18:22.0000000Z","False"
"CWMS_RTS","HEC-RTS-3.6.0\HEC-RTS\javaDocs\tag-search-index.js","File",".js","1854","2026-09-24T00:18:22.0000000Z","False"
"CWMS_RTS","HEC-RTS-3.6.0\HEC-RTS\javaDocs\type-search-index.js","File",".js","189296","2026-09-24T00:18:22.0000000Z","False"
"CWMS_RTS","HEC-RTS-3.6.0\HEC-RTS\menus.config","File",".config","8803","2026-09-24T00:18:34.0000000Z","False"
"CWMS_RTS","HEC-RTS-3.6.0\HEC-RTS\module\Dashboard\dashboard\config\Modules\mil-army-usace-hec-dashboard-branding.xml","File",".xml","487","2026-09-24T00:18:00.0000000Z","False"
"CWMS_RTS","HEC-RTS-3.6.0\HEC-RTS\module\Dashboard\dashboard\config\Modules\mil-army-usace-hec-dashboard-dashboard.xml","File",".xml","489","2026-09-24T00:18:00.0000000Z","False"
"CWMS_RTS","HEC-RTS-3.6.0\HEC-RTS\module\Dashboard\dashboard\modules\ext\mil.army.usace.hec.dashboard-dashboard\mil-army-usace-hec\hec-script-gui.jar","File",".jar","63157","2026-09-24T00:18:00.0000000Z","False"
"CWMS_RTS","HEC-RTS-3.6.0\HEC-RTS\module\Dashboard\dashboard\modules\ext\mil.army.usace.hec.dashboard-dashboard\mil-army-usace-hec\hec-watershed.jar","File",".jar","835219","2026-09-24T00:18:00.0000000Z","False"
"CWMS_RTS","HEC-RTS-3.6.0\HEC-RTS\module\Dashboard\dashboard\update_tracking\mil-army-usace-hec-dashboard-branding.xml","File",".xml","774","2026-09-24T00:18:00.0000000Z","False"
"CWMS_RTS","HEC-RTS-3.6.0\HEC-RTS\module\Dashboard\dashboard\update_tracking\mil-army-usace-hec-dashboard-dashboard.xml","File",".xml","11045","2026-09-24T00:18:00.0000000Z","False"
"CWMS_RTS","HEC-RTS-3.6.0\HEC-RTS\module\Dashboard\extra\config\Modules\angus_activation.xml","File",".xml","405","2026-09-24T00:18:00.0000000Z","False"
"CWMS_RTS","HEC-RTS-3.6.0\HEC-RTS\module\Dashboard\extra\config\Modules\checker_qual.xml","File",".xml","397","2026-09-24T00:18:00.0000000Z","False"
"CWMS_RTS","HEC-RTS-3.6.0\HEC-RTS\module\Dashboard\extra\config\Modules\com-fasterxml-jackson-dataformat-jackson_dataformat_xml.xml","File",".xml","483","2026-09-24T00:18:00.0000000Z","False"
"CWMS_RTS","HEC-RTS-3.6.0\HEC-RTS\module\Dashboard\extra\config\Modules\com-fasterxml-jackson-datatype-jackson_datatype_json_org.xml","File",".xml","485","2026-09-24T00:18:00.0000000Z","False"
"CWMS_RTS","HEC-RTS-3.6.0\HEC-RTS\module\Dashboard\extra\config\Modules\com-fasterxml-jackson-datatype-jackson_datatype_jsr310.xml","File",".xml","481","2026-09-24T00:18:00.0000000Z","False"
"CWMS_RTS","HEC-RTS-3.6.0\HEC-RTS\module\Dashboard\extra\config\Modules\com-fasterxml-woodstox-woodstox_core.xml","File",".xml","445","2026-09-24T00:18:00.0000000Z","False"
"CWMS_RTS","HEC-RTS-3.6.0\HEC-RTS\module\Dashboard\extra\config\Modules\com-google-guava.xml","File",".xml","405","2026-09-24T00:18:00.0000000Z","False"
"CWMS_RTS","HEC-RTS-3.6.0\HEC-RTS\module\Dashboard\extra\config\Modules\com-google-guava-failureaccess.xml","File",".xml","433","2026-09-24T00:18:00.0000000Z","False"
"CWMS_RTS","HEC-RTS-3.6.0\HEC-RTS\module\Dashboard\extra\config\Modules\com-sun-xml-bind-jaxb_core.xml","File",".xml","425","2026-09-24T00:18:00.0000000Z","False"
"CWMS_RTS","HEC-RTS-3.6.0\HEC-RTS\module\Dashboard\extra\config\Modules\com-sun-xml-bind-jaxb_impl.xml","File",".xml","425","2026-09-24T00:18:00.0000000Z","False"
"CWMS_RTS","HEC-RTS-3.6.0\HEC-RTS\module\Dashboard\extra\config\Modules\json.xml","File",".xml","381","2026-09-24T00:18:00.0000000Z","False"
"CWMS_RTS","HEC-RTS-3.6.0\HEC-RTS\module\Dashboard\extra\config\Modules\mxparser.xml","File",".xml","389","2026-09-24T00:18:00.0000000Z","False"
"CWMS_RTS","HEC-RTS-3.6.0\HEC-RTS\module\Dashboard\extra\config\Modules\net-java-html-boot-script.xml","File",".xml","423","2026-09-24T00:18:00.0000000Z","False"
"CWMS_RTS","HEC-RTS-3.6.0\HEC-RTS\module\Dashboard\extra\config\Modules\net-java-html-geo.xml","File",".xml","407","2026-09-24T00:18:00.0000000Z","False"
"CWMS_RTS","HEC-RTS-3.6.0\HEC-RTS\module\Dashboard\extra\config\Modules\net-java-html-sound.xml","File",".xml","411","2026-09-24T00:18:00.0000000Z","False"
"CWMS_RTS","HEC-RTS-3.6.0\HEC-RTS\module\Dashboard\extra\config\Modules\org-apache-commons-lang3.xml","File",".xml","421","2026-09-24T00:18:00.0000000Z","False"
"CWMS_RTS","HEC-RTS-3.6.0\HEC-RTS\module\Dashboard\extra\config\Modules\org-jsr_305.xml","File",".xml","395","2026-09-24T00:18:00.0000000Z","False"
"CWMS_RTS","HEC-RTS-3.6.0\HEC-RTS\module\Dashboard\extra\config\Modules\org-netbeans-html-presenters-spi.xml","File",".xml","437","2026-09-24T00:18:00.0000000Z","False"
"CWMS_RTS","HEC-RTS-3.6.0\HEC-RTS\module\Dashboard\extra\config\Modules\stax2_api.xml","File",".xml","391","2026-09-24T00:18:00.0000000Z","False"
"CWMS_RTS","HEC-RTS-3.6.0\HEC-RTS\module\Dashboard\extra\config\Modules\xstream.xml","File",".xml","387","2026-09-24T00:18:00.0000000Z","False"
"CWMS_RTS","HEC-RTS-3.6.0\HEC-RTS\module\Dashboard\extra\modules\net-java-html-boot-script.jar","File",".jar","24227","2026-09-24T00:18:00.0000000Z","False"
"CWMS_RTS","HEC-RTS-3.6.0\HEC-RTS\module\Dashboard\extra\update_tracking\angus_activation.xml","File",".xml","363","2026-09-24T00:18:00.0000000Z","False"
"CWMS_RTS","HEC-RTS-3.6.0\HEC-RTS\module\Dashboard\extra\update_tracking\checker_qual.xml","File",".xml","351","2026-09-24T00:18:00.0000000Z","False"
"CWMS_RTS","HEC-RTS-3.6.0\HEC-RTS\module\Dashboard\extra\update_tracking\com-fasterxml-jackson-dataformat-jackson_dataformat_xml.xml","File",".xml","481","2026-09-24T00:18:00.0000000Z","False"
"CWMS_RTS","HEC-RTS-3.6.0\HEC-RTS\module\Dashboard\extra\update_tracking\com-fasterxml-jackson-datatype-jackson_datatype_json_org.xml","File",".xml","484","2026-09-24T00:18:00.0000000Z","False"
"CWMS_RTS","HEC-RTS-3.6.0\HEC-RTS\module\Dashboard\extra\update_tracking\com-fasterxml-jackson-datatype-jackson_datatype_jsr310.xml","File",".xml","477","2026-09-24T00:18:00.0000000Z","False"
"CWMS_RTS","HEC-RTS-3.6.0\HEC-RTS\module\Dashboard\extra\update_tracking\com-fasterxml-woodstox-woodstox_core.xml","File",".xml","422","2026-09-24T00:18:00.0000000Z","False"
"CWMS_RTS","HEC-RTS-3.6.0\HEC-RTS\module\Dashboard\extra\update_tracking\com-google-guava.xml","File",".xml","368","2026-09-24T00:18:00.0000000Z","False"
"CWMS_RTS","HEC-RTS-3.6.0\HEC-RTS\module\Dashboard\extra\update_tracking\com-google-guava-failureaccess.xml","File",".xml","403","2026-09-24T00:18:00.0000000Z","False"
"CWMS_RTS","HEC-RTS-3.6.0\HEC-RTS\module\Dashboard\extra\update_tracking\com-sun-xml-bind-jaxb_core.xml","File",".xml","392","2026-09-24T00:18:00.0000000Z","False"
"CWMS_RTS","HEC-RTS-3.6.0\HEC-RTS\module\Dashboard\extra\update_tracking\com-sun-xml-bind-jaxb_impl.xml","File",".xml","393","2026-09-24T00:18:00.0000000Z","False"
"CWMS_RTS","HEC-RTS-3.6.0\HEC-RTS\module\Dashboard\extra\update_tracking\json.xml","File",".xml","334","2026-09-24T00:18:00.0000000Z","False"
"CWMS_RTS","HEC-RTS-3.6.0\HEC-RTS\module\Dashboard\extra\update_tracking\mxparser.xml","File",".xml","339","2026-09-24T00:18:00.0000000Z","False"
"CWMS_RTS","HEC-RTS-3.6.0\HEC-RTS\module\Dashboard\extra\update_tracking\net-java-html-boot-script.xml","File",".xml","389","2026-09-24T00:18:00.0000000Z","False"
"CWMS_RTS","HEC-RTS-3.6.0\HEC-RTS\module\Dashboard\extra\update_tracking\net-java-html-geo.xml","File",".xml","365","2026-09-24T00:18:00.0000000Z","False"
"CWMS_RTS","HEC-RTS-3.6.0\HEC-RTS\module\Dashboard\extra\update_tracking\net-java-html-sound.xml","File",".xml","372","2026-09-24T00:18:00.0000000Z","False"
"CWMS_RTS","HEC-RTS-3.6.0\HEC-RTS\module\Dashboard\extra\update_tracking\org-apache-commons-lang3.xml","File",".xml","386","2026-09-24T00:18:00.0000000Z","False"
"CWMS_RTS","HEC-RTS-3.6.0\HEC-RTS\module\Dashboard\extra\update_tracking\org-jsr_305.xml","File",".xml","346","2026-09-24T00:18:00.0000000Z","False"
"CWMS_RTS","HEC-RTS-3.6.0\HEC-RTS\module\Dashboard\extra\update_tracking\org-netbeans-html-presenters-spi.xml","File",".xml","411","2026-09-24T00:18:00.0000000Z","False"
"CWMS_RTS","HEC-RTS-3.6.0\HEC-RTS\module\Dashboard\extra\update_tracking\stax2_api.xml","File",".xml","341","2026-09-24T00:18:00.0000000Z","False"
"CWMS_RTS","HEC-RTS-3.6.0\HEC-RTS\module\Dashboard\extra\update_tracking\xstream.xml","File",".xml","336","2026-09-24T00:18:00.0000000Z","False"
"CWMS_RTS","HEC-RTS-3.6.0\HEC-RTS\module\Dashboard\platform\config\ModuleAutoDeps\org-apache-commons-commons_io.xml","File",".xml","1703","2026-09-24T00:18:00.0000000Z","False"
"CWMS_RTS","HEC-RTS-3.6.0\HEC-RTS\module\Dashboard\platform\config\ModuleAutoDeps\org-netbeans-api-progress.xml","File",".xml","1705","2026-09-24T00:18:00.0000000Z","False"
"CWMS_RTS","HEC-RTS-3.6.0\HEC-RTS\module\Dashboard\platform\config\ModuleAutoDeps\org-netbeans-core.xml","File",".xml","4668","2026-09-24T00:18:00.0000000Z","False"
"CWMS_RTS","HEC-RTS-3.6.0\HEC-RTS\module\Dashboard\platform\config\ModuleAutoDeps\org-netbeans-core-startup.xml","File",".xml","1605","2026-09-24T00:18:00.0000000Z","False"
"CWMS_RTS","HEC-RTS-3.6.0\HEC-RTS\module\Dashboard\platform\config\ModuleAutoDeps\org-netbeans-modules-masterfs.xml","File",".xml","1706","2026-09-24T00:18:00.0000000Z","False"
"CWMS_RTS","HEC-RTS-3.6.0\HEC-RTS\module\Dashboard\platform\config\ModuleAutoDeps\org-netbeans-modules-options-api.xml","File",".xml","1680","2026-09-24T00:18:00.0000000Z","False"
"CWMS_RTS","HEC-RTS-3.6.0\HEC-RTS\module\Dashboard\platform\config\ModuleAutoDeps\org-netbeans-modules-queries.xml","File",".xml","1669","2026-09-24T00:18:00.0000000Z","False"
"CWMS_RTS","HEC-RTS-3.6.0\HEC-RTS\module\Dashboard\platform\config\ModuleAutoDeps\org-openide-execution.xml","File",".xml","2259","2026-09-24T00:18:00.0000000Z","False"
"CWMS_RTS","HEC-RTS-3.6.0\HEC-RTS\module\Dashboard\platform\config\ModuleAutoDeps\org-openide-explorer.xml","File",".xml","1616","2026-09-24T00:18:00.0000000Z","False"
"CWMS_RTS","HEC-RTS-3.6.0\HEC-RTS\module\Dashboard\platform\config\ModuleAutoDeps\org-openide-filesystems.xml","File",".xml","2190","2026-09-24T00:18:00.0000000Z","False"
"CWMS_RTS","HEC-RTS-3.6.0\HEC-RTS\module\Dashboard\platform\config\ModuleAutoDeps\org-openide-loaders.xml","File",".xml","2165","2026-09-24T00:18:00.0000000Z","False"
"CWMS_RTS","HEC-RTS-3.6.0\HEC-RTS\module\Dashboard\platform\config\ModuleAutoDeps\org-openide-modules.xml","File",".xml","3028","2026-09-24T00:18:00.0000000Z","False"
"CWMS_RTS","HEC-RTS-3.6.0\HEC-RTS\module\Dashboard\platform\config\ModuleAutoDeps\org-openide-nodes.xml","File",".xml","1616","2026-09-24T00:18:00.0000000Z","False"
"CWMS_RTS","HEC-RTS-3.6.0\HEC-RTS\module\Dashboard\platform\config\ModuleAutoDeps\org-openide-text.xml","File",".xml","1598","2026-09-24T00:18:00.0000000Z","False"
"CWMS_RTS","HEC-RTS-3.6.0\HEC-RTS\module\Dashboard\platform\config\ModuleAutoDeps\org-openide-util.xml","File",".xml","2120","2026-09-24T00:18:00.0000000Z","False"
"CWMS_RTS","HEC-RTS-3.6.0\HEC-RTS\module\Dashboard\platform\config\Modules\net-java-html.xml","File",".xml","399","2026-09-24T00:18:00.0000000Z","False"
"CWMS_RTS","HEC-RTS-3.6.0\HEC-RTS\module\Dashboard\platform\config\Modules\net-java-html-boot.xml","File",".xml","409","2026-09-24T00:18:00.0000000Z","False"
"CWMS_RTS","HEC-RTS-3.6.0\HEC-RTS\module\Dashboard\platform\config\Modules\net-java-html-boot-fx.xml","File",".xml","415","2026-09-24T00:18:00.0000000Z","False"
"CWMS_RTS","HEC-RTS-3.6.0\HEC-RTS\module\Dashboard\platform\config\Modules\net-java-html-json.xml","File",".xml","409","2026-09-24T00:18:00.0000000Z","False"
"CWMS_RTS","HEC-RTS-3.6.0\HEC-RTS\module\Dashboard\platform\config\Modules\org-apache-commons-codec.xml","File",".xml","421","2026-09-24T00:18:00.0000000Z","False"
"CWMS_RTS","HEC-RTS-3.6.0\HEC-RTS\module\Dashboard\platform\config\Modules\org-apache-commons-commons_io.xml","File",".xml","431","2026-09-24T00:18:00.0000000Z","False"
"CWMS_RTS","HEC-RTS-3.6.0\HEC-RTS\module\Dashboard\platform\config\Modules\org-netbeans-api-annotations-common.xml","File",".xml","443","2026-09-24T00:18:00.0000000Z","False"
"CWMS_RTS","HEC-RTS-3.6.0\HEC-RTS\module\Dashboard\platform\config\Modules\org-netbeans-api-dashboard.xml","File",".xml","425","2026-09-24T00:18:00.0000000Z","False"
"CWMS_RTS","HEC-RTS-3.6.0\HEC-RTS\module\Dashboard\platform\config\Modules\org-netbeans-api-htmlui.xml","File",".xml","419","2026-09-24T00:18:00.0000000Z","False"
"CWMS_RTS","HEC-RTS-3.6.0\HEC-RTS\module\Dashboard\platform\config\Modules\org-netbeans-api-intent.xml","File",".xml","419","2026-09-24T00:18:00.0000000Z","False"
"CWMS_RTS","HEC-RTS-3.6.0\HEC-RTS\module\Dashboard\platform\config\Modules\org-netbeans-api-io.xml","File",".xml","411","2026-09-24T00:18:00.0000000Z","False"
"CWMS_RTS","HEC-RTS-3.6.0\HEC-RTS\module\Dashboard\platform\config\Modules\org-netbeans-api-progress.xml","File",".xml","423","2026-09-24T00:18:00.0000000Z","False"
"CWMS_RTS","HEC-RTS-3.6.0\HEC-RTS\module\Dashboard\platform\config\Modules\org-netbeans-api-progress-compat8.xml","File",".xml","439","2026-09-24T00:18:00.0000000Z","False"
"CWMS_RTS","HEC-RTS-3.6.0\HEC-RTS\module\Dashboard\platform\config\Modules\org-netbeans-api-progress-nb.xml","File",".xml","429","2026-09-24T00:18:00.0000000Z","False"
"CWMS_RTS","HEC-RTS-3.6.0\HEC-RTS\module\Dashboard\platform\config\Modules\org-netbeans-api-scripting.xml","File",".xml","425","2026-09-24T00:18:00.0000000Z","False"
"CWMS_RTS","HEC-RTS-3.6.0\HEC-RTS\module\Dashboard\platform\config\Modules\org-netbeans-api-search.xml","File",".xml","419","2026-09-24T00:18:00.0000000Z","False"
"CWMS_RTS","HEC-RTS-3.6.0\HEC-RTS\module\Dashboard\platform\config\Modules\org-netbeans-api-templates.xml","File",".xml","425","2026-09-24T00:18:00.0000000Z","False"
"CWMS_RTS","HEC-RTS-3.6.0\HEC-RTS\module\Dashboard\platform\config\Modules\org-netbeans-api-visual.xml","File",".xml","419","2026-09-24T00:18:00.0000000Z","False"
"CWMS_RTS","HEC-RTS-3.6.0\HEC-RTS\module\Dashboard\platform\config\Modules\org-netbeans-core.xml","File",".xml","447","2026-09-24T00:18:00.0000000Z","False"
"CWMS_RTS","HEC-RTS-3.6.0\HEC-RTS\module\Dashboard\platform\config\Modules\org-netbeans-core-execution.xml","File",".xml","427","2026-09-24T00:18:00.0000000Z","False"
"CWMS_RTS","HEC-RTS-3.6.0\HEC-RTS\module\Dashboard\platform\config\Modules\org-netbeans-core-io-ui.xml","File",".xml","419","2026-09-24T00:18:00.0000000Z","False"
"CWMS_RTS","HEC-RTS-3.6.0\HEC-RTS\module\Dashboard\platform\config\Modules\org-netbeans-core-multitabs.xml","File",".xml","427","2026-09-24T00:18:00.0000000Z","False"
"CWMS_RTS","HEC-RTS-3.6.0\HEC-RTS\module\Dashboard\platform\config\Modules\org-netbeans-core-multiview.xml","File",".xml","427","2026-09-24T00:18:00.0000000Z","False"
"CWMS_RTS","HEC-RTS-3.6.0\HEC-RTS\module\Dashboard\platform\config\Modules\org-netbeans-core-nativeaccess.xml","File",".xml","433","2026-09-24T00:18:00.0000000Z","False"
"CWMS_RTS","HEC-RTS-3.6.0\HEC-RTS\module\Dashboard\platform\config\Modules\org-netbeans-core-netigso.xml","File",".xml","423","2026-09-24T00:18:00.0000000Z","False"
"CWMS_RTS","HEC-RTS-3.6.0\HEC-RTS\module\Dashboard\platform\config\Modules\org-netbeans-core-network.xml","File",".xml","423","2026-09-24T00:18:00.0000000Z","False"
"CWMS_RTS","HEC-RTS-3.6.0\HEC-RTS\module\Dashboard\platform\config\Modules\org-netbeans-core-osgi.xml","File",".xml","417","2026-09-24T00:18:00.0000000Z","False"
"CWMS_RTS","HEC-RTS-3.6.0\HEC-RTS\module\Dashboard\platform\config\Modules\org-netbeans-core-output2.xml","File",".xml","423","2026-09-24T00:18:00.0000000Z","False"
"CWMS_RTS","HEC-RTS-3.6.0\HEC-RTS\module\Dashboard\platform\config\Modules\org-netbeans-core-ui.xml","File",".xml","453","2026-09-24T00:18:00.0000000Z","False"
"CWMS_RTS","HEC-RTS-3.6.0\HEC-RTS\module\Dashboard\platform\config\Modules\org-netbeans-core-windows.xml","File",".xml","463","2026-09-24T00:18:00.0000000Z","False"
"CWMS_RTS","HEC-RTS-3.6.0\HEC-RTS\module\Dashboard\platform\config\Modules\org-netbeans-html-ko4j.xml","File",".xml","417","2026-09-24T00:18:00.0000000Z","False"
"CWMS_RTS","HEC-RTS-3.6.0\HEC-RTS\module\Dashboard\platform\config\Modules\org-netbeans-html-xhr4j.xml","File",".xml","419","2026-09-24T00:18:00.0000000Z","False"
"CWMS_RTS","HEC-RTS-3.6.0\HEC-RTS\module\Dashboard\platform\config\Modules\org-netbeans-libs-felix.xml","File",".xml","459","2026-09-24T00:18:00.0000000Z","False"
"CWMS_RTS","HEC-RTS-3.6.0\HEC-RTS\module\Dashboard\platform\config\Modules\org-netbeans-libs-flatlaf.xml","File",".xml","423","2026-09-24T00:18:00.0000000Z","False"
"CWMS_RTS","HEC-RTS-3.6.0\HEC-RTS\module\Dashboard\platform\config\Modules\org-netbeans-libs-javafx.xml","File",".xml","421","2026-09-24T00:18:00.0000000Z","False"
"CWMS_RTS","HEC-RTS-3.6.0\HEC-RTS\module\Dashboard\platform\config\Modules\org-netbeans-libs-javax-inject.xml","File",".xml","433","2026-09-24T00:18:00.0000000Z","False"
"CWMS_RTS","HEC-RTS-3.6.0\HEC-RTS\module\Dashboard\platform\config\Modules\org-netbeans-libs-jna.xml","File",".xml","455","2026-09-24T00:18:00.0000000Z","False"
"CWMS_RTS","HEC-RTS-3.6.0\HEC-RTS\module\Dashboard\platform\config\Modules\org-netbeans-libs-jna-platform.xml","File",".xml","433","2026-09-24T00:18:00.0000000Z","False"
"CWMS_RTS","HEC-RTS-3.6.0\HEC-RTS\module\Dashboard\platform\config\Modules\org-netbeans-libs-jsr223.xml","File",".xml","421","2026-09-24T00:18:00.0000000Z","False"
"CWMS_RTS","HEC-RTS-3.6.0\HEC-RTS\module\Dashboard\platform\config\Modules\org-netbeans-libs-jsvg.xml","File",".xml","417","2026-09-24T00:18:00.0000000Z","False"
"CWMS_RTS","HEC-RTS-3.6.0\HEC-RTS\module\Dashboard\platform\config\Modules\org-netbeans-libs-junit4.xml","File",".xml","421","2026-09-24T00:18:00.0000000Z","False"
"CWMS_RTS","HEC-RTS-3.6.0\HEC-RTS\module\Dashboard\platform\config\Modules\org-netbeans-libs-junit5.xml","File",".xml","421","2026-09-24T00:18:00.0000000Z","False"
"CWMS_RTS","HEC-RTS-3.6.0\HEC-RTS\module\Dashboard\platform\config\Modules\org-netbeans-libs-osgi.xml","File",".xml","417","2026-09-24T00:18:00.0000000Z","False"
"CWMS_RTS","HEC-RTS-3.6.0\HEC-RTS\module\Dashboard\platform\config\Modules\org-netbeans-libs-testng.xml","File",".xml","421","2026-09-24T00:18:00.0000000Z","False"
"CWMS_RTS","HEC-RTS-3.6.0\HEC-RTS\module\Dashboard\platform\config\Modules\org-netbeans-lib-uihandler.xml","File",".xml","425","2026-09-24T00:18:00.0000000Z","False"
"CWMS_RTS","HEC-RTS-3.6.0\HEC-RTS\module\Dashboard\platform\config\Modules\org-netbeans-modules-applemenu.xml","File",".xml","433","2026-09-24T00:18:00.0000000Z","False"
"CWMS_RTS","HEC-RTS-3.6.0\HEC-RTS\module\Dashboard\platform\config\Modules\org-netbeans-modules-autoupdate-cli.xml","File",".xml","483","2026-09-24T00:18:00.0000000Z","False"
"CWMS_RTS","HEC-RTS-3.6.0\HEC-RTS\module\Dashboard\platform\config\Modules\org-netbeans-modules-autoupdate-services.xml","File",".xml","453","2026-09-24T00:18:00.0000000Z","False"
"CWMS_RTS","HEC-RTS-3.6.0\HEC-RTS\module\Dashboard\platform\config\Modules\org-netbeans-modules-autoupdate-ui.xml","File",".xml","481","2026-09-24T00:18:00.0000000Z","False"
"CWMS_RTS","HEC-RTS-3.6.0\HEC-RTS\module\Dashboard\platform\config\Modules\org-netbeans-modules-core-kit.xml","File",".xml","471","2026-09-24T00:18:00.0000000Z","False"
"CWMS_RTS","HEC-RTS-3.6.0\HEC-RTS\module\Dashboard\platform\config\Modules\org-netbeans-modules-editor-mimelookup.xml","File",".xml","449","2026-09-24T00:18:00.0000000Z","False"
"CWMS_RTS","HEC-RTS-3.6.0\HEC-RTS\module\Dashboard\platform\config\Modules\org-netbeans-modules-editor-mimelookup-impl.xml","File",".xml","459","2026-09-24T00:18:00.0000000Z","False"
"CWMS_RTS","HEC-RTS-3.6.0\HEC-RTS\module\Dashboard\platform\config\Modules\org-netbeans-modules-favorites.xml","File",".xml","473","2026-09-24T00:18:00.0000000Z","False"
"CWMS_RTS","HEC-RTS-3.6.0\HEC-RTS\module\Dashboard\platform\config\Modules\org-netbeans-modules-htmlui.xml","File",".xml","427","2026-09-24T00:18:00.0000000Z","False"
"CWMS_RTS","HEC-RTS-3.6.0\HEC-RTS\module\Dashboard\platform\config\Modules\org-netbeans-modules-janitor.xml","File",".xml","429","2026-09-24T00:18:00.0000000Z","False"
"CWMS_RTS","HEC-RTS-3.6.0\HEC-RTS\module\Dashboard\platform\config\Modules\org-netbeans-modules-javahelp.xml","File",".xml","431","2026-09-24T00:18:00.0000000Z","False"
"CWMS_RTS","HEC-RTS-3.6.0\HEC-RTS\module\Dashboard\platform\config\Modules\org-netbeans-modules-keyring.xml","File",".xml","429","2026-09-24T00:18:00.0000000Z","False"
"CWMS_RTS","HEC-RTS-3.6.0\HEC-RTS\module\Dashboard\platform\config\Modules\org-netbeans-modules-keyring-fallback.xml","File",".xml","487","2026-09-24T00:18:00.0000000Z","False"
"CWMS_RTS","HEC-RTS-3.6.0\HEC-RTS\module\Dashboard\platform\config\Modules\org-netbeans-modules-keyring-impl.xml","File",".xml","439","2026-09-24T00:18:00.0000000Z","False"
"CWMS_RTS","HEC-RTS-3.6.0\HEC-RTS\module\Dashboard\platform\config\Modules\org-netbeans-modules-masterfs.xml","File",".xml","471","2026-09-24T00:18:00.0000000Z","False"
"CWMS_RTS","HEC-RTS-3.6.0\HEC-RTS\module\Dashboard\platform\config\Modules\org-netbeans-modules-masterfs-linux.xml","File",".xml","443","2026-09-24T00:18:00.0000000Z","False"
"CWMS_RTS","HEC-RTS-3.6.0\HEC-RTS\module\Dashboard\platform\config\Modules\org-netbeans-modules-masterfs-macosx.xml","File",".xml","445","2026-09-24T00:18:00.0000000Z","False"
"CWMS_RTS","HEC-RTS-3.6.0\HEC-RTS\module\Dashboard\platform\config\Modules\org-netbeans-modules-masterfs-nio2.xml","File",".xml","441","2026-09-24T00:18:00.0000000Z","False"
"CWMS_RTS","HEC-RTS-3.6.0\HEC-RTS\module\Dashboard\platform\config\Modules\org-netbeans-modules-masterfs-ui.xml","File",".xml","437","2026-09-24T00:18:00.0000000Z","False"
"CWMS_RTS","HEC-RTS-3.6.0\HEC-RTS\module\Dashboard\platform\config\Modules\org-netbeans-modules-masterfs-windows.xml","File",".xml","447","2026-09-24T00:18:00.0000000Z","False"
"CWMS_RTS","HEC-RTS-3.6.0\HEC-RTS\module\Dashboard\platform\config\Modules\org-netbeans-modules-netbinox.xml","File",".xml","431","2026-09-24T00:18:00.0000000Z","False"
"CWMS_RTS","HEC-RTS-3.6.0\HEC-RTS\module\Dashboard\platform\config\Modules\org-netbeans-modules-options-api.xml","File",".xml","477","2026-09-24T00:18:00.0000000Z","False"
"CWMS_RTS","HEC-RTS-3.6.0\HEC-RTS\module\Dashboard\platform\config\Modules\org-netbeans-modules-options-keymap.xml","File",".xml","483","2026-09-24T00:18:00.0000000Z","False"
"CWMS_RTS","HEC-RTS-3.6.0\HEC-RTS\module\Dashboard\platform\config\Modules\org-netbeans-modules-print.xml","File",".xml","465","2026-09-24T00:18:00.0000000Z","False"
"CWMS_RTS","HEC-RTS-3.6.0\HEC-RTS\module\Dashboard\platform\config\Modules\org-netbeans-modules-progress-ui.xml","File",".xml","437","2026-09-24T00:18:00.0000000Z","False"
"CWMS_RTS","HEC-RTS-3.6.0\HEC-RTS\module\Dashboard\platform\config\Modules\org-netbeans-modules-queries.xml","File",".xml","429","2026-09-24T00:18:00.0000000Z","False"
"CWMS_RTS","HEC-RTS-3.6.0\HEC-RTS\module\Dashboard\platform\config\Modules\org-netbeans-modules-sampler.xml","File",".xml","429","2026-09-24T00:18:00.0000000Z","False"
"CWMS_RTS","HEC-RTS-3.6.0\HEC-RTS\module\Dashboard\platform\config\Modules\org-netbeans-modules-sendopts.xml","File",".xml","431","2026-09-24T00:18:00.0000000Z","False"
"CWMS_RTS","HEC-RTS-3.6.0\HEC-RTS\module\Dashboard\platform\config\Modules\org-netbeans-modules-settings.xml","File",".xml","431","2026-09-24T00:18:00.0000000Z","False"
"CWMS_RTS","HEC-RTS-3.6.0\HEC-RTS\module\Dashboard\platform\config\Modules\org-netbeans-modules-spi-actions.xml","File",".xml","437","2026-09-24T00:18:00.0000000Z","False"
"CWMS_RTS","HEC-RTS-3.6.0\HEC-RTS\module\Dashboard\platform\config\Modules\org-netbeans-modules-templates.xml","File",".xml","473","2026-09-24T00:18:00.0000000Z","False"
"CWMS_RTS","HEC-RTS-3.6.0\HEC-RTS\module\Dashboard\platform\config\Modules\org-netbeans-modules-templatesui.xml","File",".xml","437","2026-09-24T00:18:00.0000000Z","False"
"CWMS_RTS","HEC-RTS-3.6.0\HEC-RTS\module\Dashboard\platform\config\Modules\org-netbeans-modules-uihandler.xml","File",".xml","433","2026-09-24T00:18:00.0000000Z","False"
"CWMS_RTS","HEC-RTS-3.6.0\HEC-RTS\module\Dashboard\platform\config\Modules\org-netbeans-spi-quicksearch.xml","File",".xml","429","2026-09-24T00:18:00.0000000Z","False"
"CWMS_RTS","HEC-RTS-3.6.0\HEC-RTS\module\Dashboard\platform\config\Modules\org-netbeans-swing-laf-dark.xml","File",".xml","427","2026-09-24T00:18:00.0000000Z","False"
"CWMS_RTS","HEC-RTS-3.6.0\HEC-RTS\module\Dashboard\platform\config\Modules\org-netbeans-swing-laf-flatlaf.xml","File",".xml","473","2026-09-24T00:18:00.0000000Z","False"
"CWMS_RTS","HEC-RTS-3.6.0\HEC-RTS\module\Dashboard\platform\config\Modules\org-netbeans-swing-outline.xml","File",".xml","425","2026-09-24T00:18:00.0000000Z","False"
"CWMS_RTS","HEC-RTS-3.6.0\HEC-RTS\module\Dashboard\platform\config\Modules\org-netbeans-swing-plaf.xml","File",".xml","459","2026-09-24T00:18:00.0000000Z","False"
"CWMS_RTS","HEC-RTS-3.6.0\HEC-RTS\module\Dashboard\platform\config\Modules\org-netbeans-swing-tabcontrol.xml","File",".xml","431","2026-09-24T00:18:00.0000000Z","False"
"CWMS_RTS","HEC-RTS-3.6.0\HEC-RTS\module\Dashboard\platform\config\Modules\org-openide-actions.xml","File",".xml","411","2026-09-24T00:18:00.0000000Z","False"
"CWMS_RTS","HEC-RTS-3.6.0\HEC-RTS\module\Dashboard\platform\config\Modules\org-openide-awt.xml","File",".xml","403","2026-09-24T00:18:00.0000000Z","False"
"CWMS_RTS","HEC-RTS-3.6.0\HEC-RTS\module\Dashboard\platform\config\Modules\org-openide-compat.xml","File",".xml","409","2026-09-24T00:18:00.0000000Z","False"
"CWMS_RTS","HEC-RTS-3.6.0\HEC-RTS\module\Dashboard\platform\config\Modules\org-openide-dialogs.xml","File",".xml","411","2026-09-24T00:18:00.0000000Z","False"
"CWMS_RTS","HEC-RTS-3.6.0\HEC-RTS\module\Dashboard\platform\config\Modules\org-openide-execution.xml","File",".xml","415","2026-09-24T00:18:00.0000000Z","False"
"CWMS_RTS","HEC-RTS-3.6.0\HEC-RTS\module\Dashboard\platform\config\Modules\org-openide-execution-compat8.xml","File",".xml","431","2026-09-24T00:18:00.0000000Z","False"
"CWMS_RTS","HEC-RTS-3.6.0\HEC-RTS\module\Dashboard\platform\config\Modules\org-openide-explorer.xml","File",".xml","413","2026-09-24T00:18:00.0000000Z","False"
"CWMS_RTS","HEC-RTS-3.6.0\HEC-RTS\module\Dashboard\platform\config\Modules\org-openide-filesystems-nb.xml","File",".xml","425","2026-09-24T00:18:00.0000000Z","False"
"CWMS_RTS","HEC-RTS-3.6.0\HEC-RTS\module\Dashboard\platform\config\Modules\org-openide-io.xml","File",".xml","401","2026-09-24T00:18:00.0000000Z","False"
"CWMS_RTS","HEC-RTS-3.6.0\HEC-RTS\module\Dashboard\platform\config\Modules\org-openide-loaders.xml","File",".xml","411","2026-09-24T00:18:00.0000000Z","False"
"CWMS_RTS","HEC-RTS-3.6.0\HEC-RTS\module\Dashboard\platform\config\Modules\org-openide-nodes.xml","File",".xml","407","2026-09-24T00:18:00.0000000Z","False"
"CWMS_RTS","HEC-RTS-3.6.0\HEC-RTS\module\Dashboard\platform\config\Modules\org-openide-text.xml","File",".xml","405","2026-09-24T00:18:00.0000000Z","False"
"CWMS_RTS","HEC-RTS-3.6.0\HEC-RTS\module\Dashboard\platform\config\Modules\org-openide-util-ui-svg.xml","File",".xml","419","2026-09-24T00:18:00.0000000Z","False"
"CWMS_RTS","HEC-RTS-3.6.0\HEC-RTS\module\Dashboard\platform\config\Modules\org-openide-windows.xml","File",".xml","411","2026-09-24T00:18:00.0000000Z","False"
"CWMS_RTS","HEC-RTS-3.6.0\HEC-RTS\module\Dashboard\platform\modules\org-netbeans-api-scripting.jar","File",".jar","211277","2026-09-24T00:18:00.0000000Z","False"
"CWMS_RTS","HEC-RTS-3.6.0\HEC-RTS\module\Dashboard\platform\update_tracking\net-java-html.xml","File",".xml","354","2026-09-24T00:18:00.0000000Z","False"
"CWMS_RTS","HEC-RTS-3.6.0\HEC-RTS\module\Dashboard\platform\update_tracking\net-java-html-boot.xml","File",".xml","368","2026-09-24T00:18:00.0000000Z","False"
"CWMS_RTS","HEC-RTS-3.6.0\HEC-RTS\module\Dashboard\platform\update_tracking\net-java-html-boot-fx.xml","File",".xml","377","2026-09-24T00:18:00.0000000Z","False"
"CWMS_RTS","HEC-RTS-3.6.0\HEC-RTS\module\Dashboard\platform\update_tracking\net-java-html-json.xml","File",".xml","368","2026-09-24T00:18:00.0000000Z","False"
"CWMS_RTS","HEC-RTS-3.6.0\HEC-RTS\module\Dashboard\platform\update_tracking\org-apache-commons-codec.xml","File",".xml","387","2026-09-24T00:18:00.0000000Z","False"
"CWMS_RTS","HEC-RTS-3.6.0\HEC-RTS\module\Dashboard\platform\update_tracking\org-apache-commons-commons_io.xml","File",".xml","569","2026-09-24T00:18:00.0000000Z","False"
"CWMS_RTS","HEC-RTS-3.6.0\HEC-RTS\module\Dashboard\platform\update_tracking\org-netbeans-api-annotations-common.xml","File",".xml","421","2026-09-24T00:18:00.0000000Z","False"
"CWMS_RTS","HEC-RTS-3.6.0\HEC-RTS\module\Dashboard\platform\update_tracking\org-netbeans-api-dashboard.xml","File",".xml","393","2026-09-24T00:18:00.0000000Z","False"
"CWMS_RTS","HEC-RTS-3.6.0\HEC-RTS\module\Dashboard\platform\update_tracking\org-netbeans-api-htmlui.xml","File",".xml","383","2026-09-24T00:18:00.0000000Z","False"
"CWMS_RTS","HEC-RTS-3.6.0\HEC-RTS\module\Dashboard\platform\update_tracking\org-netbeans-api-intent.xml","File",".xml","381","2026-09-24T00:18:00.0000000Z","False"
"CWMS_RTS","HEC-RTS-3.6.0\HEC-RTS\module\Dashboard\platform\update_tracking\org-netbeans-api-io.xml","File",".xml","370","2026-09-24T00:18:00.0000000Z","False"
"CWMS_RTS","HEC-RTS-3.6.0\HEC-RTS\module\Dashboard\platform\update_tracking\org-netbeans-api-progress.xml","File",".xml","483","2026-09-24T00:18:00.0000000Z","False"
"CWMS_RTS","HEC-RTS-3.6.0\HEC-RTS\module\Dashboard\platform\update_tracking\org-netbeans-api-progress-compat8.xml","File",".xml","412","2026-09-24T00:18:00.0000000Z","False"
"CWMS_RTS","HEC-RTS-3.6.0\HEC-RTS\module\Dashboard\platform\update_tracking\org-netbeans-api-progress-nb.xml","File",".xml","398","2026-09-24T00:18:00.0000000Z","False"
"CWMS_RTS","HEC-RTS-3.6.0\HEC-RTS\module\Dashboard\platform\update_tracking\org-netbeans-api-scripting.xml","File",".xml","392","2026-09-24T00:18:00.0000000Z","False"
"CWMS_RTS","HEC-RTS-3.6.0\HEC-RTS\module\Dashboard\platform\update_tracking\org-netbeans-api-search.xml","File",".xml","383","2026-09-24T00:18:00.0000000Z","False"
"CWMS_RTS","HEC-RTS-3.6.0\HEC-RTS\module\Dashboard\platform\update_tracking\org-netbeans-api-templates.xml","File",".xml","391","2026-09-24T00:18:00.0000000Z","False"
"CWMS_RTS","HEC-RTS-3.6.0\HEC-RTS\module\Dashboard\platform\update_tracking\org-netbeans-api-visual.xml","File",".xml","383","2026-09-24T00:18:00.0000000Z","False"
"CWMS_RTS","HEC-RTS-3.6.0\HEC-RTS\module\Dashboard\platform\update_tracking\org-netbeans-bootstrap.xml","File",".xml","554","2026-09-24T00:18:00.0000000Z","False"
"CWMS_RTS","HEC-RTS-3.6.0\HEC-RTS\module\Dashboard\platform\update_tracking\org-netbeans-core.xml","File",".xml","450","2026-09-24T00:18:00.0000000Z","False"
"CWMS_RTS","HEC-RTS-3.6.0\HEC-RTS\module\Dashboard\platform\update_tracking\org-netbeans-core-execution.xml","File",".xml","396","2026-09-24T00:18:00.0000000Z","False"
"CWMS_RTS","HEC-RTS-3.6.0\HEC-RTS\module\Dashboard\platform\update_tracking\org-netbeans-core-io-ui.xml","File",".xml","384","2026-09-24T00:18:00.0000000Z","False"
"CWMS_RTS","HEC-RTS-3.6.0\HEC-RTS\module\Dashboard\platform\update_tracking\org-netbeans-core-multitabs.xml","File",".xml","401","2026-09-24T00:18:00.0000000Z","False"
"CWMS_RTS","HEC-RTS-3.6.0\HEC-RTS\module\Dashboard\platform\update_tracking\org-netbeans-core-multiview.xml","File",".xml","397","2026-09-24T00:18:00.0000000Z","False"
"CWMS_RTS","HEC-RTS-3.6.0\HEC-RTS\module\Dashboard\platform\update_tracking\org-netbeans-core-nativeaccess.xml","File",".xml","406","2026-09-24T00:18:00.0000000Z","False"
"CWMS_RTS","HEC-RTS-3.6.0\HEC-RTS\module\Dashboard\platform\update_tracking\org-netbeans-core-netigso.xml","File",".xml","388","2026-09-24T00:18:00.0000000Z","False"
"CWMS_RTS","HEC-RTS-3.6.0\HEC-RTS\module\Dashboard\platform\update_tracking\org-netbeans-core-network.xml","File",".xml","389","2026-09-24T00:18:00.0000000Z","False"
"CWMS_RTS","HEC-RTS-3.6.0\HEC-RTS\module\Dashboard\platform\update_tracking\org-netbeans-core-osgi.xml","File",".xml","380","2026-09-24T00:18:00.0000000Z","False"
"CWMS_RTS","HEC-RTS-3.6.0\HEC-RTS\module\Dashboard\platform\update_tracking\org-netbeans-core-output2.xml","File",".xml","391","2026-09-24T00:18:00.0000000Z","False"
"CWMS_RTS","HEC-RTS-3.6.0\HEC-RTS\module\Dashboard\platform\update_tracking\org-netbeans-core-startup.xml","File",".xml","377","2026-09-24T00:18:00.0000000Z","False"
"CWMS_RTS","HEC-RTS-3.6.0\HEC-RTS\module\Dashboard\platform\update_tracking\org-netbeans-core-startup-base.xml","File",".xml","294","2026-09-24T00:18:00.0000000Z","False"
"CWMS_RTS","HEC-RTS-3.6.0\HEC-RTS\module\Dashboard\platform\update_tracking\org-netbeans-core-ui.xml","File",".xml","376","2026-09-24T00:18:00.0000000Z","False"
"CWMS_RTS","HEC-RTS-3.6.0\HEC-RTS\module\Dashboard\platform\update_tracking\org-netbeans-core-windows.xml","File",".xml","392","2026-09-24T00:18:00.0000000Z","False"
"CWMS_RTS","HEC-RTS-3.6.0\HEC-RTS\module\Dashboard\platform\update_tracking\org-netbeans-html-ko4j.xml","File",".xml","380","2026-09-24T00:18:00.0000000Z","False"
"CWMS_RTS","HEC-RTS-3.6.0\HEC-RTS\module\Dashboard\platform\update_tracking\org-netbeans-html-xhr4j.xml","File",".xml","383","2026-09-24T00:18:00.0000000Z","False"
"CWMS_RTS","HEC-RTS-3.6.0\HEC-RTS\module\Dashboard\platform\update_tracking\org-netbeans-libs-asm.xml","File",".xml","477","2026-09-24T00:18:00.0000000Z","False"
"CWMS_RTS","HEC-RTS-3.6.0\HEC-RTS\module\Dashboard\platform\update_tracking\org-netbeans-libs-felix.xml","File",".xml","467","2026-09-24T00:18:00.0000000Z","False"
"CWMS_RTS","HEC-RTS-3.6.0\HEC-RTS\module\Dashboard\platform\update_tracking\org-netbeans-libs-flatlaf.xml","File",".xml","1011","2026-09-24T00:18:00.0000000Z","False"
"CWMS_RTS","HEC-RTS-3.6.0\HEC-RTS\module\Dashboard\platform\update_tracking\org-netbeans-libs-javafx.xml","File",".xml","385","2026-09-24T00:18:00.0000000Z","False"
"CWMS_RTS","HEC-RTS-3.6.0\HEC-RTS\module\Dashboard\platform\update_tracking\org-netbeans-libs-javax-inject.xml","File",".xml","491","2026-09-24T00:18:00.0000000Z","False"
"CWMS_RTS","HEC-RTS-3.6.0\HEC-RTS\module\Dashboard\platform\update_tracking\org-netbeans-libs-jna.xml","File",".xml","1184","2026-09-24T00:18:00.0000000Z","False"
"CWMS_RTS","HEC-RTS-3.6.0\HEC-RTS\module\Dashboard\platform\update_tracking\org-netbeans-libs-jna-platform.xml","File",".xml","482","2026-09-24T00:18:00.0000000Z","False"
"CWMS_RTS","HEC-RTS-3.6.0\HEC-RTS\module\Dashboard\platform\update_tracking\org-netbeans-libs-jsr223.xml","File",".xml","387","2026-09-24T00:18:00.0000000Z","False"
"CWMS_RTS","HEC-RTS-3.6.0\HEC-RTS\module\Dashboard\platform\update_tracking\org-netbeans-libs-jsvg.xml","File",".xml","447","2026-09-24T00:18:00.0000000Z","False"
"CWMS_RTS","HEC-RTS-3.6.0\HEC-RTS\module\Dashboard\platform\update_tracking\org-netbeans-libs-junit4.xml","File",".xml","529","2026-09-24T00:18:00.0000000Z","False"
"CWMS_RTS","HEC-RTS-3.6.0\HEC-RTS\module\Dashboard\platform\update_tracking\org-netbeans-libs-junit5.xml","File",".xml","707","2026-09-24T00:18:00.0000000Z","False"
"CWMS_RTS","HEC-RTS-3.6.0\HEC-RTS\module\Dashboard\platform\update_tracking\org-netbeans-libs-osgi.xml","File",".xml","523","2026-09-24T00:18:00.0000000Z","False"
"CWMS_RTS","HEC-RTS-3.6.0\HEC-RTS\module\Dashboard\platform\update_tracking\org-netbeans-libs-testng.xml","File",".xml","600","2026-09-24T00:18:00.0000000Z","False"
"CWMS_RTS","HEC-RTS-3.6.0\HEC-RTS\module\Dashboard\platform\update_tracking\org-netbeans-lib-uihandler.xml","File",".xml","392","2026-09-24T00:18:00.0000000Z","False"
"CWMS_RTS","HEC-RTS-3.6.0\HEC-RTS\module\Dashboard\platform\update_tracking\org-netbeans-modules-applemenu.xml","File",".xml","406","2026-09-24T00:18:00.0000000Z","False"
"CWMS_RTS","HEC-RTS-3.6.0\HEC-RTS\module\Dashboard\platform\update_tracking\org-netbeans-modules-autoupdate-cli.xml","File",".xml","418","2026-09-24T00:18:00.0000000Z","False"
"CWMS_RTS","HEC-RTS-3.6.0\HEC-RTS\module\Dashboard\platform\update_tracking\org-netbeans-modules-autoupdate-services.xml","File",".xml","496","2026-09-24T00:18:00.0000000Z","False"
"CWMS_RTS","HEC-RTS-3.6.0\HEC-RTS\module\Dashboard\platform\update_tracking\org-netbeans-modules-autoupdate-ui.xml","File",".xml","415","2026-09-24T00:18:00.0000000Z","False"
"CWMS_RTS","HEC-RTS-3.6.0\HEC-RTS\module\Dashboard\platform\update_tracking\org-netbeans-modules-core-kit.xml","File",".xml","452","2026-09-24T00:18:00.0000000Z","False"
"CWMS_RTS","HEC-RTS-3.6.0\HEC-RTS\module\Dashboard\platform\update_tracking\org-netbeans-modules-editor-mimelookup.xml","File",".xml","429","2026-09-24T00:18:00.0000000Z","False"
"CWMS_RTS","HEC-RTS-3.6.0\HEC-RTS\module\Dashboard\platform\update_tracking\org-netbeans-modules-editor-mimelookup-impl.xml","File",".xml","445","2026-09-24T00:18:00.0000000Z","False"
"CWMS_RTS","HEC-RTS-3.6.0\HEC-RTS\module\Dashboard\platform\update_tracking\org-netbeans-modules-favorites.xml","File",".xml","406","2026-09-24T00:18:00.0000000Z","False"
"CWMS_RTS","HEC-RTS-3.6.0\HEC-RTS\module\Dashboard\platform\update_tracking\org-netbeans-modules-htmlui.xml","File",".xml","395","2026-09-24T00:18:00.0000000Z","False"
"CWMS_RTS","HEC-RTS-3.6.0\HEC-RTS\module\Dashboard\platform\update_tracking\org-netbeans-modules-janitor.xml","File",".xml","398","2026-09-24T00:18:00.0000000Z","False"
"CWMS_RTS","HEC-RTS-3.6.0\HEC-RTS\module\Dashboard\platform\update_tracking\org-netbeans-modules-javahelp.xml","File",".xml","403","2026-09-24T00:18:00.0000000Z","False"
"CWMS_RTS","HEC-RTS-3.6.0\HEC-RTS\module\Dashboard\platform\update_tracking\org-netbeans-modules-keyring.xml","File",".xml","397","2026-09-24T00:18:00.0000000Z","False"
"CWMS_RTS","HEC-RTS-3.6.0\HEC-RTS\module\Dashboard\platform\update_tracking\org-netbeans-modules-keyring-fallback.xml","File",".xml","424","2026-09-24T00:18:00.0000000Z","False"
"CWMS_RTS","HEC-RTS-3.6.0\HEC-RTS\module\Dashboard\platform\update_tracking\org-netbeans-modules-keyring-impl.xml","File",".xml","412","2026-09-24T00:18:00.0000000Z","False"
"CWMS_RTS","HEC-RTS-3.6.0\HEC-RTS\module\Dashboard\platform\update_tracking\org-netbeans-modules-masterfs.xml","File",".xml","503","2026-09-24T00:18:00.0000000Z","False"
"CWMS_RTS","HEC-RTS-3.6.0\HEC-RTS\module\Dashboard\platform\update_tracking\org-netbeans-modules-masterfs-linux.xml","File",".xml","418","2026-09-24T00:18:00.0000000Z","False"
"CWMS_RTS","HEC-RTS-3.6.0\HEC-RTS\module\Dashboard\platform\update_tracking\org-netbeans-modules-masterfs-macosx.xml","File",".xml","422","2026-09-24T00:18:00.0000000Z","False"
"CWMS_RTS","HEC-RTS-3.6.0\HEC-RTS\module\Dashboard\platform\update_tracking\org-netbeans-modules-masterfs-nio2.xml","File",".xml","415","2026-09-24T00:18:00.0000000Z","False"
"CWMS_RTS","HEC-RTS-3.6.0\HEC-RTS\module\Dashboard\platform\update_tracking\org-netbeans-modules-masterfs-ui.xml","File",".xml","414","2026-09-24T00:18:00.0000000Z","False"
"CWMS_RTS","HEC-RTS-3.6.0\HEC-RTS\module\Dashboard\platform\update_tracking\org-netbeans-modules-masterfs-windows.xml","File",".xml","425","2026-09-24T00:18:00.0000000Z","False"
"CWMS_RTS","HEC-RTS-3.6.0\HEC-RTS\module\Dashboard\platform\update_tracking\org-netbeans-modules-netbinox.xml","File",".xml","484","2026-09-24T00:18:00.0000000Z","False"
"CWMS_RTS","HEC-RTS-3.6.0\HEC-RTS\module\Dashboard\platform\update_tracking\org-netbeans-modules-options-api.xml","File",".xml","511","2026-09-24T00:18:00.0000000Z","False"
"CWMS_RTS","HEC-RTS-3.6.0\HEC-RTS\module\Dashboard\platform\update_tracking\org-netbeans-modules-options-keymap.xml","File",".xml","419","2026-09-24T00:18:00.0000000Z","False"
"CWMS_RTS","HEC-RTS-3.6.0\HEC-RTS\module\Dashboard\platform\update_tracking\org-netbeans-modules-print.xml","File",".xml","392","2026-09-24T00:18:00.0000000Z","False"
"CWMS_RTS","HEC-RTS-3.6.0\HEC-RTS\module\Dashboard\platform\update_tracking\org-netbeans-modules-progress-ui.xml","File",".xml","410","2026-09-24T00:18:00.0000000Z","False"
"CWMS_RTS","HEC-RTS-3.6.0\HEC-RTS\module\Dashboard\platform\update_tracking\org-netbeans-modules-queries.xml","File",".xml","495","2026-09-24T00:18:00.0000000Z","False"
"CWMS_RTS","HEC-RTS-3.6.0\HEC-RTS\module\Dashboard\platform\update_tracking\org-netbeans-modules-sampler.xml","File",".xml","398","2026-09-24T00:18:00.0000000Z","False"
"CWMS_RTS","HEC-RTS-3.6.0\HEC-RTS\module\Dashboard\platform\update_tracking\org-netbeans-modules-sendopts.xml","File",".xml","402","2026-09-24T00:18:00.0000000Z","False"
"CWMS_RTS","HEC-RTS-3.6.0\HEC-RTS\module\Dashboard\platform\update_tracking\org-netbeans-modules-settings.xml","File",".xml","402","2026-09-24T00:18:00.0000000Z","False"
"CWMS_RTS","HEC-RTS-3.6.0\HEC-RTS\module\Dashboard\platform\update_tracking\org-netbeans-modules-spi-actions.xml","File",".xml","411","2026-09-24T00:18:00.0000000Z","False"
"CWMS_RTS","HEC-RTS-3.6.0\HEC-RTS\module\Dashboard\platform\update_tracking\org-netbeans-modules-templates.xml","File",".xml","406","2026-09-24T00:18:00.0000000Z","False"
"CWMS_RTS","HEC-RTS-3.6.0\HEC-RTS\module\Dashboard\platform\update_tracking\org-netbeans-modules-templatesui.xml","File",".xml","410","2026-09-24T00:18:00.0000000Z","False"
"CWMS_RTS","HEC-RTS-3.6.0\HEC-RTS\module\Dashboard\platform\update_tracking\org-netbeans-modules-uihandler.xml","File",".xml","404","2026-09-24T00:18:00.0000000Z","False"
"CWMS_RTS","HEC-RTS-3.6.0\HEC-RTS\module\Dashboard\platform\update_tracking\org-netbeans-spi-quicksearch.xml","File",".xml","397","2026-09-24T00:18:00.0000000Z","False"
"CWMS_RTS","HEC-RTS-3.6.0\HEC-RTS\module\Dashboard\platform\update_tracking\org-netbeans-swing-laf-dark.xml","File",".xml","401","2026-09-24T00:18:00.0000000Z","False"
"CWMS_RTS","HEC-RTS-3.6.0\HEC-RTS\module\Dashboard\platform\update_tracking\org-netbeans-swing-laf-flatlaf.xml","File",".xml","404","2026-09-24T00:18:00.0000000Z","False"
"CWMS_RTS","HEC-RTS-3.6.0\HEC-RTS\module\Dashboard\platform\update_tracking\org-netbeans-swing-outline.xml","File",".xml","392","2026-09-24T00:18:00.0000000Z","False"
"CWMS_RTS","HEC-RTS-3.6.0\HEC-RTS\module\Dashboard\platform\update_tracking\org-netbeans-swing-plaf.xml","File",".xml","382","2026-09-24T00:18:00.0000000Z","False"
"CWMS_RTS","HEC-RTS-3.6.0\HEC-RTS\module\Dashboard\platform\update_tracking\org-netbeans-swing-tabcontrol.xml","File",".xml","400","2026-09-24T00:18:00.0000000Z","False"
"CWMS_RTS","HEC-RTS-3.6.0\HEC-RTS\module\Dashboard\platform\update_tracking\org-openide-actions.xml","File",".xml","370","2026-09-24T00:18:00.0000000Z","False"
"CWMS_RTS","HEC-RTS-3.6.0\HEC-RTS\module\Dashboard\platform\update_tracking\org-openide-awt.xml","File",".xml","357","2026-09-24T00:18:00.0000000Z","False"
"CWMS_RTS","HEC-RTS-3.6.0\HEC-RTS\module\Dashboard\platform\update_tracking\org-openide-compat.xml","File",".xml","368","2026-09-24T00:18:00.0000000Z","False"
"CWMS_RTS","HEC-RTS-3.6.0\HEC-RTS\module\Dashboard\platform\update_tracking\org-openide-dialogs.xml","File",".xml","370","2026-09-24T00:18:00.0000000Z","False"
"CWMS_RTS","HEC-RTS-3.6.0\HEC-RTS\module\Dashboard\platform\update_tracking\org-openide-execution.xml","File",".xml","465","2026-09-24T00:18:00.0000000Z","False"
"CWMS_RTS","HEC-RTS-3.6.0\HEC-RTS\module\Dashboard\platform\update_tracking\org-openide-execution-compat8.xml","File",".xml","401","2026-09-24T00:18:00.0000000Z","False"
"CWMS_RTS","HEC-RTS-3.6.0\HEC-RTS\module\Dashboard\platform\update_tracking\org-openide-explorer.xml","File",".xml","460","2026-09-24T00:18:00.0000000Z","False"
"CWMS_RTS","HEC-RTS-3.6.0\HEC-RTS\module\Dashboard\platform\update_tracking\org-openide-filesystems.xml","File",".xml","386","2026-09-24T00:18:00.0000000Z","False"
"CWMS_RTS","HEC-RTS-3.6.0\HEC-RTS\module\Dashboard\platform\update_tracking\org-openide-filesystems-compat8.xml","File",".xml","313","2026-09-24T00:18:00.0000000Z","False"
"CWMS_RTS","HEC-RTS-3.6.0\HEC-RTS\module\Dashboard\platform\update_tracking\org-openide-filesystems-nb.xml","File",".xml","390","2026-09-24T00:18:00.0000000Z","False"
"CWMS_RTS","HEC-RTS-3.6.0\HEC-RTS\module\Dashboard\platform\update_tracking\org-openide-io.xml","File",".xml","355","2026-09-24T00:18:00.0000000Z","False"
"CWMS_RTS","HEC-RTS-3.6.0\HEC-RTS\module\Dashboard\platform\update_tracking\org-openide-loaders.xml","File",".xml","454","2026-09-24T00:18:00.0000000Z","False"
"CWMS_RTS","HEC-RTS-3.6.0\HEC-RTS\module\Dashboard\platform\update_tracking\org-openide-modules.xml","File",".xml","374","2026-09-24T00:18:00.0000000Z","False"
"CWMS_RTS","HEC-RTS-3.6.0\HEC-RTS\module\Dashboard\platform\update_tracking\org-openide-nodes.xml","File",".xml","449","2026-09-24T00:18:00.0000000Z","False"
"CWMS_RTS","HEC-RTS-3.6.0\HEC-RTS\module\Dashboard\platform\update_tracking\org-openide-text.xml","File",".xml","445","2026-09-24T00:18:00.0000000Z","False"
"CWMS_RTS","HEC-RTS-3.6.0\HEC-RTS\module\Dashboard\platform\update_tracking\org-openide-util.xml","File",".xml","365","2026-09-24T00:18:00.0000000Z","False"
"CWMS_RTS","HEC-RTS-3.6.0\HEC-RTS\module\Dashboard\platform\update_tracking\org-openide-util-lookup.xml","File",".xml","296","2026-09-24T00:18:00.0000000Z","False"
"CWMS_RTS","HEC-RTS-3.6.0\HEC-RTS\module\Dashboard\platform\update_tracking\org-openide-util-ui.xml","File",".xml","288","2026-09-24T00:18:00.0000000Z","False"
"CWMS_RTS","HEC-RTS-3.6.0\HEC-RTS\module\Dashboard\platform\update_tracking\org-openide-util-ui-svg.xml","File",".xml","382","2026-09-24T00:18:00.0000000Z","False"
"CWMS_RTS","HEC-RTS-3.6.0\HEC-RTS\module\Dashboard\platform\update_tracking\org-openide-windows.xml","File",".xml","372","2026-09-24T00:18:00.0000000Z","False"
"CWMS_RTS","HEC-RTS-3.6.0\HEC-RTS\rasplugin.config","File",".config","4191","2026-09-24T00:18:34.0000000Z","False"
"CWMS_RTS","HEC-RTS-3.6.0\shared\config\metrics\cavi.config","File",".config","61","2026-09-24T00:17:58.0000000Z","False"
"CWMS_RTS","HEC-RTS-3.6.0\shared\config\metrics\cwmsdb_cavi.config","File",".config","61","2026-09-24T00:17:58.0000000Z","False"
"CWMS_RTS","HEC-RTS-3.6.0\shared\config\metrics\cwmsdb_cwmsvue.config","File",".config","61","2026-09-24T00:17:58.0000000Z","False"
"CWMS_RTS","HEC-RTS-3.6.0\shared\config\metrics\cwmsdb_regitools.config","File",".config","61","2026-09-24T00:17:58.0000000Z","False"
"CWMS_RTS","HEC-RTS-3.6.0\shared\config\metrics\cwmsvue.config","File",".config","61","2026-09-24T00:17:58.0000000Z","False"
"CWMS_RTS","HEC-RTS-3.6.0\shared\config\metrics\cwmsvue_cavi.config","File",".config","61","2026-09-24T00:17:58.0000000Z","False"
"CWMS_RTS","HEC-RTS-3.6.0\shared\config\metrics\regitools.config","File",".config","61","2026-09-24T00:17:58.0000000Z","False"
"CWMS_RTS","HEC-RTS-3.6.0\shared\config\metrics\rts.config","File",".config","61","2026-09-24T00:17:58.0000000Z","False"
"CWMS_RTS","HEC-RTS-3.6.0\shared\config\properties\jython.properties","File",".properties","218","2026-09-24T00:17:58.0000000Z","False"
"CWMS_RTS","HEC-RTS-3.6.0\shared\jar\dssgui-script-4.0.14-patch-2.jar","File",".jar","4646","2026-09-24T00:17:58.0000000Z","False"
"CWMS_RTS","HEC-RTS-3.6.0\shared\jar\hec-script-gui-4.0.0.jar","File",".jar","63157","2026-09-24T00:17:58.0000000Z","False"
"CWMS_RTS","HEC-RTS-3.6.0\shared\jar\hec-watershed-2.0.0.jar","File",".jar","835219","2026-09-24T00:17:58.0000000Z","False"
"CWMS_RTS","HEC-RTS-3.6.0\shared\jar\jython-db-api-14.4.0.jar","File",".jar","78676","2026-09-24T00:17:58.0000000Z","False"
"CWMS_RTS","HEC-RTS-3.6.0\shared\jar\sys\batik-script-1.16.jar","File",".jar","25198","2026-09-24T00:18:16.0000000Z","False"
"CWMS_RTS","HEC-RTS-3.6.0\shared\jar\sys\jython-standalone-2.7.3.jar","File",".jar","47288881","2026-09-24T00:18:16.0000000Z","False"
"CWMS_RTS","HEC-RTS-3.6.0\shared\jar\sys\org-netbeans-api-scripting-RELEASE280.jar","File",".jar","211277","2026-09-24T00:18:16.0000000Z","False"
"CWMS_RTS","HEC-RTS-3.6.0\shared\java64\bin\jrunscript.exe","File",".exe","23656","2026-09-24T00:17:58.0000000Z","False"
"CWMS_RTS","HEC-RTS-3.6.0\shared\java64\conf\jaxp.properties","File",".properties","7302","2026-09-24T00:17:58.0000000Z","False"
"CWMS_RTS","HEC-RTS-3.6.0\shared\java64\conf\logging.properties","File",".properties","2732","2026-09-24T00:17:58.0000000Z","False"
"CWMS_RTS","HEC-RTS-3.6.0\shared\java64\conf\management\management.properties","File",".properties","14988","2026-09-24T00:17:58.0000000Z","False"
"CWMS_RTS","HEC-RTS-3.6.0\shared\java64\conf\net.properties","File",".properties","7504","2026-09-24T00:17:58.0000000Z","False"
"CWMS_RTS","HEC-RTS-3.6.0\shared\java64\conf\security\policy\README.txt","File",".txt","2390","2026-09-24T00:17:58.0000000Z","False"
"CWMS_RTS","HEC-RTS-3.6.0\shared\java64\conf\sound.properties","File",".properties","1210","2026-09-24T00:17:58.0000000Z","False"
"CWMS_RTS","HEC-RTS-3.6.0\shared\java64\jmods\java.scripting.jmod","File",".jmod","56324","2026-09-24T00:17:58.0000000Z","False"
"CWMS_RTS","HEC-RTS-3.6.0\shared\java64\legal\java.scripting\ADDITIONAL_LICENSE_INFO","File","","49","2026-09-24T00:17:58.0000000Z","False"
"CWMS_RTS","HEC-RTS-3.6.0\shared\java64\legal\java.scripting\ASSEMBLY_EXCEPTION","File","","44","2026-09-24T00:17:58.0000000Z","False"
"CWMS_RTS","HEC-RTS-3.6.0\shared\java64\legal\java.scripting\LICENSE","File","","33","2026-09-24T00:17:58.0000000Z","False"
"CWMS_RTS","HEC-RTS-3.6.0\shared\java64\lib\jvm.cfg","File",".cfg","29","2026-09-24T00:17:58.0000000Z","False"
"CWMS_RTS","HEC-RTS-3.6.0\shared\java64\lib\psfontj2d.properties","File",".properties","11390","2026-09-24T00:18:00.0000000Z","False"
"NWP_Willamette_Master_2026_10_05_DamagesPrevented","~CleanWatershedForArchive.bat","File",".bat","1619","2022-03-22T19:47:38.0000000Z","False"
"NWP_Willamette_Master_2026_10_05_DamagesPrevented","~CleanWatershedForArchive.py","File",".py","2499","2025-08-29T17:06:52.6320426Z","False"
"NWP_Willamette_Master_2026_10_05_DamagesPrevented","~RenameWatershedToCurFolderName.py","File",".py","2854","2025-03-10T20:34:58.0000000Z","False"
"NWP_Willamette_Master_2026_10_05_DamagesPrevented","~UpdateChangeLog.py","File",".py","931","2025-03-10T16:17:48.0000000Z","False"
"NWP_Willamette_Master_2026_10_05_DamagesPrevented","cavi\modelAltKeys.xml","File",".xml","152","2025-03-07T17:23:35.0000000Z","False"
"NWP_Willamette_Master_2026_10_05_DamagesPrevented","cavi\watershedScripts.xml","File",".xml","187","2025-03-07T17:23:35.0000000Z","False"
"NWP_Willamette_Master_2026_10_05_DamagesPrevented","DP_Python_export\network.json","File",".json","198534","2026-10-02T18:31:27.2943422Z","False"
"NWP_Willamette_Master_2026_10_05_DamagesPrevented","logs\MiniSimulations.log","File",".log","3075","2025-12-05T20:22:36.1000141Z","False"
"NWP_Willamette_Master_2026_10_05_DamagesPrevented","maps\WIL_CAVI_Watershed_CL.dbf","File",".dbf","15109","2025-03-07T17:23:37.0000000Z","False"
"NWP_Willamette_Master_2026_10_05_DamagesPrevented","maps\WIL_CAVI_Watershed_CL.gdr","File",".gdr","11090","2025-03-07T17:23:37.0000000Z","False"
"NWP_Willamette_Master_2026_10_05_DamagesPrevented","maps\WIL_CAVI_Watershed_CL.prj","File",".prj","497","2025-03-07T17:23:37.0000000Z","False"
"NWP_Willamette_Master_2026_10_05_DamagesPrevented","maps\WIL_CAVI_Watershed_CL.sbn","File",".sbn","460","2025-03-07T17:23:37.0000000Z","False"
"NWP_Willamette_Master_2026_10_05_DamagesPrevented","maps\WIL_CAVI_Watershed_CL.sbx","File",".sbx","140","2025-03-07T17:23:37.0000000Z","False"
"NWP_Willamette_Master_2026_10_05_DamagesPrevented","maps\WIL_CAVI_Watershed_CL.shp","File",".shp","468548","2025-03-07T17:23:37.0000000Z","False"
"NWP_Willamette_Master_2026_10_05_DamagesPrevented","maps\WIL_CAVI_Watershed_CL.shp.xml","File",".xml","16296","2025-03-07T17:23:37.0000000Z","False"
"NWP_Willamette_Master_2026_10_05_DamagesPrevented","maps\WIL_CAVI_Watershed_CL.shx","File",".shx","380","2025-03-07T17:23:37.0000000Z","False"
"NWP_Willamette_Master_2026_10_05_DamagesPrevented","maps\WIL_CWMS_CCP.shp.xml","File",".xml","928","2025-03-07T17:23:37.0000000Z","False"
"NWP_Willamette_Master_2026_10_05_DamagesPrevented","maps\WIL_Lakes.shp.xml","File",".xml","16760","2025-03-07T17:23:37.0000000Z","False"
"NWP_Willamette_Master_2026_10_05_DamagesPrevented","rss\.mcscripts","File",".mcscripts","1324","2025-03-07T17:23:37.0000000Z","False"
"NWP_Willamette_Master_2026_10_05_DamagesPrevented","rss\_Historical.mcscript","File",".mcscript","1324","2025-03-07T17:23:54.0000000Z","False"
"NWP_Willamette_Master_2026_10_05_DamagesPrevented","rss\1.5.mcscript","File",".mcscript","1324","2025-03-07T17:23:38.0000000Z","False"
"NWP_Willamette_Master_2026_10_05_DamagesPrevented","rss\1.5xRFC.mcscript","File",".mcscript","1324","2025-03-07T17:23:38.0000000Z","False"
"NWP_Willamette_Master_2026_10_05_DamagesPrevented","rss\2023Trace.mcscript","File",".mcscript","1324","2025-03-07T17:23:38.0000000Z","False"
"NWP_Willamette_Master_2026_10_05_DamagesPrevented","rss\2xRFC.mcscript","File",".mcscript","1324","2025-03-07T17:23:38.0000000Z","False"
"NWP_Willamette_Master_2026_10_05_DamagesPrevented","rss\50Conserva.mcscript","File",".mcscript","1324","2025-03-07T17:23:38.0000000Z","False"
"NWP_Willamette_Master_2026_10_05_DamagesPrevented","rss\88_HMS_MR.mcscript","File",".mcscript","1324","2025-03-07T17:23:38.0000000Z","False"
"NWP_Willamette_Master_2026_10_05_DamagesPrevented","rss\Con_Season.mcscript","File",".mcscript","1324","2026-10-01T22:37:16.2049236Z","False"
"NWP_Willamette_Master_2026_10_05_DamagesPrevented","rss\Con50.mcscript","File",".mcscript","1324","2025-03-07T17:23:38.0000000Z","False"
"NWP_Willamette_Master_2026_10_05_DamagesPrevented","rss\ConSeason.mcscript","File",".mcscript","1324","2026-03-06T20:32:49.4496104Z","False"
"NWP_Willamette_Master_2026_10_05_DamagesPrevented","rss\ConSeson.mcscript","File",".mcscript","1324","2026-02-24T00:09:46.3847107Z","False"
"NWP_Willamette_Master_2026_10_05_DamagesPrevented","rss\cwms_ENSEM.mcscript","File",".mcscript","1324","2025-03-07T17:23:39.0000000Z","False"
"NWP_Willamette_Master_2026_10_05_DamagesPrevented","rss\CWMS88_RF2.mcscript","File",".mcscript","1324","2025-03-07T17:23:38.0000000Z","False"
"NWP_Willamette_Master_2026_10_05_DamagesPrevented","rss\CWMS88_RFC.mcscript","File",".mcscript","1324","2025-03-07T17:23:38.0000000Z","False"
"NWP_Willamette_Master_2026_10_05_DamagesPrevented","rss\ESP.mcscript","File",".mcscript","1324","2025-03-07T17:23:39.0000000Z","False"
"NWP_Willamette_Master_2026_10_05_DamagesPrevented","rss\ESP_25P.mcscript","File",".mcscript","1324","2025-03-07T17:23:39.0000000Z","False"
"NWP_Willamette_Master_2026_10_05_DamagesPrevented","rss\ESP_50P.mcscript","File",".mcscript","1324","2025-03-07T17:23:39.0000000Z","False"
"NWP_Willamette_Master_2026_10_05_DamagesPrevented","rss\ESP_50Perc.mcscript","File",".mcscript","1324","2025-03-07T17:23:39.0000000Z","False"
"NWP_Willamette_Master_2026_10_05_DamagesPrevented","rss\ESP_75P.mcscript","File",".mcscript","1324","2025-03-07T17:23:39.0000000Z","False"
"NWP_Willamette_Master_2026_10_05_DamagesPrevented","rss\ESP_RFC.mcscript","File",".mcscript","1324","2025-03-07T17:23:39.0000000Z","False"
"NWP_Willamette_Master_2026_10_05_DamagesPrevented","rss\ESP_RFC_F.mcscript","File",".mcscript","1324","2025-03-07T17:23:40.0000000Z","False"
"NWP_Willamette_Master_2026_10_05_DamagesPrevented","rss\ESP10_25P.mcscript","File",".mcscript","1324","2025-03-07T17:23:39.0000000Z","False"
"NWP_Willamette_Master_2026_10_05_DamagesPrevented","rss\ESP10_50P.mcscript","File",".mcscript","1324","2025-03-07T17:23:39.0000000Z","False"
"NWP_Willamette_Master_2026_10_05_DamagesPrevented","rss\ESP10_75P.mcscript","File",".mcscript","1324","2025-03-07T17:23:39.0000000Z","False"
"NWP_Willamette_Master_2026_10_05_DamagesPrevented","rss\ESP10_RFC.mcscript","File",".mcscript","1324","2025-03-07T17:23:39.0000000Z","False"
"NWP_Willamette_Master_2026_10_05_DamagesPrevented","rss\Flood_64\modelReport_Temp1Day.json","File",".json","8319","2026-09-29T19:46:30.6602278Z","False"
"NWP_Willamette_Master_2026_10_05_DamagesPrevented","rss\Flood_64\rss\networks\Temp1Day--0_Default\scripts\Alternative_Setup_cleanup.py","File",".py","5","2026-09-29T19:38:55.1106290Z","False"
"NWP_Willamette_Master_2026_10_05_DamagesPrevented","rss\Flood_64\rss\networks\Temp1Day--0_Default\scripts\Alternative_Setup_cleanup.py.bak","File",".bak","5","2026-09-28T22:26:55.2151843Z","False"
"NWP_Willamette_Master_2026_10_05_DamagesPrevented","rss\Flood_64\rss\networks\Temp1Day--0_Default\scripts\Alternative_Setup_init.py","File",".py","642","2026-09-29T19:38:55.1086293Z","False"
"NWP_Willamette_Master_2026_10_05_DamagesPrevented","rss\Flood_64\rss\networks\Temp1Day--0_Default\scripts\Alternative_Setup_init.py.bak","File",".bak","642","2026-09-28T22:26:55.2141808Z","False"
"NWP_Willamette_Master_2026_10_05_DamagesPrevented","rss\Flood_64\rss\networks\Temp1Day--0_Default\scripts\Alternative_Setup_main.py","File",".py","5","2026-09-29T19:38:55.1056303Z","False"
"NWP_Willamette_Master_2026_10_05_DamagesPrevented","rss\Flood_64\rss\networks\Temp1Day--0_Default\scripts\Alternative_Setup_main.py.bak","File",".bak","5","2026-09-28T22:26:55.2121808Z","False"
"NWP_Willamette_Master_2026_10_05_DamagesPrevented","rss\Flood_64\rss\networks\Temp1Day--0_Default\scripts\Big_Cliff__DUMMY__IMPORT_MODULES.py","File",".py","2328","2026-09-29T19:38:56.9314083Z","False"
"NWP_Willamette_Master_2026_10_05_DamagesPrevented","rss\Flood_64\rss\networks\Temp1Day--0_Default\scripts\Big_Cliff__DUMMY__IMPORT_MODULES.py.bak","File",".bak","2328","2026-09-28T22:26:57.0238541Z","False"
"NWP_Willamette_Master_2026_10_05_DamagesPrevented","rss\Flood_64\rss\networks\Temp1Day--0_Default\scripts\Big_Cliff__DUMMY__Initialize_ControllerExternalSV.py","File",".py","1909","2026-09-29T19:38:56.9294082Z","False"
"NWP_Willamette_Master_2026_10_05_DamagesPrevented","rss\Flood_64\rss\networks\Temp1Day--0_Default\scripts\Big_Cliff__DUMMY__Initialize_ControllerExternalSV.py.bak","File",".bak","1909","2026-09-28T22:26:57.0228539Z","False"
"NWP_Willamette_Master_2026_10_05_DamagesPrevented","rss\Flood_64\rss\networks\Temp1Day--0_Default\scripts\Blue_River_Draft_to_RC.py","File",".py","458","2026-09-29T19:38:57.0866484Z","False"
"NWP_Willamette_Master_2026_10_05_DamagesPrevented","rss\Flood_64\rss\networks\Temp1Day--0_Default\scripts\Blue_River_Draft_to_RC.py.bak","File",".bak","458","2026-09-28T22:26:57.1463787Z","False"
"NWP_Willamette_Master_2026_10_05_DamagesPrevented","rss\Flood_64\rss\networks\Temp1Day--0_Default\scripts\Blue_River_FIRO_SPACE.py","File",".py","558","2026-09-29T19:38:57.0846483Z","False"
"NWP_Willamette_Master_2026_10_05_DamagesPrevented","rss\Flood_64\rss\networks\Temp1Day--0_Default\scripts\Blue_River_FIRO_SPACE.py.bak","File",".bak","558","2026-09-28T22:26:57.1443785Z","False"
"NWP_Willamette_Master_2026_10_05_DamagesPrevented","rss\Flood_64\rss\networks\Temp1Day--0_Default\scripts\Blue_River_MainstemFlowAug.py","File",".py","411","2026-09-29T19:38:57.0886487Z","False"
"NWP_Willamette_Master_2026_10_05_DamagesPrevented","rss\Flood_64\rss\networks\Temp1Day--0_Default\scripts\Blue_River_MainstemFlowAug.py.bak","File",".bak","411","2026-09-28T22:26:57.1473718Z","False"
"NWP_Willamette_Master_2026_10_05_DamagesPrevented","rss\Flood_64\rss\networks\Temp1Day--0_Default\scripts\ControllerExternalSV_cleanup.py","File",".py","125","2026-09-29T19:38:55.1166299Z","False"
"NWP_Willamette_Master_2026_10_05_DamagesPrevented","rss\Flood_64\rss\networks\Temp1Day--0_Default\scripts\ControllerExternalSV_cleanup.py.bak","File",".bak","125","2026-09-28T22:26:55.2211814Z","False"
"NWP_Willamette_Master_2026_10_05_DamagesPrevented","rss\Flood_64\rss\networks\Temp1Day--0_Default\scripts\ControllerExternalSV_init.py","File",".py","746","2026-09-29T19:38:55.1146369Z","False"
"NWP_Willamette_Master_2026_10_05_DamagesPrevented","rss\Flood_64\rss\networks\Temp1Day--0_Default\scripts\ControllerExternalSV_init.py.bak","File",".bak","746","2026-09-28T22:26:55.2191859Z","False"
"NWP_Willamette_Master_2026_10_05_DamagesPrevented","rss\Flood_64\rss\networks\Temp1Day--0_Default\scripts\ControllerExternalSV_main.py","File",".py","142","2026-09-29T19:38:55.1126308Z","False"
"NWP_Willamette_Master_2026_10_05_DamagesPrevented","rss\Flood_64\rss\networks\Temp1Day--0_Default\scripts\ControllerExternalSV_main.py.bak","File",".bak","142","2026-09-28T22:26:55.2171996Z","False"
"NWP_Willamette_Master_2026_10_05_DamagesPrevented","rss\Flood_64\rss\networks\Temp1Day--0_Default\scripts\Cottage_Grove_Draft_to_RC.py","File",".py","458","2026-09-29T19:38:57.1466416Z","False"
"NWP_Willamette_Master_2026_10_05_DamagesPrevented","rss\Flood_64\rss\networks\Temp1Day--0_Default\scripts\Cottage_Grove_Draft_to_RC.py.bak","File",".bak","458","2026-09-28T22:26:57.1839057Z","False"
"NWP_Willamette_Master_2026_10_05_DamagesPrevented","rss\Flood_64\rss\networks\Temp1Day--0_Default\scripts\Cottage_Grove_FIRO_SPACE.py","File",".py","558","2026-09-29T19:38:57.1526487Z","False"
"NWP_Willamette_Master_2026_10_05_DamagesPrevented","rss\Flood_64\rss\networks\Temp1Day--0_Default\scripts\Cottage_Grove_FIRO_SPACE.py.bak","File",".bak","558","2026-09-28T22:26:57.1879034Z","False"
"NWP_Willamette_Master_2026_10_05_DamagesPrevented","rss\Flood_64\rss\networks\Temp1Day--0_Default\scripts\Cottage_Grove_MainstemFlowAug.py","File",".py","411","2026-09-29T19:38:57.1496415Z","False"
"NWP_Willamette_Master_2026_10_05_DamagesPrevented","rss\Flood_64\rss\networks\Temp1Day--0_Default\scripts\Cottage_Grove_MainstemFlowAug.py.bak","File",".bak","411","2026-09-28T22:26:57.1859052Z","False"
"NWP_Willamette_Master_2026_10_05_DamagesPrevented","rss\Flood_64\rss\networks\Temp1Day--0_Default\scripts\Cougar_Deep_Drawdown.py","File",".py","473","2026-09-29T19:38:57.1136488Z","False"
"NWP_Willamette_Master_2026_10_05_DamagesPrevented","rss\Flood_64\rss\networks\Temp1Day--0_Default\scripts\Cougar_Deep_Drawdown.py.bak","File",".bak","473","2026-09-28T22:26:57.1679056Z","False"
"NWP_Willamette_Master_2026_10_05_DamagesPrevented","rss\Flood_64\rss\networks\Temp1Day--0_Default\scripts\Cougar_Draft_to_RC.py","File",".py","458","2026-09-29T19:38:57.1076480Z","False"
"NWP_Willamette_Master_2026_10_05_DamagesPrevented","rss\Flood_64\rss\networks\Temp1Day--0_Default\scripts\Cougar_Draft_to_RC.py.bak","File",".bak","458","2026-09-28T22:26:57.1629053Z","False"
"NWP_Willamette_Master_2026_10_05_DamagesPrevented","rss\Flood_64\rss\networks\Temp1Day--0_Default\scripts\Cougar_FIRO_SPACE.py","File",".py","558","2026-09-29T19:38:57.1056414Z","False"
"NWP_Willamette_Master_2026_10_05_DamagesPrevented","rss\Flood_64\rss\networks\Temp1Day--0_Default\scripts\Cougar_FIRO_SPACE.py.bak","File",".bak","558","2026-09-28T22:26:57.1609051Z","False"
"NWP_Willamette_Master_2026_10_05_DamagesPrevented","rss\Flood_64\rss\networks\Temp1Day--0_Default\scripts\Cougar_IRRM.py","File",".py","438","2026-09-29T19:38:57.1156483Z","False"
"NWP_Willamette_Master_2026_10_05_DamagesPrevented","rss\Flood_64\rss\networks\Temp1Day--0_Default\scripts\Cougar_IRRM.py.bak","File",".bak","438","2026-09-28T22:26:57.1699051Z","False"
"NWP_Willamette_Master_2026_10_05_DamagesPrevented","rss\Flood_64\rss\networks\Temp1Day--0_Default\scripts\Cougar_MainstemFlowAug.py","File",".py","411","2026-09-29T19:38:57.1186494Z","False"
"NWP_Willamette_Master_2026_10_05_DamagesPrevented","rss\Flood_64\rss\networks\Temp1Day--0_Default\scripts\Cougar_MainstemFlowAug.py.bak","File",".bak","411","2026-09-28T22:26:57.1709051Z","False"
"NWP_Willamette_Master_2026_10_05_DamagesPrevented","rss\Flood_64\rss\networks\Temp1Day--0_Default\scripts\Cougar_No_Draft.py","File",".py","470","2026-09-29T19:38:57.1096499Z","False"
"NWP_Willamette_Master_2026_10_05_DamagesPrevented","rss\Flood_64\rss\networks\Temp1Day--0_Default\scripts\Cougar_No_Draft.py.bak","File",".bak","470","2026-09-28T22:26:57.1639054Z","False"
"NWP_Willamette_Master_2026_10_05_DamagesPrevented","rss\Flood_64\rss\networks\Temp1Day--0_Default\scripts\Cougar_Spring_Spill.py","File",".py","466","2026-09-29T19:38:57.1116485Z","False"
"NWP_Willamette_Master_2026_10_05_DamagesPrevented","rss\Flood_64\rss\networks\Temp1Day--0_Default\scripts\Cougar_Spring_Spill.py.bak","File",".bak","466","2026-09-28T22:26:57.1659054Z","False"
"NWP_Willamette_Master_2026_10_05_DamagesPrevented","rss\Flood_64\rss\networks\Temp1Day--0_Default\scripts\Cumloc_Harrisburg_init.py","File",".py","1252","2026-09-29T19:38:55.1026316Z","False"
"NWP_Willamette_Master_2026_10_05_DamagesPrevented","rss\Flood_64\rss\networks\Temp1Day--0_Default\scripts\Cumloc_Harrisburg_init.py.bak","File",".bak","1252","2026-09-28T22:26:55.2101777Z","False"
"NWP_Willamette_Master_2026_10_05_DamagesPrevented","rss\Flood_64\rss\networks\Temp1Day--0_Default\scripts\Cumloc_Jefferson_init.py","File",".py","2052","2026-09-29T19:38:55.0996300Z","False"
"NWP_Willamette_Master_2026_10_05_DamagesPrevented","rss\Flood_64\rss\networks\Temp1Day--0_Default\scripts\Cumloc_Jefferson_init.py.bak","File",".bak","2052","2026-09-28T22:26:55.2081795Z","False"
"NWP_Willamette_Master_2026_10_05_DamagesPrevented","rss\Flood_64\rss\networks\Temp1Day--0_Default\scripts\Detroit_Combined_Min_Trib.py","File",".py","602","2026-09-29T19:38:56.9514082Z","False"
"NWP_Willamette_Master_2026_10_05_DamagesPrevented","rss\Flood_64\rss\networks\Temp1Day--0_Default\scripts\Detroit_Combined_Min_Trib.py.bak","File",".bak","602","2026-09-28T22:26:57.0553637Z","False"
"NWP_Willamette_Master_2026_10_05_DamagesPrevented","rss\Flood_64\rss\networks\Temp1Day--0_Default\scripts\Detroit_Deep_Drawdown.py","File",".py","470","2026-09-29T19:38:56.9494092Z","False"
"NWP_Willamette_Master_2026_10_05_DamagesPrevented","rss\Flood_64\rss\networks\Temp1Day--0_Default\scripts\Detroit_Deep_Drawdown.py.bak","File",".bak","470","2026-09-28T22:26:57.0538588Z","False"
"NWP_Willamette_Master_2026_10_05_DamagesPrevented","rss\Flood_64\rss\networks\Temp1Day--0_Default\scripts\Detroit_Draft_to_RC.py","File",".py","458","2026-09-29T19:38:56.9404086Z","False"
"NWP_Willamette_Master_2026_10_05_DamagesPrevented","rss\Flood_64\rss\networks\Temp1Day--0_Default\scripts\Detroit_Draft_to_RC.py.bak","File",".bak","458","2026-09-28T22:26:57.0468596Z","False"
"NWP_Willamette_Master_2026_10_05_DamagesPrevented","rss\Flood_64\rss\networks\Temp1Day--0_Default\scripts\Detroit_FIRO_SPACE.py","File",".py","558","2026-09-29T19:38:56.9534086Z","False"
"NWP_Willamette_Master_2026_10_05_DamagesPrevented","rss\Flood_64\rss\networks\Temp1Day--0_Default\scripts\Detroit_FIRO_SPACE.py.bak","File",".bak","558","2026-09-28T22:26:57.0573745Z","False"
"NWP_Willamette_Master_2026_10_05_DamagesPrevented","rss\Flood_64\rss\networks\Temp1Day--0_Default\scripts\Detroit_IRRM.py","File",".py","534","2026-09-29T19:38:56.9444086Z","False"
"NWP_Willamette_Master_2026_10_05_DamagesPrevented","rss\Flood_64\rss\networks\Temp1Day--0_Default\scripts\Detroit_IRRM.py.bak","File",".bak","534","2026-09-28T22:26:57.0508590Z","False"
"NWP_Willamette_Master_2026_10_05_DamagesPrevented","rss\Flood_64\rss\networks\Temp1Day--0_Default\scripts\Detroit_MainstemFlowAug.py","File",".py","411","2026-09-29T19:38:56.9564086Z","False"
"NWP_Willamette_Master_2026_10_05_DamagesPrevented","rss\Flood_64\rss\networks\Temp1Day--0_Default\scripts\Detroit_MainstemFlowAug.py.bak","File",".bak","411","2026-09-28T22:26:57.0593751Z","False"
"NWP_Willamette_Master_2026_10_05_DamagesPrevented","rss\Flood_64\rss\networks\Temp1Day--0_Default\scripts\Detroit_No_Draft.py","File",".py","450","2026-09-29T19:38:56.9424083Z","False"
"NWP_Willamette_Master_2026_10_05_DamagesPrevented","rss\Flood_64\rss\networks\Temp1Day--0_Default\scripts\Detroit_No_Draft.py.bak","File",".bak","450","2026-09-28T22:26:57.0488595Z","False"
"NWP_Willamette_Master_2026_10_05_DamagesPrevented","rss\Flood_64\rss\networks\Temp1Day--0_Default\scripts\Detroit_Secondary_Flood_Draft_Limit.py","File",".py","518","2026-09-29T19:38:56.9474041Z","False"
"NWP_Willamette_Master_2026_10_05_DamagesPrevented","rss\Flood_64\rss\networks\Temp1Day--0_Default\scripts\Detroit_Secondary_Flood_Draft_Limit.py.bak","File",".bak","518","2026-09-28T22:26:57.0518595Z","False"
"NWP_Willamette_Master_2026_10_05_DamagesPrevented","rss\Flood_64\rss\networks\Temp1Day--0_Default\scripts\Diversion_1_down_Diversion_1_down.py","File",".py","1372","2026-09-29T19:38:56.8934011Z","False"
"NWP_Willamette_Master_2026_10_05_DamagesPrevented","rss\Flood_64\rss\networks\Temp1Day--0_Default\scripts\Diversion_1_down_Diversion_1_down.py.bak","File",".bak","1372","2026-09-28T22:26:56.9908468Z","False"
"NWP_Willamette_Master_2026_10_05_DamagesPrevented","rss\Flood_64\rss\networks\Temp1Day--0_Default\scripts\Diversion_1_up_Diversion_1_up.py","File",".py","1372","2026-09-29T19:38:56.8784083Z","False"
"NWP_Willamette_Master_2026_10_05_DamagesPrevented","rss\Flood_64\rss\networks\Temp1Day--0_Default\scripts\Diversion_1_up_Diversion_1_up.py.bak","File",".bak","1372","2026-09-28T22:26:56.9768534Z","False"
"NWP_Willamette_Master_2026_10_05_DamagesPrevented","rss\Flood_64\rss\networks\Temp1Day--0_Default\scripts\Diversion_10_Diversion_10.py","File",".py","1306","2026-09-29T19:38:56.6154624Z","False"
"NWP_Willamette_Master_2026_10_05_DamagesPrevented","rss\Flood_64\rss\networks\Temp1Day--0_Default\scripts\Diversion_10_Diversion_10.py.bak","File",".bak","1306","2026-09-28T22:26:56.7222600Z","False"
"NWP_Willamette_Master_2026_10_05_DamagesPrevented","rss\Flood_64\rss\networks\Temp1Day--0_Default\scripts\Diversion_11_Diversion_11.py","File",".py","1306","2026-09-29T19:38:56.7393257Z","False"
"NWP_Willamette_Master_2026_10_05_DamagesPrevented","rss\Flood_64\rss\networks\Temp1Day--0_Default\scripts\Diversion_11_Diversion_11.py.bak","File",".bak","1306","2026-09-28T22:26:56.8427954Z","False"
"NWP_Willamette_Master_2026_10_05_DamagesPrevented","rss\Flood_64\rss\networks\Temp1Day--0_Default\scripts\Diversion_12_Diversion_12.py","File",".py","1306","2026-09-29T19:38:56.6023319Z","False"
"NWP_Willamette_Master_2026_10_05_DamagesPrevented","rss\Flood_64\rss\networks\Temp1Day--0_Default\scripts\Diversion_12_Diversion_12.py.bak","File",".bak","1306","2026-09-28T22:26:56.7092572Z","False"
"NWP_Willamette_Master_2026_10_05_DamagesPrevented","rss\Flood_64\rss\networks\Temp1Day--0_Default\scripts\Diversion_13_Diversion_13.py","File",".py","1306","2026-09-29T19:38:56.6284623Z","False"
"NWP_Willamette_Master_2026_10_05_DamagesPrevented","rss\Flood_64\rss\networks\Temp1Day--0_Default\scripts\Diversion_13_Diversion_13.py.bak","File",".bak","1306","2026-09-28T22:26:56.7362534Z","False"
"NWP_Willamette_Master_2026_10_05_DamagesPrevented","rss\Flood_64\rss\networks\Temp1Day--0_Default\scripts\Diversion_14_Diversion_14.py","File",".py","1306","2026-09-29T19:38:56.5891805Z","False"
"NWP_Willamette_Master_2026_10_05_DamagesPrevented","rss\Flood_64\rss\networks\Temp1Day--0_Default\scripts\Diversion_14_Diversion_14.py.bak","File",".bak","1306","2026-09-28T22:26:56.6962602Z","False"
"NWP_Willamette_Master_2026_10_05_DamagesPrevented","rss\Flood_64\rss\networks\Temp1Day--0_Default\scripts\Diversion_15_Diversion_15.py","File",".py","1306","2026-09-29T19:38:56.5761249Z","False"
"NWP_Willamette_Master_2026_10_05_DamagesPrevented","rss\Flood_64\rss\networks\Temp1Day--0_Default\scripts\Diversion_15_Diversion_15.py.bak","File",".bak","1306","2026-09-28T22:26:56.6552481Z","False"
"NWP_Willamette_Master_2026_10_05_DamagesPrevented","rss\Flood_64\rss\networks\Temp1Day--0_Default\scripts\Diversion_2_Diversion_2.py","File",".py","1306","2026-09-29T19:38:56.6694603Z","False"
"NWP_Willamette_Master_2026_10_05_DamagesPrevented","rss\Flood_64\rss\networks\Temp1Day--0_Default\scripts\Diversion_2_Diversion_2.py.bak","File",".bak","1306","2026-09-28T22:26:56.7747808Z","False"
"NWP_Willamette_Master_2026_10_05_DamagesPrevented","rss\Flood_64\rss\networks\Temp1Day--0_Default\scripts\Diversion_3_Diversion_3.py","File",".py","1372","2026-09-29T19:38:56.8558667Z","False"
"NWP_Willamette_Master_2026_10_05_DamagesPrevented","rss\Flood_64\rss\networks\Temp1Day--0_Default\scripts\Diversion_3_Diversion_3.py.bak","File",".bak","1372","2026-09-28T22:26:56.9553261Z","False"
"NWP_Willamette_Master_2026_10_05_DamagesPrevented","rss\Flood_64\rss\networks\Temp1Day--0_Default\scripts\Diversion_4_Diversion_4.py","File",".py","1306","2026-09-29T19:38:56.6554635Z","False"
"NWP_Willamette_Master_2026_10_05_DamagesPrevented","rss\Flood_64\rss\networks\Temp1Day--0_Default\scripts\Diversion_4_Diversion_4.py.bak","File",".bak","1306","2026-09-28T22:26:56.7627815Z","False"
"NWP_Willamette_Master_2026_10_05_DamagesPrevented","rss\Flood_64\rss\networks\Temp1Day--0_Default\scripts\Diversion_5_Diversion_5.py","File",".py","1372","2026-09-29T19:38:56.9014094Z","False"
"NWP_Willamette_Master_2026_10_05_DamagesPrevented","rss\Flood_64\rss\networks\Temp1Day--0_Default\scripts\Diversion_5_Diversion_5.py.bak","File",".bak","1372","2026-09-28T22:26:56.9978555Z","False"
"NWP_Willamette_Master_2026_10_05_DamagesPrevented","rss\Flood_64\rss\networks\Temp1Day--0_Default\scripts\Diversion_6_Diversion_6.py","File",".py","1305","2026-09-29T19:38:56.8398739Z","False"
"NWP_Willamette_Master_2026_10_05_DamagesPrevented","rss\Flood_64\rss\networks\Temp1Day--0_Default\scripts\Diversion_6_Diversion_6.py.bak","File",".bak","1305","2026-09-28T22:26:56.9403117Z","False"
"NWP_Willamette_Master_2026_10_05_DamagesPrevented","rss\Flood_64\rss\networks\Temp1Day--0_Default\scripts\Diversion_7_Diversion_7.py","File",".py","1373","2026-09-29T19:38:56.8330910Z","False"
"NWP_Willamette_Master_2026_10_05_DamagesPrevented","rss\Flood_64\rss\networks\Temp1Day--0_Default\scripts\Diversion_7_Diversion_7.py.bak","File",".bak","1373","2026-09-28T22:26:56.9333118Z","False"
"NWP_Willamette_Master_2026_10_05_DamagesPrevented","rss\Flood_64\rss\networks\Temp1Day--0_Default\scripts\Diversion_8_Diversion_8.py","File",".py","1372","2026-09-29T19:38:56.8178739Z","False"
"NWP_Willamette_Master_2026_10_05_DamagesPrevented","rss\Flood_64\rss\networks\Temp1Day--0_Default\scripts\Diversion_8_Diversion_8.py.bak","File",".bak","1372","2026-09-28T22:26:56.9173208Z","False"
"NWP_Willamette_Master_2026_10_05_DamagesPrevented","rss\Flood_64\rss\networks\Temp1Day--0_Default\scripts\Diversion_9_Diversion_9.py","File",".py","1372","2026-09-29T19:38:56.8248738Z","False"
"NWP_Willamette_Master_2026_10_05_DamagesPrevented","rss\Flood_64\rss\networks\Temp1Day--0_Default\scripts\Diversion_9_Diversion_9.py.bak","File",".bak","1372","2026-09-28T22:26:56.9253151Z","False"
"NWP_Willamette_Master_2026_10_05_DamagesPrevented","rss\Flood_64\rss\networks\Temp1Day--0_Default\scripts\Dorena_Draft_to_RC.py","File",".py","467","2026-09-29T19:38:57.1841897Z","False"
"NWP_Willamette_Master_2026_10_05_DamagesPrevented","rss\Flood_64\rss\networks\Temp1Day--0_Default\scripts\Dorena_Draft_to_RC.py.bak","File",".bak","467","2026-09-28T22:26:57.2049077Z","False"
"NWP_Willamette_Master_2026_10_05_DamagesPrevented","rss\Flood_64\rss\networks\Temp1Day--0_Default\scripts\Dorena_FIRO_SPACE.py","File",".py","558","2026-09-29T19:38:57.1821826Z","False"
"NWP_Willamette_Master_2026_10_05_DamagesPrevented","rss\Flood_64\rss\networks\Temp1Day--0_Default\scripts\Dorena_FIRO_SPACE.py.bak","File",".bak","558","2026-09-28T22:26:57.2029029Z","False"
"NWP_Willamette_Master_2026_10_05_DamagesPrevented","rss\Flood_64\rss\networks\Temp1Day--0_Default\scripts\Dorena_MainstemFlowAug.py","File",".py","411","2026-09-29T19:38:57.1861892Z","False"
"NWP_Willamette_Master_2026_10_05_DamagesPrevented","rss\Flood_64\rss\networks\Temp1Day--0_Default\scripts\Dorena_MainstemFlowAug.py.bak","File",".bak","411","2026-09-28T22:26:57.2069054Z","False"
"NWP_Willamette_Master_2026_10_05_DamagesPrevented","rss\Flood_64\rss\networks\Temp1Day--0_Default\scripts\Fall_Creek_Deep_Drawdown.py","File",".py","470","2026-09-29T19:38:57.2221893Z","False"
"NWP_Willamette_Master_2026_10_05_DamagesPrevented","rss\Flood_64\rss\networks\Temp1Day--0_Default\scripts\Fall_Creek_Deep_Drawdown.py.bak","File",".bak","470","2026-09-28T22:26:57.2219056Z","False"
"NWP_Willamette_Master_2026_10_05_DamagesPrevented","rss\Flood_64\rss\networks\Temp1Day--0_Default\scripts\Fall_Creek_Draft_to_RC.py","File",".py","458","2026-09-29T19:38:57.2191895Z","False"
"NWP_Willamette_Master_2026_10_05_DamagesPrevented","rss\Flood_64\rss\networks\Temp1Day--0_Default\scripts\Fall_Creek_Draft_to_RC.py.bak","File",".bak","458","2026-09-28T22:26:57.2199051Z","False"
"NWP_Willamette_Master_2026_10_05_DamagesPrevented","rss\Flood_64\rss\networks\Temp1Day--0_Default\scripts\Fall_Creek_FIRO_SPACE.py","File",".py","558","2026-09-29T19:38:57.2271900Z","False"
"NWP_Willamette_Master_2026_10_05_DamagesPrevented","rss\Flood_64\rss\networks\Temp1Day--0_Default\scripts\Fall_Creek_FIRO_SPACE.py.bak","File",".bak","558","2026-09-28T22:26:57.2259051Z","False"
"NWP_Willamette_Master_2026_10_05_DamagesPrevented","rss\Flood_64\rss\networks\Temp1Day--0_Default\scripts\Fall_Creek_MainstemFlowAug.py","File",".py","411","2026-09-29T19:38:57.2241895Z","False"
"NWP_Willamette_Master_2026_10_05_DamagesPrevented","rss\Flood_64\rss\networks\Temp1Day--0_Default\scripts\Fall_Creek_MainstemFlowAug.py.bak","File",".bak","411","2026-09-28T22:26:57.2239054Z","False"
"NWP_Willamette_Master_2026_10_05_DamagesPrevented","rss\Flood_64\rss\networks\Temp1Day--0_Default\scripts\Fern_Ridge_Draft_to_RC.py","File",".py","458","2026-09-29T19:38:57.0551035Z","False"
"NWP_Willamette_Master_2026_10_05_DamagesPrevented","rss\Flood_64\rss\networks\Temp1Day--0_Default\scripts\Fern_Ridge_Draft_to_RC.py.bak","File",".bak","458","2026-09-28T22:26:57.1203691Z","False"
"NWP_Willamette_Master_2026_10_05_DamagesPrevented","rss\Flood_64\rss\networks\Temp1Day--0_Default\scripts\Fern_Ridge_FIRO_SPACE.py","File",".py","558","2026-09-29T19:38:57.0571026Z","False"
"NWP_Willamette_Master_2026_10_05_DamagesPrevented","rss\Flood_64\rss\networks\Temp1Day--0_Default\scripts\Fern_Ridge_FIRO_SPACE.py.bak","File",".bak","558","2026-09-28T22:26:57.1223690Z","False"
"NWP_Willamette_Master_2026_10_05_DamagesPrevented","rss\Flood_64\rss\networks\Temp1Day--0_Default\scripts\Fern_Ridge_MainstemFlowAug.py","File",".py","411","2026-09-29T19:38:57.0591196Z","False"
"NWP_Willamette_Master_2026_10_05_DamagesPrevented","rss\Flood_64\rss\networks\Temp1Day--0_Default\scripts\Fern_Ridge_MainstemFlowAug.py.bak","File",".bak","411","2026-09-28T22:26:57.1243680Z","False"
"NWP_Willamette_Master_2026_10_05_DamagesPrevented","rss\Flood_64\rss\networks\Temp1Day--0_Default\scripts\Foster_Draft_to_RC.py","File",".py","458","2026-09-29T19:38:56.9819499Z","False"
"NWP_Willamette_Master_2026_10_05_DamagesPrevented","rss\Flood_64\rss\networks\Temp1Day--0_Default\scripts\Foster_Draft_to_RC.py.bak","File",".bak","458","2026-09-28T22:26:57.0743749Z","False"
"NWP_Willamette_Master_2026_10_05_DamagesPrevented","rss\Flood_64\rss\networks\Temp1Day--0_Default\scripts\Foster_Waterloo_Flood_Simple.py","File",".py","2134","2026-09-29T19:38:56.9799502Z","False"
"NWP_Willamette_Master_2026_10_05_DamagesPrevented","rss\Flood_64\rss\networks\Temp1Day--0_Default\scripts\Foster_Waterloo_Flood_Simple.py.bak","File",".bak","2134","2026-09-28T22:26:57.0723771Z","False"
"NWP_Willamette_Master_2026_10_05_DamagesPrevented","rss\Flood_64\rss\networks\Temp1Day--0_Default\scripts\Green_Peter_Combined_Min_Trib.py","File",".py","602","2026-09-29T19:38:57.0009503Z","False"
"NWP_Willamette_Master_2026_10_05_DamagesPrevented","rss\Flood_64\rss\networks\Temp1Day--0_Default\scripts\Green_Peter_Combined_Min_Trib.py.bak","File",".bak","602","2026-09-28T22:26:57.0873671Z","False"
"NWP_Willamette_Master_2026_10_05_DamagesPrevented","rss\Flood_64\rss\networks\Temp1Day--0_Default\scripts\Green_Peter_Deep_Drawdown.py","File",".py","470","2026-09-29T19:38:57.0199545Z","False"
"NWP_Willamette_Master_2026_10_05_DamagesPrevented","rss\Flood_64\rss\networks\Temp1Day--0_Default\scripts\Green_Peter_Deep_Drawdown.py.bak","File",".bak","470","2026-09-28T22:26:57.0983744Z","False"
"NWP_Willamette_Master_2026_10_05_DamagesPrevented","rss\Flood_64\rss\networks\Temp1Day--0_Default\scripts\Green_Peter_Draft_to_RC.py","File",".py","458","2026-09-29T19:38:57.0099445Z","False"
"NWP_Willamette_Master_2026_10_05_DamagesPrevented","rss\Flood_64\rss\networks\Temp1Day--0_Default\scripts\Green_Peter_Draft_to_RC.py.bak","File",".bak","458","2026-09-28T22:26:57.0933748Z","False"
"NWP_Willamette_Master_2026_10_05_DamagesPrevented","rss\Flood_64\rss\networks\Temp1Day--0_Default\scripts\Green_Peter_FIRO_SPACE.py","File",".py","558","2026-09-29T19:38:57.0039502Z","False"
"NWP_Willamette_Master_2026_10_05_DamagesPrevented","rss\Flood_64\rss\networks\Temp1Day--0_Default\scripts\Green_Peter_FIRO_SPACE.py.bak","File",".bak","558","2026-09-28T22:26:57.0893742Z","False"
"NWP_Willamette_Master_2026_10_05_DamagesPrevented","rss\Flood_64\rss\networks\Temp1Day--0_Default\scripts\Green_Peter_MainstemFlowAug.py","File",".py","411","2026-09-29T19:38:57.0059441Z","False"
"NWP_Willamette_Master_2026_10_05_DamagesPrevented","rss\Flood_64\rss\networks\Temp1Day--0_Default\scripts\Green_Peter_MainstemFlowAug.py.bak","File",".bak","411","2026-09-28T22:26:57.0913759Z","False"
"NWP_Willamette_Master_2026_10_05_DamagesPrevented","rss\Flood_64\rss\networks\Temp1Day--0_Default\scripts\Green_Peter_No_Draft.py","File",".py","470","2026-09-29T19:38:57.0139458Z","False"
"NWP_Willamette_Master_2026_10_05_DamagesPrevented","rss\Flood_64\rss\networks\Temp1Day--0_Default\scripts\Green_Peter_No_Draft.py.bak","File",".bak","470","2026-09-28T22:26:57.0953746Z","False"
"NWP_Willamette_Master_2026_10_05_DamagesPrevented","rss\Flood_64\rss\networks\Temp1Day--0_Default\scripts\Green_Peter_Secondary_Flood_Draft_Limit.py","File",".py","518","2026-09-29T19:38:57.0169439Z","False"
"NWP_Willamette_Master_2026_10_05_DamagesPrevented","rss\Flood_64\rss\networks\Temp1Day--0_Default\scripts\Green_Peter_Secondary_Flood_Draft_Limit.py.bak","File",".bak","518","2026-09-28T22:26:57.0963747Z","False"
"NWP_Willamette_Master_2026_10_05_DamagesPrevented","rss\Flood_64\rss\networks\Temp1Day--0_Default\scripts\Hills_Creek_Draft_to_RC.py","File",".py","458","2026-09-29T19:38:57.3537327Z","False"
"NWP_Willamette_Master_2026_10_05_DamagesPrevented","rss\Flood_64\rss\networks\Temp1Day--0_Default\scripts\Hills_Creek_Draft_to_RC.py.bak","File",".bak","458","2026-09-28T22:26:57.2794398Z","False"
"NWP_Willamette_Master_2026_10_05_DamagesPrevented","rss\Flood_64\rss\networks\Temp1Day--0_Default\scripts\Hills_Creek_Fill_LOP_First_Script.py","File",".py","470","2026-09-29T19:38:57.3577464Z","False"
"NWP_Willamette_Master_2026_10_05_DamagesPrevented","rss\Flood_64\rss\networks\Temp1Day--0_Default\scripts\Hills_Creek_Fill_LOP_First_Script.py.bak","File",".bak","470","2026-09-28T22:26:57.2824468Z","False"
"NWP_Willamette_Master_2026_10_05_DamagesPrevented","rss\Flood_64\rss\networks\Temp1Day--0_Default\scripts\Hills_Creek_FIRO_SPACE.py","File",".py","558","2026-09-29T19:38:57.3487333Z","False"
"NWP_Willamette_Master_2026_10_05_DamagesPrevented","rss\Flood_64\rss\networks\Temp1Day--0_Default\scripts\Hills_Creek_FIRO_SPACE.py.bak","File",".bak","558","2026-09-28T22:26:57.2764469Z","False"
"NWP_Willamette_Master_2026_10_05_DamagesPrevented","rss\Flood_64\rss\networks\Temp1Day--0_Default\scripts\Hills_Creek_HCR_LOP_Balance.py","File",".py","482","2026-09-29T19:38:57.3507330Z","False"
"NWP_Willamette_Master_2026_10_05_DamagesPrevented","rss\Flood_64\rss\networks\Temp1Day--0_Default\scripts\Hills_Creek_HCR_LOP_Balance.py.bak","File",".bak","482","2026-09-28T22:26:57.2774469Z","False"
"NWP_Willamette_Master_2026_10_05_DamagesPrevented","rss\Flood_64\rss\networks\Temp1Day--0_Default\scripts\Hills_Creek_IRRM.py","File",".py","438","2026-09-29T19:38:57.3597391Z","False"
"NWP_Willamette_Master_2026_10_05_DamagesPrevented","rss\Flood_64\rss\networks\Temp1Day--0_Default\scripts\Hills_Creek_IRRM.py.bak","File",".bak","438","2026-09-28T22:26:57.2834467Z","False"
"NWP_Willamette_Master_2026_10_05_DamagesPrevented","rss\Flood_64\rss\networks\Temp1Day--0_Default\scripts\Hills_Creek_MainstemFlowAug.py","File",".py","411","2026-09-29T19:38:57.3617390Z","False"
"NWP_Willamette_Master_2026_10_05_DamagesPrevented","rss\Flood_64\rss\networks\Temp1Day--0_Default\scripts\Hills_Creek_MainstemFlowAug.py.bak","File",".bak","411","2026-09-28T22:26:57.2854467Z","False"
"NWP_Willamette_Master_2026_10_05_DamagesPrevented","rss\Flood_64\rss\networks\Temp1Day--0_Default\scripts\Hills_Creek_No_Draft.py","File",".py","450","2026-09-29T19:38:57.3557330Z","False"
"NWP_Willamette_Master_2026_10_05_DamagesPrevented","rss\Flood_64\rss\networks\Temp1Day--0_Default\scripts\Hills_Creek_No_Draft.py.bak","File",".bak","450","2026-09-28T22:26:57.2804465Z","False"
"NWP_Willamette_Master_2026_10_05_DamagesPrevented","rss\Flood_64\rss\networks\Temp1Day--0_Default\scripts\Lookout_Point_Deep_Drawdown.py","File",".py","470","2026-09-29T19:38:57.2937255Z","False"
"NWP_Willamette_Master_2026_10_05_DamagesPrevented","rss\Flood_64\rss\networks\Temp1Day--0_Default\scripts\Lookout_Point_Deep_Drawdown.py.bak","File",".bak","470","2026-09-28T22:26:57.2624469Z","False"
"NWP_Willamette_Master_2026_10_05_DamagesPrevented","rss\Flood_64\rss\networks\Temp1Day--0_Default\scripts\Lookout_Point_Draft_to_RC.py","File",".py","458","2026-09-29T19:38:57.2777326Z","False"
"NWP_Willamette_Master_2026_10_05_DamagesPrevented","rss\Flood_64\rss\networks\Temp1Day--0_Default\scripts\Lookout_Point_Draft_to_RC.py.bak","File",".bak","458","2026-09-28T22:26:57.2509198Z","False"
"NWP_Willamette_Master_2026_10_05_DamagesPrevented","rss\Flood_64\rss\networks\Temp1Day--0_Default\scripts\Lookout_Point_FIRO_SPACE.py","File",".py","558","2026-09-29T19:38:57.2737327Z","False"
"NWP_Willamette_Master_2026_10_05_DamagesPrevented","rss\Flood_64\rss\networks\Temp1Day--0_Default\scripts\Lookout_Point_FIRO_SPACE.py.bak","File",".bak","558","2026-09-28T22:26:57.2489195Z","False"
"NWP_Willamette_Master_2026_10_05_DamagesPrevented","rss\Flood_64\rss\networks\Temp1Day--0_Default\scripts\Lookout_Point_IRRM.py","File",".py","438","2026-09-29T19:38:57.2877328Z","False"
"NWP_Willamette_Master_2026_10_05_DamagesPrevented","rss\Flood_64\rss\networks\Temp1Day--0_Default\scripts\Lookout_Point_IRRM.py.bak","File",".bak","438","2026-09-28T22:26:57.2574466Z","False"
"NWP_Willamette_Master_2026_10_05_DamagesPrevented","rss\Flood_64\rss\networks\Temp1Day--0_Default\scripts\Lookout_Point_MainstemFlowAug.py","File",".py","411","2026-09-29T19:38:57.2897327Z","False"
"NWP_Willamette_Master_2026_10_05_DamagesPrevented","rss\Flood_64\rss\networks\Temp1Day--0_Default\scripts\Lookout_Point_MainstemFlowAug.py.bak","File",".bak","411","2026-09-28T22:26:57.2594468Z","False"
"NWP_Willamette_Master_2026_10_05_DamagesPrevented","rss\Flood_64\rss\networks\Temp1Day--0_Default\scripts\Lookout_Point_NoDraft.py","File",".py","470","2026-09-29T19:38:57.2807333Z","False"
"NWP_Willamette_Master_2026_10_05_DamagesPrevented","rss\Flood_64\rss\networks\Temp1Day--0_Default\scripts\Lookout_Point_NoDraft.py.bak","File",".bak","470","2026-09-28T22:26:57.2529198Z","False"
"NWP_Willamette_Master_2026_10_05_DamagesPrevented","rss\Flood_64\rss\networks\Temp1Day--0_Default\scripts\Lookout_Point_Secondary_Flood_Draft_Limit.py","File",".py","518","2026-09-29T19:38:57.2917333Z","False"
"NWP_Willamette_Master_2026_10_05_DamagesPrevented","rss\Flood_64\rss\networks\Temp1Day--0_Default\scripts\Lookout_Point_Secondary_Flood_Draft_Limit.py.bak","File",".bak","518","2026-09-28T22:26:57.2604467Z","False"
"NWP_Willamette_Master_2026_10_05_DamagesPrevented","rss\Flood_64\rss\networks\Temp1Day--0_Default\scripts\Lookout_Point_Spring_Spill.py","File",".py","466","2026-09-29T19:38:57.2857309Z","False"
"NWP_Willamette_Master_2026_10_05_DamagesPrevented","rss\Flood_64\rss\networks\Temp1Day--0_Default\scripts\Lookout_Point_Spring_Spill.py.bak","File",".bak","466","2026-09-28T22:26:57.2564400Z","False"
"NWP_Willamette_Master_2026_10_05_DamagesPrevented","rss\Flood_64\rss\networks\Temp1Day--0_Default\scripts\Lookout_Point_Target_Elevation.py","File",".py","596","2026-09-29T19:38:57.2837333Z","False"
"NWP_Willamette_Master_2026_10_05_DamagesPrevented","rss\Flood_64\rss\networks\Temp1Day--0_Default\scripts\Lookout_Point_Target_Elevation.py.bak","File",".bak","596","2026-09-28T22:26:57.2539197Z","False"
"NWP_Willamette_Master_2026_10_05_DamagesPrevented","rss\Flood_64\rss\networks\Temp1Day--0_Default\scripts\MainstemFlowAugSV_cleanup.py","File",".py","5","2026-09-29T19:38:55.1266311Z","False"
"NWP_Willamette_Master_2026_10_05_DamagesPrevented","rss\Flood_64\rss\networks\Temp1Day--0_Default\scripts\MainstemFlowAugSV_cleanup.py.bak","File",".bak","5","2026-09-28T22:26:55.2281857Z","False"
"NWP_Willamette_Master_2026_10_05_DamagesPrevented","rss\Flood_64\rss\networks\Temp1Day--0_Default\scripts\MainstemFlowAugSV_init.py","File",".py","642","2026-09-29T19:38:55.1236407Z","False"
"NWP_Willamette_Master_2026_10_05_DamagesPrevented","rss\Flood_64\rss\networks\Temp1Day--0_Default\scripts\MainstemFlowAugSV_init.py.bak","File",".bak","642","2026-09-28T22:26:55.2261792Z","False"
"NWP_Willamette_Master_2026_10_05_DamagesPrevented","rss\Flood_64\rss\networks\Temp1Day--0_Default\scripts\MainstemFlowAugSV_main.py","File",".py","5","2026-09-29T19:38:55.1216323Z","False"
"NWP_Willamette_Master_2026_10_05_DamagesPrevented","rss\Flood_64\rss\networks\Temp1Day--0_Default\scripts\MainstemFlowAugSV_main.py.bak","File",".bak","5","2026-09-28T22:26:55.2251823Z","False"
"NWP_Willamette_Master_2026_10_05_DamagesPrevented","rss\Flood_64\rss\networks\Temp1Day--0_Default\scripts\PostProcess_CSV_cleanup.py","File",".py","5822","2026-09-29T19:38:55.1286427Z","False"
"NWP_Willamette_Master_2026_10_05_DamagesPrevented","rss\Flood_64\rss\networks\Temp1Day--0_Default\scripts\PostProcess_CSV_cleanup.py.bak","File",".bak","5822","2026-09-28T22:26:55.2301851Z","False"
"NWP_Willamette_Master_2026_10_05_DamagesPrevented","rss\Flood_64\rss\networks\Temp1Day--0_Default\scripts\Return_1_down_Return_1_down.py","File",".py","1306","2026-09-29T19:38:56.6958579Z","False"
"NWP_Willamette_Master_2026_10_05_DamagesPrevented","rss\Flood_64\rss\networks\Temp1Day--0_Default\scripts\Return_1_down_Return_1_down.py.bak","File",".bak","1306","2026-09-28T22:26:56.8027814Z","False"
"NWP_Willamette_Master_2026_10_05_DamagesPrevented","rss\Flood_64\rss\networks\Temp1Day--0_Default\scripts\Return_1_up_Return_1_up.py","File",".py","1372","2026-09-29T19:38:56.8864106Z","False"
"NWP_Willamette_Master_2026_10_05_DamagesPrevented","rss\Flood_64\rss\networks\Temp1Day--0_Default\scripts\Return_1_up_Return_1_up.py.bak","File",".bak","1372","2026-09-28T22:26:56.9828530Z","False"
"NWP_Willamette_Master_2026_10_05_DamagesPrevented","rss\Flood_64\rss\networks\Temp1Day--0_Default\scripts\Return_10_Return_10.py","File",".py","1306","2026-09-29T19:38:56.7808745Z","False"
"NWP_Willamette_Master_2026_10_05_DamagesPrevented","rss\Flood_64\rss\networks\Temp1Day--0_Default\scripts\Return_10_Return_10.py.bak","File",".bak","1306","2026-09-28T22:26:56.8823118Z","False"
"NWP_Willamette_Master_2026_10_05_DamagesPrevented","rss\Flood_64\rss\networks\Temp1Day--0_Default\scripts\Return_11_Return_11.py","File",".py","1306","2026-09-29T19:38:56.7533233Z","False"
"NWP_Willamette_Master_2026_10_05_DamagesPrevented","rss\Flood_64\rss\networks\Temp1Day--0_Default\scripts\Return_11_Return_11.py.bak","File",".bak","1306","2026-09-28T22:26:56.8553005Z","False"
"NWP_Willamette_Master_2026_10_05_DamagesPrevented","rss\Flood_64\rss\networks\Temp1Day--0_Default\scripts\Return_12_Return_12.py","File",".py","1306","2026-09-29T19:38:56.7663458Z","False"
"NWP_Willamette_Master_2026_10_05_DamagesPrevented","rss\Flood_64\rss\networks\Temp1Day--0_Default\scripts\Return_12_Return_12.py.bak","File",".bak","1306","2026-09-28T22:26:56.8683121Z","False"
"NWP_Willamette_Master_2026_10_05_DamagesPrevented","rss\Flood_64\rss\networks\Temp1Day--0_Default\scripts\Return_13_Return_13.py","File",".py","1306","2026-09-29T19:38:56.8018762Z","False"
"NWP_Willamette_Master_2026_10_05_DamagesPrevented","rss\Flood_64\rss\networks\Temp1Day--0_Default\scripts\Return_13_Return_13.py.bak","File",".bak","1306","2026-09-28T22:26:56.8963121Z","False"
"NWP_Willamette_Master_2026_10_05_DamagesPrevented","rss\Flood_64\rss\networks\Temp1Day--0_Default\scripts\Return_14_Return_14.py","File",".py","1306","2026-09-29T19:38:56.7255166Z","False"
"NWP_Willamette_Master_2026_10_05_DamagesPrevented","rss\Flood_64\rss\networks\Temp1Day--0_Default\scripts\Return_14_Return_14.py.bak","File",".bak","1306","2026-09-28T22:26:56.8307810Z","False"
"NWP_Willamette_Master_2026_10_05_DamagesPrevented","rss\Flood_64\rss\networks\Temp1Day--0_Default\scripts\Return_15_Return_15.py","File",".py","1306","2026-09-29T19:38:56.7106677Z","False"
"NWP_Willamette_Master_2026_10_05_DamagesPrevented","rss\Flood_64\rss\networks\Temp1Day--0_Default\scripts\Return_15_Return_15.py.bak","File",".bak","1306","2026-09-28T22:26:56.8167811Z","False"
"NWP_Willamette_Master_2026_10_05_DamagesPrevented","rss\Flood_64\rss\networks\Temp1Day--0_Default\scripts\Return_2_Return_2.py","File",".py","1372","2026-09-29T19:38:56.8628894Z","False"
"NWP_Willamette_Master_2026_10_05_DamagesPrevented","rss\Flood_64\rss\networks\Temp1Day--0_Default\scripts\Return_2_Return_2.py.bak","File",".bak","1372","2026-09-28T22:26:56.9618518Z","False"
"NWP_Willamette_Master_2026_10_05_DamagesPrevented","rss\Flood_64\rss\networks\Temp1Day--0_Default\scripts\Return_3_Return_3.py","File",".py","1306","2026-09-29T19:38:56.6830378Z","False"
"NWP_Willamette_Master_2026_10_05_DamagesPrevented","rss\Flood_64\rss\networks\Temp1Day--0_Default\scripts\Return_3_Return_3.py.bak","File",".bak","1306","2026-09-28T22:26:56.7887769Z","False"
"NWP_Willamette_Master_2026_10_05_DamagesPrevented","rss\Flood_64\rss\networks\Temp1Day--0_Default\scripts\Return_4_Return_4.py","File",".py","1372","2026-09-29T19:38:56.8478745Z","False"
"NWP_Willamette_Master_2026_10_05_DamagesPrevented","rss\Flood_64\rss\networks\Temp1Day--0_Default\scripts\Return_4_Return_4.py.bak","File",".bak","1372","2026-09-28T22:26:56.9473262Z","False"
"NWP_Willamette_Master_2026_10_05_DamagesPrevented","rss\Flood_64\rss\networks\Temp1Day--0_Default\scripts\Return_5_Return_5.py","File",".py","1372","2026-09-29T19:38:56.8708889Z","False"
"NWP_Willamette_Master_2026_10_05_DamagesPrevented","rss\Flood_64\rss\networks\Temp1Day--0_Default\scripts\Return_5_Return_5.py.bak","File",".bak","1372","2026-09-28T22:26:56.9698534Z","False"
"NWP_Willamette_Master_2026_10_05_DamagesPrevented","rss\Flood_64\rss\networks\Temp1Day--0_Default\scripts\Return_6_Return_6.py","File",".py","1305","2026-09-29T19:38:56.5465922Z","False"
"NWP_Willamette_Master_2026_10_05_DamagesPrevented","rss\Flood_64\rss\networks\Temp1Day--0_Default\scripts\Return_6_Return_6.py.bak","File",".bak","1305","2026-09-28T22:26:56.6297293Z","False"
"NWP_Willamette_Master_2026_10_05_DamagesPrevented","rss\Flood_64\rss\networks\Temp1Day--0_Default\scripts\Return_7_Return_7.py","File",".py","1306","2026-09-29T19:38:56.5626060Z","False"
"NWP_Willamette_Master_2026_10_05_DamagesPrevented","rss\Flood_64\rss\networks\Temp1Day--0_Default\scripts\Return_7_Return_7.py.bak","File",".bak","1306","2026-09-28T22:26:56.6427435Z","False"
"NWP_Willamette_Master_2026_10_05_DamagesPrevented","rss\Flood_64\rss\networks\Temp1Day--0_Default\scripts\Return_8_Return_8.py","File",".py","1306","2026-09-29T19:38:56.8098738Z","False"
"NWP_Willamette_Master_2026_10_05_DamagesPrevented","rss\Flood_64\rss\networks\Temp1Day--0_Default\scripts\Return_8_Return_8.py.bak","File",".bak","1306","2026-09-28T22:26:56.9093117Z","False"
"NWP_Willamette_Master_2026_10_05_DamagesPrevented","rss\Flood_64\rss\networks\Temp1Day--0_Default\scripts\Return_9_Return_9.py","File",".py","1306","2026-09-29T19:38:56.6414646Z","False"
"NWP_Willamette_Master_2026_10_05_DamagesPrevented","rss\Flood_64\rss\networks\Temp1Day--0_Default\scripts\Return_9_Return_9.py.bak","File",".bak","1306","2026-09-28T22:26:56.7492652Z","False"
"NWP_Willamette_Master_2026_10_05_DamagesPrevented","rss\Flood_64\rss\networks\Temp1Day--0_Default\scripts\WaterYearTypeVariable_init.py","File",".py","759","2026-09-29T19:38:55.1186420Z","False"
"NWP_Willamette_Master_2026_10_05_DamagesPrevented","rss\Flood_64\rss\networks\Temp1Day--0_Default\scripts\WaterYearTypeVariable_init.py.bak","File",".bak","759","2026-09-28T22:26:55.2231866Z","False"
"NWP_Willamette_Master_2026_10_05_DamagesPrevented","rss\Flood_64\rss\rss.conf","File",".conf","2347","2026-09-29T20:17:44.3497167Z","False"
"NWP_Willamette_Master_2026_10_05_DamagesPrevented","rss\Flood_64\simulation.dss","File",".dss","25549680","2026-09-29T19:46:53.5352321Z","False"
"NWP_Willamette_Master_2026_10_05_DamagesPrevented","rss\Flood_64\supplemental\allPrograms.conf","File",".conf","53","2026-09-28T22:28:14.4895074Z","False"
"NWP_Willamette_Master_2026_10_05_DamagesPrevented","rss\Flood_64\supplemental\programs.conf","File",".conf","464","2026-09-28T22:28:14.4865008Z","False"
"NWP_Willamette_Master_2026_10_05_DamagesPrevented","rss\Flood_64\supplemental\supplemental.conf","File",".conf","23","2026-09-28T22:28:14.4839968Z","False"
"NWP_Willamette_Master_2026_10_05_DamagesPrevented","rss\FRM_Base_E.mcscript","File",".mcscript","1324","2026-10-01T22:37:16.2139228Z","False"
"NWP_Willamette_Master_2026_10_05_DamagesPrevented","rss\GPR-FOS_Op.mcscript","File",".mcscript","1324","2025-03-07T17:23:40.0000000Z","False"
"NWP_Willamette_Master_2026_10_05_DamagesPrevented","rss\HCR1511.mcscript","File",".mcscript","1324","2026-10-01T22:37:16.1989212Z","False"
"NWP_Willamette_Master_2026_10_05_DamagesPrevented","rss\HCR1531.mcscript","File",".mcscript","1324","2026-10-01T22:37:16.1919211Z","False"
"NWP_Willamette_Master_2026_10_05_DamagesPrevented","rss\HEFS_25.mcscript","File",".mcscript","1324","2025-03-07T17:23:40.0000000Z","False"
"NWP_Willamette_Master_2026_10_05_DamagesPrevented","rss\HEFS_50.mcscript","File",".mcscript","1324","2025-03-07T17:23:40.0000000Z","False"
"NWP_Willamette_Master_2026_10_05_DamagesPrevented","rss\HEFS_75.mcscript","File",".mcscript","1324","2025-03-07T17:23:41.0000000Z","False"
"NWP_Willamette_Master_2026_10_05_DamagesPrevented","rss\HMS_inputs.mcscript","File",".mcscript","1324","2025-03-07T17:23:41.0000000Z","False"
"NWP_Willamette_Master_2026_10_05_DamagesPrevented","rss\HMSForRAS.mcscript","File",".mcscript","1324","2025-03-07T17:23:41.0000000Z","False"
"NWP_Willamette_Master_2026_10_05_DamagesPrevented","rss\HMSinputs.mcscript","File",".mcscript","1324","2025-03-07T17:23:41.0000000Z","False"
"NWP_Willamette_Master_2026_10_05_DamagesPrevented","rss\MFPtsNWP_D.mcscript","File",".mcscript","1324","2025-11-21T22:12:54.1792287Z","False"
"NWP_Willamette_Master_2026_10_05_DamagesPrevented","rss\New.mcscript","File",".mcscript","1324","2025-03-07T17:23:43.0000000Z","False"
"NWP_Willamette_Master_2026_10_05_DamagesPrevented","rss\Obs_NWP_H.mcscript","File",".mcscript","1324","2026-09-14T15:39:34.7779728Z","False"
"NWP_Willamette_Master_2026_10_05_DamagesPrevented","rss\Obs_NWP_H.mcscripts","File",".mcscripts","1324","2026-10-01T22:04:12.2854214Z","False"
"NWP_Willamette_Master_2026_10_05_DamagesPrevented","rss\R1.5RFC.mcscript","File",".mcscript","1324","2025-03-07T17:23:43.0000000Z","False"
"NWP_Willamette_Master_2026_10_05_DamagesPrevented","rss\R2RFC.mcscript","File",".mcscript","1324","2025-03-07T17:23:43.0000000Z","False"
"NWP_Willamette_Master_2026_10_05_DamagesPrevented","rss\RAS_Compar.mcscript","File",".mcscript","1324","2025-03-07T17:23:44.0000000Z","False"
"NWP_Willamette_Master_2026_10_05_DamagesPrevented","rss\RASCompar.mcscript","File",".mcscript","1324","2025-03-07T17:23:43.0000000Z","False"
"NWP_Willamette_Master_2026_10_05_DamagesPrevented","rss\RFC_ESP.mcscript","File",".mcscript","1324","2025-03-07T17:23:44.0000000Z","False"
"NWP_Willamette_Master_2026_10_05_DamagesPrevented","rss\RFCx.5.mcscript","File",".mcscript","1324","2025-03-07T17:23:44.0000000Z","False"
"NWP_Willamette_Master_2026_10_05_DamagesPrevented","rss\RFCx1.5.mcscript","File",".mcscript","1324","2025-03-07T17:23:44.0000000Z","False"
"NWP_Willamette_Master_2026_10_05_DamagesPrevented","rss\RFCx2.mcscript","File",".mcscript","1324","2025-03-07T17:23:44.0000000Z","False"
"NWP_Willamette_Master_2026_10_05_DamagesPrevented","rss\rss.conf","File",".conf","46427","2026-10-02T17:23:54.7690713Z","False"
"NWP_Willamette_Master_2026_10_05_DamagesPrevented","rss\Script_Cleanup_Test.simperiod","File",".simperiod","2564","2026-09-29T22:36:18.9388399Z","False"
"NWP_Willamette_Master_2026_10_05_DamagesPrevented","rss\Script_Cleanup_Test.simperiod.bak","File",".bak","2564","2026-09-29T20:41:41.3250570Z","False"
"NWP_Willamette_Master_2026_10_05_DamagesPrevented","rss\scripts\Alternative_Setup_cleanup.py","File",".py","5","2026-10-02T17:10:38.0237615Z","False"
"NWP_Willamette_Master_2026_10_05_DamagesPrevented","rss\scripts\Alternative_Setup_cleanup.py.bak","File",".bak","5","2026-10-02T15:37:47.3863047Z","False"
"NWP_Willamette_Master_2026_10_05_DamagesPrevented","rss\scripts\Alternative_Setup_init.py","File",".py","642","2026-10-02T17:10:38.0217623Z","False"
"NWP_Willamette_Master_2026_10_05_DamagesPrevented","rss\scripts\Alternative_Setup_init.py.bak","File",".bak","642","2026-10-02T15:37:47.3842997Z","False"
"NWP_Willamette_Master_2026_10_05_DamagesPrevented","rss\scripts\Alternative_Setup_main.py","File",".py","5","2026-10-02T17:10:38.0207607Z","False"
"NWP_Willamette_Master_2026_10_05_DamagesPrevented","rss\scripts\Alternative_Setup_main.py.bak","File",".bak","5","2026-10-02T15:37:47.3823167Z","False"
"NWP_Willamette_Master_2026_10_05_DamagesPrevented","rss\scripts\Big_Cliff__DUMMY__IMPORT_MODULES.py","File",".py","2328","2026-10-02T17:10:39.7559507Z","False"
"NWP_Willamette_Master_2026_10_05_DamagesPrevented","rss\scripts\Big_Cliff__DUMMY__IMPORT_MODULES.py.bak","File",".bak","2328","2026-10-02T17:10:37.5996229Z","False"
"NWP_Willamette_Master_2026_10_05_DamagesPrevented","rss\scripts\Big_Cliff__DUMMY__Initialize_ControllerExternalSV.py","File",".py","1909","2026-10-02T17:10:39.7529493Z","False"
"NWP_Willamette_Master_2026_10_05_DamagesPrevented","rss\scripts\Big_Cliff__DUMMY__Initialize_ControllerExternalSV.py.bak","File",".bak","1909","2026-10-02T17:10:37.5976229Z","False"
"NWP_Willamette_Master_2026_10_05_DamagesPrevented","rss\scripts\Blue_River_Combined_Min_Trib.py","File",".py","602","2026-10-02T17:10:39.9030208Z","False"
"NWP_Willamette_Master_2026_10_05_DamagesPrevented","rss\scripts\Blue_River_Combined_Min_Trib.py.bak","File",".bak","602","2026-10-02T17:10:37.7581658Z","False"
"NWP_Willamette_Master_2026_10_05_DamagesPrevented","rss\scripts\Blue_River_Draft_to_RC.py","File",".py","458","2026-10-02T17:10:39.8980203Z","False"
"NWP_Willamette_Master_2026_10_05_DamagesPrevented","rss\scripts\Blue_River_Draft_to_RC.py.bak","File",".bak","458","2026-10-02T17:10:37.7531712Z","False"
"NWP_Willamette_Master_2026_10_05_DamagesPrevented","rss\scripts\Blue_River_FIRO_SPACE.py","File",".py","558","2026-10-02T17:10:39.8960200Z","False"
"NWP_Willamette_Master_2026_10_05_DamagesPrevented","rss\scripts\Blue_River_FIRO_SPACE.py.bak","File",".bak","558","2026-10-02T17:10:37.7511710Z","False"
"NWP_Willamette_Master_2026_10_05_DamagesPrevented","rss\scripts\Blue_River_MainstemFlowAug.py","File",".py","411","2026-10-02T17:10:39.9000196Z","False"
"NWP_Willamette_Master_2026_10_05_DamagesPrevented","rss\scripts\Blue_River_MainstemFlowAug.py.bak","File",".bak","411","2026-10-02T17:10:37.7551710Z","False"
"NWP_Willamette_Master_2026_10_05_DamagesPrevented","rss\scripts\ControllerExternalSV_cleanup.py","File",".py","125","2026-10-02T17:10:38.0297616Z","False"
"NWP_Willamette_Master_2026_10_05_DamagesPrevented","rss\scripts\ControllerExternalSV_cleanup.py.bak","File",".bak","125","2026-10-02T15:37:47.3913072Z","False"
"NWP_Willamette_Master_2026_10_05_DamagesPrevented","rss\scripts\ControllerExternalSV_init.py","File",".py","746","2026-10-02T17:10:38.0287613Z","False"
"NWP_Willamette_Master_2026_10_05_DamagesPrevented","rss\scripts\ControllerExternalSV_init.py.bak","File",".bak","746","2026-10-02T15:37:47.3893084Z","False"
"NWP_Willamette_Master_2026_10_05_DamagesPrevented","rss\scripts\ControllerExternalSV_main.py","File",".py","142","2026-10-02T17:10:38.0267592Z","False"
"NWP_Willamette_Master_2026_10_05_DamagesPrevented","rss\scripts\ControllerExternalSV_main.py.bak","File",".bak","142","2026-10-02T15:37:47.3873069Z","False"
"NWP_Willamette_Master_2026_10_05_DamagesPrevented","rss\scripts\Cottage_Grove_Combined_Min_Trib.py","File",".py","602","2026-10-02T17:10:39.9590228Z","False"
"NWP_Willamette_Master_2026_10_05_DamagesPrevented","rss\scripts\Cottage_Grove_Combined_Min_Trib.py.bak","File",".bak","602","2026-10-02T17:10:37.8176947Z","False"
"NWP_Willamette_Master_2026_10_05_DamagesPrevented","rss\scripts\Cottage_Grove_Draft_to_RC.py","File",".py","458","2026-10-02T17:10:39.9550208Z","False"
"NWP_Willamette_Master_2026_10_05_DamagesPrevented","rss\scripts\Cottage_Grove_Draft_to_RC.py.bak","File",".bak","458","2026-10-02T17:10:37.8136948Z","False"
"NWP_Willamette_Master_2026_10_05_DamagesPrevented","rss\scripts\Cottage_Grove_FIRO_SPACE.py","File",".py","558","2026-10-02T17:10:39.9610371Z","False"
"NWP_Willamette_Master_2026_10_05_DamagesPrevented","rss\scripts\Cottage_Grove_FIRO_SPACE.py.bak","File",".bak","558","2026-10-02T17:10:37.8196875Z","False"
"NWP_Willamette_Master_2026_10_05_DamagesPrevented","rss\scripts\Cottage_Grove_MainstemFlowAug.py","File",".py","411","2026-10-02T17:10:39.9570206Z","False"
"NWP_Willamette_Master_2026_10_05_DamagesPrevented","rss\scripts\Cottage_Grove_MainstemFlowAug.py.bak","File",".bak","411","2026-10-02T17:10:37.8156950Z","False"
"NWP_Willamette_Master_2026_10_05_DamagesPrevented","rss\scripts\Cougar_Combined_Min_Trib.py","File",".py","602","2026-10-02T17:10:39.9200206Z","False"
"NWP_Willamette_Master_2026_10_05_DamagesPrevented","rss\scripts\Cougar_Combined_Min_Trib.py.bak","File",".bak","602","2026-10-02T17:10:37.7786941Z","False"
"NWP_Willamette_Master_2026_10_05_DamagesPrevented","rss\scripts\Cougar_Deep_Drawdown.py","File",".py","473","2026-10-02T17:10:39.9310201Z","False"
"NWP_Willamette_Master_2026_10_05_DamagesPrevented","rss\scripts\Cougar_Deep_Drawdown.py.bak","File",".bak","473","2026-10-02T17:10:37.7886964Z","False"
"NWP_Willamette_Master_2026_10_05_DamagesPrevented","rss\scripts\Cougar_Draft_to_RC.py","File",".py","458","2026-10-02T17:10:39.9250200Z","False"
"NWP_Willamette_Master_2026_10_05_DamagesPrevented","rss\scripts\Cougar_Draft_to_RC.py.bak","File",".bak","458","2026-10-02T17:10:37.7826952Z","False"
"NWP_Willamette_Master_2026_10_05_DamagesPrevented","rss\scripts\Cougar_FIRO_SPACE.py","File",".py","558","2026-10-02T17:10:39.9220273Z","False"
"NWP_Willamette_Master_2026_10_05_DamagesPrevented","rss\scripts\Cougar_FIRO_SPACE.py.bak","File",".bak","558","2026-10-02T17:10:37.7806941Z","False"
"NWP_Willamette_Master_2026_10_05_DamagesPrevented","rss\scripts\Cougar_IRRM.py","File",".py","438","2026-10-02T17:10:39.9330204Z","False"
"NWP_Willamette_Master_2026_10_05_DamagesPrevented","rss\scripts\Cougar_IRRM.py.bak","File",".bak","438","2026-10-02T17:10:37.7906941Z","False"
"NWP_Willamette_Master_2026_10_05_DamagesPrevented","rss\scripts\Cougar_MainstemFlowAug.py","File",".py","411","2026-10-02T17:10:39.9360132Z","False"
"NWP_Willamette_Master_2026_10_05_DamagesPrevented","rss\scripts\Cougar_MainstemFlowAug.py.bak","File",".bak","411","2026-10-02T17:10:37.7926942Z","False"
"NWP_Willamette_Master_2026_10_05_DamagesPrevented","rss\scripts\Cougar_No_Draft.py","File",".py","470","2026-10-02T17:10:39.9270202Z","False"
"NWP_Willamette_Master_2026_10_05_DamagesPrevented","rss\scripts\Cougar_No_Draft.py.bak","File",".bak","470","2026-10-02T17:10:37.7846941Z","False"
"NWP_Willamette_Master_2026_10_05_DamagesPrevented","rss\scripts\Cougar_Spring_Spill.py","File",".py","466","2026-10-02T17:10:39.9290204Z","False"
"NWP_Willamette_Master_2026_10_05_DamagesPrevented","rss\scripts\Cougar_Spring_Spill.py.bak","File",".bak","466","2026-10-02T17:10:37.7866944Z","False"
"NWP_Willamette_Master_2026_10_05_DamagesPrevented","rss\scripts\Cumloc_Harrisburg_init.py","File",".py","1252","2026-10-02T17:10:38.0187643Z","False"
"NWP_Willamette_Master_2026_10_05_DamagesPrevented","rss\scripts\Cumloc_Harrisburg_init.py.bak","File",".bak","1252","2026-10-02T15:37:47.3803031Z","False"
"NWP_Willamette_Master_2026_10_05_DamagesPrevented","rss\scripts\Cumloc_Jefferson_init.py","File",".py","2052","2026-10-02T17:10:38.0157946Z","False"
"NWP_Willamette_Master_2026_10_05_DamagesPrevented","rss\scripts\Cumloc_Jefferson_init.py.bak","File",".bak","2052","2026-10-02T15:37:47.3783100Z","False"
"NWP_Willamette_Master_2026_10_05_DamagesPrevented","rss\scripts\Detroit_Combined_Min_Trib.py","File",".py","602","2026-10-02T17:10:39.7834705Z","False"
"NWP_Willamette_Master_2026_10_05_DamagesPrevented","rss\scripts\Detroit_Combined_Min_Trib.py.bak","File",".bak","602","2026-10-02T17:10:37.6286236Z","False"
"NWP_Willamette_Master_2026_10_05_DamagesPrevented","rss\scripts\Detroit_Deep_Drawdown.py","File",".py","470","2026-10-02T17:10:39.7814707Z","False"
"NWP_Willamette_Master_2026_10_05_DamagesPrevented","rss\scripts\Detroit_Deep_Drawdown.py.bak","File",".bak","470","2026-10-02T17:10:37.6266227Z","False"
"NWP_Willamette_Master_2026_10_05_DamagesPrevented","rss\scripts\Detroit_Draft_to_RC.py","File",".py","458","2026-10-02T17:10:39.7729567Z","False"
"NWP_Willamette_Master_2026_10_05_DamagesPrevented","rss\scripts\Detroit_Draft_to_RC.py.bak","File",".bak","458","2026-10-02T17:10:37.6166232Z","False"
"NWP_Willamette_Master_2026_10_05_DamagesPrevented","rss\scripts\Detroit_FIRO_SPACE.py","File",".py","558","2026-10-02T17:10:39.7854645Z","False"
"NWP_Willamette_Master_2026_10_05_DamagesPrevented","rss\scripts\Detroit_FIRO_SPACE.py.bak","File",".bak","558","2026-10-02T17:10:37.6306230Z","False"
"NWP_Willamette_Master_2026_10_05_DamagesPrevented","rss\scripts\Detroit_IRRM.py","File",".py","534","2026-10-02T17:10:39.7774708Z","False"
"NWP_Willamette_Master_2026_10_05_DamagesPrevented","rss\scripts\Detroit_IRRM.py.bak","File",".bak","534","2026-10-02T17:10:37.6216229Z","False"
"NWP_Willamette_Master_2026_10_05_DamagesPrevented","rss\scripts\Detroit_MainstemFlowAug.py","File",".py","411","2026-10-02T17:10:39.7884714Z","False"
"NWP_Willamette_Master_2026_10_05_DamagesPrevented","rss\scripts\Detroit_MainstemFlowAug.py.bak","File",".bak","411","2026-10-02T17:10:37.6346229Z","False"
"NWP_Willamette_Master_2026_10_05_DamagesPrevented","rss\scripts\Detroit_No_Draft.py","File",".py","450","2026-10-02T17:10:39.7754740Z","False"
"NWP_Willamette_Master_2026_10_05_DamagesPrevented","rss\scripts\Detroit_No_Draft.py.bak","File",".bak","450","2026-10-02T17:10:37.6186227Z","False"
"NWP_Willamette_Master_2026_10_05_DamagesPrevented","rss\scripts\Detroit_Secondary_Flood_Draft_Limit.py","File",".py","518","2026-10-02T17:10:39.7794700Z","False"
"NWP_Willamette_Master_2026_10_05_DamagesPrevented","rss\scripts\Detroit_Secondary_Flood_Draft_Limit.py.bak","File",".bak","518","2026-10-02T17:10:37.6236231Z","False"
"NWP_Willamette_Master_2026_10_05_DamagesPrevented","rss\scripts\Diversion_1_down_Diversion_1_down.py","File",".py","1372","2026-10-02T17:10:39.7139480Z","False"
"NWP_Willamette_Master_2026_10_05_DamagesPrevented","rss\scripts\Diversion_1_down_Diversion_1_down.py.bak","File",".bak","1372","2026-10-02T15:37:48.9771931Z","False"
"NWP_Willamette_Master_2026_10_05_DamagesPrevented","rss\scripts\Diversion_1_up_Diversion_1_up.py","File",".py","1372","2026-10-02T17:10:39.6959475Z","False"
"NWP_Willamette_Master_2026_10_05_DamagesPrevented","rss\scripts\Diversion_1_up_Diversion_1_up.py.bak","File",".bak","1372","2026-10-02T15:37:48.9626590Z","False"
"NWP_Willamette_Master_2026_10_05_DamagesPrevented","rss\scripts\Diversion_10_Diversion_10.py","File",".py","1306","2026-10-02T17:10:39.4083382Z","False"
"NWP_Willamette_Master_2026_10_05_DamagesPrevented","rss\scripts\Diversion_10_Diversion_10.py.bak","File",".bak","1306","2026-10-02T15:37:48.6978519Z","False"
"NWP_Willamette_Master_2026_10_05_DamagesPrevented","rss\scripts\Diversion_11_Diversion_11.py","File",".py","1306","2026-10-02T17:10:39.5448844Z","False"
"NWP_Willamette_Master_2026_10_05_DamagesPrevented","rss\scripts\Diversion_11_Diversion_11.py.bak","File",".bak","1306","2026-10-02T15:37:48.8181033Z","False"
"NWP_Willamette_Master_2026_10_05_DamagesPrevented","rss\scripts\Diversion_12_Diversion_12.py","File",".py","1306","2026-10-02T17:10:39.3943382Z","False"
"NWP_Willamette_Master_2026_10_05_DamagesPrevented","rss\scripts\Diversion_12_Diversion_12.py.bak","File",".bak","1306","2026-10-02T15:37:48.6858447Z","False"
"NWP_Willamette_Master_2026_10_05_DamagesPrevented","rss\scripts\Diversion_13_Diversion_13.py","File",".py","1306","2026-10-02T17:10:39.4223388Z","False"
"NWP_Willamette_Master_2026_10_05_DamagesPrevented","rss\scripts\Diversion_13_Diversion_13.py.bak","File",".bak","1306","2026-10-02T15:37:48.7108524Z","False"
"NWP_Willamette_Master_2026_10_05_DamagesPrevented","rss\scripts\Diversion_14_Diversion_14.py","File",".py","1306","2026-10-02T17:10:39.3803380Z","False"
"NWP_Willamette_Master_2026_10_05_DamagesPrevented","rss\scripts\Diversion_14_Diversion_14.py.bak","File",".bak","1306","2026-10-02T15:37:48.6718526Z","False"
"NWP_Willamette_Master_2026_10_05_DamagesPrevented","rss\scripts\Diversion_15_Diversion_15.py","File",".py","1306","2026-10-02T17:10:39.3668156Z","False"
"NWP_Willamette_Master_2026_10_05_DamagesPrevented","rss\scripts\Diversion_15_Diversion_15.py.bak","File",".bak","1306","2026-10-02T15:37:48.6593264Z","False"
"NWP_Willamette_Master_2026_10_05_DamagesPrevented","rss\scripts\Diversion_2_Diversion_2.py","File",".py","1306","2026-10-02T17:10:39.4653528Z","False"
"NWP_Willamette_Master_2026_10_05_DamagesPrevented","rss\scripts\Diversion_2_Diversion_2.py.bak","File",".bak","1306","2026-10-02T15:37:48.7515774Z","False"
"NWP_Willamette_Master_2026_10_05_DamagesPrevented","rss\scripts\Diversion_3_Diversion_3.py","File",".py","1372","2026-10-02T17:10:39.6694226Z","False"
"NWP_Willamette_Master_2026_10_05_DamagesPrevented","rss\scripts\Diversion_3_Diversion_3.py.bak","File",".bak","1372","2026-10-02T15:37:48.9396450Z","False"
"NWP_Willamette_Master_2026_10_05_DamagesPrevented","rss\scripts\Diversion_4_Diversion_4.py","File",".py","1306","2026-10-02T17:10:39.4503390Z","False"
"NWP_Willamette_Master_2026_10_05_DamagesPrevented","rss\scripts\Diversion_4_Diversion_4.py.bak","File",".bak","1306","2026-10-02T15:37:48.7385661Z","False"
"NWP_Willamette_Master_2026_10_05_DamagesPrevented","rss\scripts\Diversion_5_Diversion_5.py","File",".py","1372","2026-10-02T17:10:39.7229408Z","False"
"NWP_Willamette_Master_2026_10_05_DamagesPrevented","rss\scripts\Diversion_5_Diversion_5.py.bak","File",".bak","1372","2026-10-02T15:37:48.9861935Z","False"
"NWP_Willamette_Master_2026_10_05_DamagesPrevented","rss\scripts\Diversion_6_Diversion_6.py","File",".py","1305","2026-10-02T17:10:39.6524103Z","False"
"NWP_Willamette_Master_2026_10_05_DamagesPrevented","rss\scripts\Diversion_6_Diversion_6.py.bak","File",".bak","1305","2026-10-02T15:37:48.9146451Z","False"
"NWP_Willamette_Master_2026_10_05_DamagesPrevented","rss\scripts\Diversion_7_Diversion_7.py","File",".py","1373","2026-10-02T17:10:39.6444060Z","False"
"NWP_Willamette_Master_2026_10_05_DamagesPrevented","rss\scripts\Diversion_7_Diversion_7.py.bak","File",".bak","1373","2026-10-02T15:37:48.9066448Z","False"
"NWP_Willamette_Master_2026_10_05_DamagesPrevented","rss\scripts\Diversion_8_Diversion_8.py","File",".py","1372","2026-10-02T17:10:39.6284058Z","False"
"NWP_Willamette_Master_2026_10_05_DamagesPrevented","rss\scripts\Diversion_8_Diversion_8.py.bak","File",".bak","1372","2026-10-02T15:37:48.8916447Z","False"
"NWP_Willamette_Master_2026_10_05_DamagesPrevented","rss\scripts\Diversion_9_Diversion_9.py","File",".py","1372","2026-10-02T17:10:39.6363987Z","False"
"NWP_Willamette_Master_2026_10_05_DamagesPrevented","rss\scripts\Diversion_9_Diversion_9.py.bak","File",".bak","1372","2026-10-02T15:37:48.8986451Z","False"
"NWP_Willamette_Master_2026_10_05_DamagesPrevented","rss\scripts\Dorena_Combined_Min_Trib.py","File",".py","602","2026-10-02T17:10:39.9785548Z","False"
"NWP_Willamette_Master_2026_10_05_DamagesPrevented","rss\scripts\Dorena_Combined_Min_Trib.py.bak","File",".bak","602","2026-10-02T17:10:37.8406953Z","False"
"NWP_Willamette_Master_2026_10_05_DamagesPrevented","rss\scripts\Dorena_Draft_to_RC.py","File",".py","467","2026-10-02T17:10:39.9825476Z","False"
"NWP_Willamette_Master_2026_10_05_DamagesPrevented","rss\scripts\Dorena_Draft_to_RC.py.bak","File",".bak","467","2026-10-02T17:10:37.8446951Z","False"
"NWP_Willamette_Master_2026_10_05_DamagesPrevented","rss\scripts\Dorena_FIRO_SPACE.py","File",".py","558","2026-10-02T17:10:39.9805550Z","False"
"NWP_Willamette_Master_2026_10_05_DamagesPrevented","rss\scripts\Dorena_FIRO_SPACE.py.bak","File",".bak","558","2026-10-02T17:10:37.8426953Z","False"
"NWP_Willamette_Master_2026_10_05_DamagesPrevented","rss\scripts\Dorena_MainstemFlowAug.py","File",".py","411","2026-10-02T17:10:39.9845550Z","False"
"NWP_Willamette_Master_2026_10_05_DamagesPrevented","rss\scripts\Dorena_MainstemFlowAug.py.bak","File",".bak","411","2026-10-02T17:10:37.8466952Z","False"
"NWP_Willamette_Master_2026_10_05_DamagesPrevented","rss\scripts\Fall_Creek_Combined_Min_Trib.py","File",".py","602","2026-10-02T17:10:40.0085550Z","False"
"NWP_Willamette_Master_2026_10_05_DamagesPrevented","rss\scripts\Fall_Creek_Combined_Min_Trib.py.bak","File",".bak","602","2026-10-02T17:10:37.8752278Z","False"
"NWP_Willamette_Master_2026_10_05_DamagesPrevented","rss\scripts\Fall_Creek_Deep_Drawdown.py","File",".py","470","2026-10-02T17:10:40.0035549Z","False"
"NWP_Willamette_Master_2026_10_05_DamagesPrevented","rss\scripts\Fall_Creek_Deep_Drawdown.py.bak","File",".bak","470","2026-10-02T17:10:37.8707102Z","False"
"NWP_Willamette_Master_2026_10_05_DamagesPrevented","rss\scripts\Fall_Creek_Draft_to_RC.py","File",".py","458","2026-10-02T17:10:40.0015553Z","False"
"NWP_Willamette_Master_2026_10_05_DamagesPrevented","rss\scripts\Fall_Creek_Draft_to_RC.py.bak","File",".bak","458","2026-10-02T17:10:37.8677102Z","False"
"NWP_Willamette_Master_2026_10_05_DamagesPrevented","rss\scripts\Fall_Creek_FIRO_SPACE.py","File",".py","558","2026-10-02T17:10:40.0095573Z","False"
"NWP_Willamette_Master_2026_10_05_DamagesPrevented","rss\scripts\Fall_Creek_FIRO_SPACE.py.bak","File",".bak","558","2026-10-02T17:10:37.8772275Z","False"
"NWP_Willamette_Master_2026_10_05_DamagesPrevented","rss\scripts\Fall_Creek_MainstemFlowAug.py","File",".py","411","2026-10-02T17:10:40.0055549Z","False"
"NWP_Willamette_Master_2026_10_05_DamagesPrevented","rss\scripts\Fall_Creek_MainstemFlowAug.py.bak","File",".bak","411","2026-10-02T17:10:37.8727033Z","False"
"NWP_Willamette_Master_2026_10_05_DamagesPrevented","rss\scripts\Fern_Ridge_Combined_Min_Trib.py","File",".py","602","2026-10-02T17:10:39.8724847Z","False"
"NWP_Willamette_Master_2026_10_05_DamagesPrevented","rss\scripts\Fern_Ridge_Combined_Min_Trib.py.bak","File",".bak","602","2026-10-02T17:10:37.7261708Z","False"
"NWP_Willamette_Master_2026_10_05_DamagesPrevented","rss\scripts\Fern_Ridge_Draft_to_RC.py","File",".py","458","2026-10-02T17:10:39.8694953Z","False"
"NWP_Willamette_Master_2026_10_05_DamagesPrevented","rss\scripts\Fern_Ridge_Draft_to_RC.py.bak","File",".bak","458","2026-10-02T17:10:37.7231731Z","False"
"NWP_Willamette_Master_2026_10_05_DamagesPrevented","rss\scripts\Fern_Ridge_FIRO_SPACE.py","File",".py","558","2026-10-02T17:10:39.8760192Z","False"
"NWP_Willamette_Master_2026_10_05_DamagesPrevented","rss\scripts\Fern_Ridge_FIRO_SPACE.py.bak","File",".bak","558","2026-10-02T17:10:37.7281708Z","False"
"NWP_Willamette_Master_2026_10_05_DamagesPrevented","rss\scripts\Fern_Ridge_MainstemFlowAug.py","File",".py","411","2026-10-02T17:10:39.8780193Z","False"
"NWP_Willamette_Master_2026_10_05_DamagesPrevented","rss\scripts\Fern_Ridge_MainstemFlowAug.py.bak","File",".bak","411","2026-10-02T17:10:37.7291705Z","False"
"NWP_Willamette_Master_2026_10_05_DamagesPrevented","rss\scripts\Foster_Draft_to_RC.py","File",".py","458","2026-10-02T17:10:39.8164708Z","False"
"NWP_Willamette_Master_2026_10_05_DamagesPrevented","rss\scripts\Foster_Draft_to_RC.py.bak","File",".bak","458","2026-10-02T17:10:37.6636413Z","False"
"NWP_Willamette_Master_2026_10_05_DamagesPrevented","rss\scripts\Foster_FIRO_SPACE.py","File",".py","558","2026-10-02T17:10:39.8124709Z","False"
"NWP_Willamette_Master_2026_10_05_DamagesPrevented","rss\scripts\Foster_FIRO_SPACE.py.bak","File",".bak","558","2026-10-02T17:10:37.6596350Z","False"
"NWP_Willamette_Master_2026_10_05_DamagesPrevented","rss\scripts\Foster_Waterloo_Flood_Simple.py","File",".py","2134","2026-10-02T17:10:39.8144709Z","False"
"NWP_Willamette_Master_2026_10_05_DamagesPrevented","rss\scripts\Foster_Waterloo_Flood_Simple.py.bak","File",".bak","2134","2026-10-02T17:10:37.6616342Z","False"
"NWP_Willamette_Master_2026_10_05_DamagesPrevented","rss\scripts\Green_Peter_Combined_Min_Trib.py","File",".py","602","2026-10-02T17:10:39.8364711Z","False"
"NWP_Willamette_Master_2026_10_05_DamagesPrevented","rss\scripts\Green_Peter_Combined_Min_Trib.py.bak","File",".bak","602","2026-10-02T17:10:37.6861698Z","False"
"NWP_Willamette_Master_2026_10_05_DamagesPrevented","rss\scripts\Green_Peter_Deep_Drawdown.py","File",".py","470","2026-10-02T17:10:39.8494643Z","False"
"NWP_Willamette_Master_2026_10_05_DamagesPrevented","rss\scripts\Green_Peter_Deep_Drawdown.py.bak","File",".bak","470","2026-10-02T17:10:37.6991700Z","False"
"NWP_Willamette_Master_2026_10_05_DamagesPrevented","rss\scripts\Green_Peter_Draft_to_RC.py","File",".py","458","2026-10-02T17:10:39.8434711Z","False"
"NWP_Willamette_Master_2026_10_05_DamagesPrevented","rss\scripts\Green_Peter_Draft_to_RC.py.bak","File",".bak","458","2026-10-02T17:10:37.6931683Z","False"
"NWP_Willamette_Master_2026_10_05_DamagesPrevented","rss\scripts\Green_Peter_FIRO_SPACE.py","File",".py","558","2026-10-02T17:10:39.8394735Z","False"
"NWP_Willamette_Master_2026_10_05_DamagesPrevented","rss\scripts\Green_Peter_FIRO_SPACE.py.bak","File",".bak","558","2026-10-02T17:10:37.6881631Z","False"
"NWP_Willamette_Master_2026_10_05_DamagesPrevented","rss\scripts\Green_Peter_MainstemFlowAug.py","File",".py","411","2026-10-02T17:10:39.8414712Z","False"
"NWP_Willamette_Master_2026_10_05_DamagesPrevented","rss\scripts\Green_Peter_MainstemFlowAug.py.bak","File",".bak","411","2026-10-02T17:10:37.6901703Z","False"
"NWP_Willamette_Master_2026_10_05_DamagesPrevented","rss\scripts\Green_Peter_No_Draft.py","File",".py","470","2026-10-02T17:10:39.8444715Z","False"
"NWP_Willamette_Master_2026_10_05_DamagesPrevented","rss\scripts\Green_Peter_No_Draft.py.bak","File",".bak","470","2026-10-02T17:10:37.6951628Z","False"
"NWP_Willamette_Master_2026_10_05_DamagesPrevented","rss\scripts\Green_Peter_Secondary_Flood_Draft_Limit.py","File",".py","518","2026-10-02T17:10:39.8464711Z","False"
"NWP_Willamette_Master_2026_10_05_DamagesPrevented","rss\scripts\Green_Peter_Secondary_Flood_Draft_Limit.py.bak","File",".bak","518","2026-10-02T17:10:37.6961626Z","False"
"NWP_Willamette_Master_2026_10_05_DamagesPrevented","rss\scripts\Hills_Creek_Combined_Min_Trib.py","File",".py","602","2026-10-02T17:10:40.0790941Z","False"
"NWP_Willamette_Master_2026_10_05_DamagesPrevented","rss\scripts\Hills_Creek_Combined_Min_Trib.py.bak","File",".bak","602","2026-10-02T17:10:37.9582226Z","False"
"NWP_Willamette_Master_2026_10_05_DamagesPrevented","rss\scripts\Hills_Creek_Draft_to_RC.py","File",".py","458","2026-10-02T17:10:40.0850862Z","False"
"NWP_Willamette_Master_2026_10_05_DamagesPrevented","rss\scripts\Hills_Creek_Draft_to_RC.py.bak","File",".bak","458","2026-10-02T17:10:37.9652332Z","False"
"NWP_Willamette_Master_2026_10_05_DamagesPrevented","rss\scripts\Hills_Creek_Fill_LOP_First_Script.py","File",".py","470","2026-10-02T17:10:40.0890938Z","False"
"NWP_Willamette_Master_2026_10_05_DamagesPrevented","rss\scripts\Hills_Creek_Fill_LOP_First_Script.py.bak","File",".bak","470","2026-10-02T17:10:37.9692334Z","False"
"NWP_Willamette_Master_2026_10_05_DamagesPrevented","rss\scripts\Hills_Creek_FIRO_SPACE.py","File",".py","558","2026-10-02T17:10:40.0810935Z","False"
"NWP_Willamette_Master_2026_10_05_DamagesPrevented","rss\scripts\Hills_Creek_FIRO_SPACE.py.bak","File",".bak","558","2026-10-02T17:10:37.9602259Z","False"
"NWP_Willamette_Master_2026_10_05_DamagesPrevented","rss\scripts\Hills_Creek_HCR_LOP_Balance.py","File",".py","482","2026-10-02T17:10:40.0830934Z","False"
"NWP_Willamette_Master_2026_10_05_DamagesPrevented","rss\scripts\Hills_Creek_HCR_LOP_Balance.py.bak","File",".bak","482","2026-10-02T17:10:37.9622266Z","False"
"NWP_Willamette_Master_2026_10_05_DamagesPrevented","rss\scripts\Hills_Creek_IRRM.py","File",".py","438","2026-10-02T17:10:40.0910936Z","False"
"NWP_Willamette_Master_2026_10_05_DamagesPrevented","rss\scripts\Hills_Creek_IRRM.py.bak","File",".bak","438","2026-10-02T17:10:37.9712332Z","False"
"NWP_Willamette_Master_2026_10_05_DamagesPrevented","rss\scripts\Hills_Creek_MainstemFlowAug.py","File",".py","411","2026-10-02T17:10:40.0930935Z","False"
"NWP_Willamette_Master_2026_10_05_DamagesPrevented","rss\scripts\Hills_Creek_MainstemFlowAug.py.bak","File",".bak","411","2026-10-02T17:10:37.9722336Z","False"
"NWP_Willamette_Master_2026_10_05_DamagesPrevented","rss\scripts\Hills_Creek_No_Draft.py","File",".py","450","2026-10-02T17:10:40.0870939Z","False"
"NWP_Willamette_Master_2026_10_05_DamagesPrevented","rss\scripts\Hills_Creek_No_Draft.py.bak","File",".bak","450","2026-10-02T17:10:37.9672352Z","False"
"NWP_Willamette_Master_2026_10_05_DamagesPrevented","rss\scripts\Lookout_Point_Combined_Min_Trib.py","File",".py","602","2026-10-02T17:10:40.0415555Z","False"
"NWP_Willamette_Master_2026_10_05_DamagesPrevented","rss\scripts\Lookout_Point_Combined_Min_Trib.py.bak","File",".bak","602","2026-10-02T17:10:37.9162210Z","False"
"NWP_Willamette_Master_2026_10_05_DamagesPrevented","rss\scripts\Lookout_Point_Deep_Drawdown.py","File",".py","470","2026-10-02T17:10:40.0605708Z","False"
"NWP_Willamette_Master_2026_10_05_DamagesPrevented","rss\scripts\Lookout_Point_Deep_Drawdown.py.bak","File",".bak","470","2026-10-02T17:10:37.9352286Z","False"
"NWP_Willamette_Master_2026_10_05_DamagesPrevented","rss\scripts\Lookout_Point_Draft_to_RC.py","File",".py","458","2026-10-02T17:10:40.0455560Z","False"
"NWP_Willamette_Master_2026_10_05_DamagesPrevented","rss\scripts\Lookout_Point_Draft_to_RC.py.bak","File",".bak","458","2026-10-02T17:10:37.9212286Z","False"
"NWP_Willamette_Master_2026_10_05_DamagesPrevented","rss\scripts\Lookout_Point_FIRO_SPACE.py","File",".py","558","2026-10-02T17:10:40.0435485Z","False"
"NWP_Willamette_Master_2026_10_05_DamagesPrevented","rss\scripts\Lookout_Point_FIRO_SPACE.py.bak","File",".bak","558","2026-10-02T17:10:37.9182290Z","False"
"NWP_Willamette_Master_2026_10_05_DamagesPrevented","rss\scripts\Lookout_Point_IRRM.py","File",".py","438","2026-10-02T17:10:40.0535561Z","False"
"NWP_Willamette_Master_2026_10_05_DamagesPrevented","rss\scripts\Lookout_Point_IRRM.py.bak","File",".bak","438","2026-10-02T17:10:37.9292287Z","False"
"NWP_Willamette_Master_2026_10_05_DamagesPrevented","rss\scripts\Lookout_Point_MainstemFlowAug.py","File",".py","411","2026-10-02T17:10:40.0555560Z","False"
"NWP_Willamette_Master_2026_10_05_DamagesPrevented","rss\scripts\Lookout_Point_MainstemFlowAug.py.bak","File",".bak","411","2026-10-02T17:10:37.9312289Z","False"
"NWP_Willamette_Master_2026_10_05_DamagesPrevented","rss\scripts\Lookout_Point_NoDraft.py","File",".py","470","2026-10-02T17:10:40.0475555Z","False"
"NWP_Willamette_Master_2026_10_05_DamagesPrevented","rss\scripts\Lookout_Point_NoDraft.py.bak","File",".bak","470","2026-10-02T17:10:37.9232284Z","False"
"NWP_Willamette_Master_2026_10_05_DamagesPrevented","rss\scripts\Lookout_Point_Secondary_Flood_Draft_Limit.py","File",".py","518","2026-10-02T17:10:40.0575558Z","False"
"NWP_Willamette_Master_2026_10_05_DamagesPrevented","rss\scripts\Lookout_Point_Secondary_Flood_Draft_Limit.py.bak","File",".bak","518","2026-10-02T17:10:37.9332286Z","False"
"NWP_Willamette_Master_2026_10_05_DamagesPrevented","rss\scripts\Lookout_Point_Spring_Spill.py","File",".py","466","2026-10-02T17:10:40.0515487Z","False"
"NWP_Willamette_Master_2026_10_05_DamagesPrevented","rss\scripts\Lookout_Point_Spring_Spill.py.bak","File",".bak","466","2026-10-02T17:10:37.9272286Z","False"
"NWP_Willamette_Master_2026_10_05_DamagesPrevented","rss\scripts\Lookout_Point_Target_Elevation.py","File",".py","596","2026-10-02T17:10:40.0495558Z","False"
"NWP_Willamette_Master_2026_10_05_DamagesPrevented","rss\scripts\Lookout_Point_Target_Elevation.py.bak","File",".bak","596","2026-10-02T17:10:37.9252285Z","False"
"NWP_Willamette_Master_2026_10_05_DamagesPrevented","rss\scripts\MainstemFlowAugSV_cleanup.py","File",".py","5","2026-10-02T17:10:38.0377610Z","False"
"NWP_Willamette_Master_2026_10_05_DamagesPrevented","rss\scripts\MainstemFlowAugSV_cleanup.py.bak","File",".bak","5","2026-10-02T15:37:47.3993123Z","False"
"NWP_Willamette_Master_2026_10_05_DamagesPrevented","rss\scripts\MainstemFlowAugSV_init.py","File",".py","642","2026-10-02T17:10:38.0357611Z","False"
"NWP_Willamette_Master_2026_10_05_DamagesPrevented","rss\scripts\MainstemFlowAugSV_init.py.bak","File",".bak","642","2026-10-02T15:37:47.3972994Z","False"
"NWP_Willamette_Master_2026_10_05_DamagesPrevented","rss\scripts\MainstemFlowAugSV_main.py","File",".py","5","2026-10-02T17:10:38.0337610Z","False"
"NWP_Willamette_Master_2026_10_05_DamagesPrevented","rss\scripts\MainstemFlowAugSV_main.py.bak","File",".bak","5","2026-10-02T15:37:47.3953068Z","False"
"NWP_Willamette_Master_2026_10_05_DamagesPrevented","rss\scripts\PostProcess_CSV_cleanup.py","File",".py","5822","2026-10-02T17:10:38.0397543Z","False"
"NWP_Willamette_Master_2026_10_05_DamagesPrevented","rss\scripts\PostProcess_CSV_cleanup.py.bak","File",".bak","5822","2026-10-02T15:37:47.4013005Z","False"
"NWP_Willamette_Master_2026_10_05_DamagesPrevented","rss\scripts\Return_1_down_Return_1_down.py","File",".py","1306","2026-10-02T17:10:39.4968827Z","False"
"NWP_Willamette_Master_2026_10_05_DamagesPrevented","rss\scripts\Return_1_down_Return_1_down.py.bak","File",".bak","1306","2026-10-02T15:37:48.7781026Z","False"
"NWP_Willamette_Master_2026_10_05_DamagesPrevented","rss\scripts\Return_1_up_Return_1_up.py","File",".py","1372","2026-10-02T17:10:39.7049489Z","False"
"NWP_Willamette_Master_2026_10_05_DamagesPrevented","rss\scripts\Return_1_up_Return_1_up.py.bak","File",".bak","1372","2026-10-02T15:37:48.9701944Z","False"
"NWP_Willamette_Master_2026_10_05_DamagesPrevented","rss\scripts\Return_10_Return_10.py","File",".py","1306","2026-10-02T17:10:39.5903980Z","False"
"NWP_Willamette_Master_2026_10_05_DamagesPrevented","rss\scripts\Return_10_Return_10.py.bak","File",".bak","1306","2026-10-02T15:37:48.8571182Z","False"
"NWP_Willamette_Master_2026_10_05_DamagesPrevented","rss\scripts\Return_11_Return_11.py","File",".py","1306","2026-10-02T17:10:39.5598782Z","False"
"NWP_Willamette_Master_2026_10_05_DamagesPrevented","rss\scripts\Return_11_Return_11.py.bak","File",".bak","1306","2026-10-02T15:37:48.8311031Z","False"
"NWP_Willamette_Master_2026_10_05_DamagesPrevented","rss\scripts\Return_12_Return_12.py","File",".py","1306","2026-10-02T17:10:39.5754050Z","False"
"NWP_Willamette_Master_2026_10_05_DamagesPrevented","rss\scripts\Return_12_Return_12.py.bak","File",".bak","1306","2026-10-02T15:37:48.8441050Z","False"
"NWP_Willamette_Master_2026_10_05_DamagesPrevented","rss\scripts\Return_13_Return_13.py","File",".py","1306","2026-10-02T17:10:39.6063988Z","False"
"NWP_Willamette_Master_2026_10_05_DamagesPrevented","rss\scripts\Return_13_Return_13.py.bak","File",".bak","1306","2026-10-02T15:37:48.8716455Z","False"
"NWP_Willamette_Master_2026_10_05_DamagesPrevented","rss\scripts\Return_14_Return_14.py","File",".py","1306","2026-10-02T17:10:39.5288774Z","False"
"NWP_Willamette_Master_2026_10_05_DamagesPrevented","rss\scripts\Return_14_Return_14.py.bak","File",".bak","1306","2026-10-02T15:37:48.8041026Z","False"
"NWP_Willamette_Master_2026_10_05_DamagesPrevented","rss\scripts\Return_15_Return_15.py","File",".py","1306","2026-10-02T17:10:39.5128815Z","False"
"NWP_Willamette_Master_2026_10_05_DamagesPrevented","rss\scripts\Return_15_Return_15.py.bak","File",".bak","1306","2026-10-02T15:37:48.7921030Z","False"
"NWP_Willamette_Master_2026_10_05_DamagesPrevented","rss\scripts\Return_2_Return_2.py","File",".py","1372","2026-10-02T17:10:39.6779471Z","False"
"NWP_Willamette_Master_2026_10_05_DamagesPrevented","rss\scripts\Return_2_Return_2.py.bak","File",".bak","1372","2026-10-02T15:37:48.9476437Z","False"
"NWP_Willamette_Master_2026_10_05_DamagesPrevented","rss\scripts\Return_3_Return_3.py","File",".py","1306","2026-10-02T17:10:39.4808820Z","False"
"NWP_Willamette_Master_2026_10_05_DamagesPrevented","rss\scripts\Return_3_Return_3.py.bak","File",".bak","1306","2026-10-02T15:37:48.7650877Z","False"
"NWP_Willamette_Master_2026_10_05_DamagesPrevented","rss\scripts\Return_4_Return_4.py","File",".py","1372","2026-10-02T17:10:39.6604201Z","False"
"NWP_Willamette_Master_2026_10_05_DamagesPrevented","rss\scripts\Return_4_Return_4.py.bak","File",".bak","1372","2026-10-02T15:37:48.9216450Z","False"
"NWP_Willamette_Master_2026_10_05_DamagesPrevented","rss\scripts\Return_5_Return_5.py","File",".py","1372","2026-10-02T17:10:39.6859403Z","False"
"NWP_Willamette_Master_2026_10_05_DamagesPrevented","rss\scripts\Return_5_Return_5.py.bak","File",".bak","1372","2026-10-02T15:37:48.9556589Z","False"
"NWP_Willamette_Master_2026_10_05_DamagesPrevented","rss\scripts\Return_6_Return_6.py","File",".py","1305","2026-10-02T17:10:39.3378094Z","False"
"NWP_Willamette_Master_2026_10_05_DamagesPrevented","rss\scripts\Return_6_Return_6.py.bak","File",".bak","1305","2026-10-02T15:37:48.6333140Z","False"
"NWP_Willamette_Master_2026_10_05_DamagesPrevented","rss\scripts\Return_7_Return_7.py","File",".py","1306","2026-10-02T17:10:39.3518021Z","False"
"NWP_Willamette_Master_2026_10_05_DamagesPrevented","rss\scripts\Return_7_Return_7.py.bak","File",".bak","1306","2026-10-02T15:37:48.6463140Z","False"
"NWP_Willamette_Master_2026_10_05_DamagesPrevented","rss\scripts\Return_8_Return_8.py","File",".py","1306","2026-10-02T17:10:39.6154060Z","False"
"NWP_Willamette_Master_2026_10_05_DamagesPrevented","rss\scripts\Return_8_Return_8.py.bak","File",".bak","1306","2026-10-02T15:37:48.8796374Z","False"
"NWP_Willamette_Master_2026_10_05_DamagesPrevented","rss\scripts\Return_9_Return_9.py","File",".py","1306","2026-10-02T17:10:39.4363390Z","False"
"NWP_Willamette_Master_2026_10_05_DamagesPrevented","rss\scripts\Return_9_Return_9.py.bak","File",".bak","1306","2026-10-02T15:37:48.7245650Z","False"
"NWP_Willamette_Master_2026_10_05_DamagesPrevented","rss\scripts\WaterYearTypeVariable_init.py","File",".py","759","2026-10-02T17:10:38.0317638Z","False"
"NWP_Willamette_Master_2026_10_05_DamagesPrevented","rss\scripts\WaterYearTypeVariable_init.py.bak","File",".bak","759","2026-10-02T15:37:47.3933015Z","False"
"NWP_Willamette_Master_2026_10_05_DamagesPrevented","rss\ScriptUpdateTest.simperiod.bak","File",".bak","2994","2025-12-12T00:26:49.4897594Z","False"
"NWP_Willamette_Master_2026_10_05_DamagesPrevented","rss\simulation.dss","File",".dss","126192","2025-11-20T18:42:43.9360782Z","False"
"NWP_Willamette_Master_2026_10_05_DamagesPrevented","rss\Step1of2.mcscript","File",".mcscript","1324","2025-11-26T16:20:27.8752776Z","False"
"NWP_Willamette_Master_2026_10_05_DamagesPrevented","rss\Step2of2.mcscript","File",".mcscript","1324","2025-11-26T16:20:42.7809956Z","False"
"NWP_Willamette_Master_2026_10_05_DamagesPrevented","rss\Temp1Day.mcscript","File",".mcscript","1324","2026-09-14T21:13:28.1519360Z","False"
"NWP_Willamette_Master_2026_10_05_DamagesPrevented","rss\Temp3Hour.mcscript","File",".mcscript","1324","2026-09-14T15:39:34.7709739Z","False"
"NWP_Willamette_Master_2026_10_05_DamagesPrevented","rss\Temp3Hour.mcscripts","File",".mcscripts","1324","2026-09-14T15:39:34.7709739Z","False"
"NWP_Willamette_Master_2026_10_05_DamagesPrevented","rss\TempNetTes.mcscript","File",".mcscript","1324","2025-04-18T14:36:05.7158445Z","False"
"NWP_Willamette_Master_2026_10_05_DamagesPrevented","rss\Test_16Apr.mcscript","File",".mcscript","1324","2025-04-18T14:41:37.4404342Z","False"
"NWP_Willamette_Master_2026_10_05_DamagesPrevented","rss\TestNewScripts.simperiod.bak","File",".bak","2325","2025-04-18T14:30:41.9468491Z","False"
"NWP_Willamette_Master_2026_10_05_DamagesPrevented","rss\UnregNWP_H.mcscript","File",".mcscript","1324","2026-09-14T15:39:34.7859744Z","False"
"NWP_Willamette_Master_2026_10_05_DamagesPrevented","rss\UnregNWP_H.mcscripts","File",".mcscripts","1324","2026-10-01T22:04:40.2479704Z","False"
"NWP_Willamette_Master_2026_10_05_DamagesPrevented","rss\WIl_ESPRFC.mcscript","File",".mcscript","1324","2025-03-07T17:23:54.0000000Z","False"
"NWP_Willamette_Master_2026_10_05_DamagesPrevented","rss\WillESP.mcscript","File",".mcscript","1324","2025-03-07T17:23:54.0000000Z","False"
"NWP_Willamette_Master_2026_10_05_DamagesPrevented","scripting\.block.revision.dss","File",".dss","126536","2025-03-07T17:24:36.0000000Z","False"
"NWP_Willamette_Master_2026_10_05_DamagesPrevented","scripts\.block.revision.dss","File",".dss","127608","2025-03-19T16:46:32.0000000Z","False"
"NWP_Willamette_Master_2026_10_05_DamagesPrevented","scripts\__init__.py","File",".py","0","2021-12-06T19:45:32.0000000Z","False"
"NWP_Willamette_Master_2026_10_05_DamagesPrevented","scripts\_migration\catalog_dss.py","File",".py","3809","2026-09-25T17:12:35.4894324Z","False"
"NWP_Willamette_Master_2026_10_05_DamagesPrevented","scripts\_migration\catalog_imports.py","File",".py","13186","2026-09-14T19:49:44.2650433Z","False"
"NWP_Willamette_Master_2026_10_05_DamagesPrevented","scripts\_migration\check_against_install.py","File",".py","6265","2026-09-14T16:29:01.3434511Z","False"
"NWP_Willamette_Master_2026_10_05_DamagesPrevented","scripts\_migration\extract_dss.py","File",".py","8638","2026-09-25T17:30:18.8993665Z","False"
"NWP_Willamette_Master_2026_10_05_DamagesPrevented","scripts\_migration\import_catalog.csv","File",".csv","170025","2026-09-25T16:22:21.6628864Z","False"
"NWP_Willamette_Master_2026_10_05_DamagesPrevented","scripts\_migration\import_summary.csv","File",".csv","2752","2026-09-25T16:22:21.6638927Z","False"
"NWP_Willamette_Master_2026_10_05_DamagesPrevented","scripts\_migration\java_classes.txt","File",".txt","2409","2026-09-25T16:22:21.6658932Z","False"
"NWP_Willamette_Master_2026_10_05_DamagesPrevented","scripts\_migration\README.md","File",".md","4018","2026-09-14T17:01:19.1628985Z","False"
"NWP_Willamette_Master_2026_10_05_DamagesPrevented","scripts\_migration\ressim_modules.txt","File",".txt","4303","2026-09-25T16:22:21.6648952Z","False"
"NWP_Willamette_Master_2026_10_05_DamagesPrevented","scripts\_migration\run_with_jython.ps1","File",".ps1","2742","2026-09-14T17:26:52.9923872Z","False"
"NWP_Willamette_Master_2026_10_05_DamagesPrevented","scripts\_migration\smoketest_imports.py","File",".py","4569","2026-09-14T17:26:52.9933875Z","False"
"NWP_Willamette_Master_2026_10_05_DamagesPrevented","scripts\_migration\smoketest_results.txt","File",".txt","108","2026-09-14T17:28:33.8197208Z","False"
"NWP_Willamette_Master_2026_10_05_DamagesPrevented","scripts\alt_config\_default.txt","File",".txt","4679","2026-09-29T19:43:36.1278978Z","False"
"NWP_Willamette_Master_2026_10_05_DamagesPrevented","scripts\alt_config\About alt_config directory.docx","File",".docx","144662","2025-03-19T21:48:39.0000000Z","False"
"NWP_Willamette_Master_2026_10_05_DamagesPrevented","scripts\alt_config\Con_Season.txt","File",".txt","75","2026-03-11T15:27:05.8158965Z","False"
"NWP_Willamette_Master_2026_10_05_DamagesPrevented","scripts\alt_config\FRM_Base_E.txt","File",".txt","593","2026-07-29T15:35:14.7603585Z","False"
"NWP_Willamette_Master_2026_10_05_DamagesPrevented","scripts\alt_config\HCR1511.txt","File",".txt","141","2025-12-11T17:39:50.1959421Z","False"
"NWP_Willamette_Master_2026_10_05_DamagesPrevented","scripts\alt_config\HCR1531.txt","File",".txt","141","2025-12-11T17:40:54.9186811Z","False"
"NWP_Willamette_Master_2026_10_05_DamagesPrevented","scripts\alt_config\Obs_NWP_H.txt","File",".txt","106","2025-11-25T18:21:03.2234976Z","False"
"NWP_Willamette_Master_2026_10_05_DamagesPrevented","scripts\alt_config\Temp1Day.txt","File",".txt","97","2026-09-29T19:45:37.8752006Z","False"
"NWP_Willamette_Master_2026_10_05_DamagesPrevented","scripts\alt_config\Temp3Hour.txt","File",".txt","396","2026-09-29T19:45:24.7343564Z","False"
"NWP_Willamette_Master_2026_10_05_DamagesPrevented","scripts\alt_config\UnregNWP_H.txt","File",".txt","106","2025-11-25T18:20:56.8158005Z","False"
"NWP_Willamette_Master_2026_10_05_DamagesPrevented","scripts\bat_log.txt","File",".txt","13176","2026-02-24T23:06:39.5268217Z","False"
"NWP_Willamette_Master_2026_10_05_DamagesPrevented","scripts\DamagesPrevented\__init__$py.class","File",".class","2002","2026-10-01T22:27:10.0127675Z","False"
"NWP_Willamette_Master_2026_10_05_DamagesPrevented","scripts\DamagesPrevented\__init__.py","File",".py","0","2026-10-01T20:45:04.3245035Z","False"
"NWP_Willamette_Master_2026_10_05_DamagesPrevented","scripts\DamagesPrevented\_offline_tests\fake_hec.py","File",".py","15708","2026-10-01T20:45:04.3255105Z","False"
"NWP_Willamette_Master_2026_10_05_DamagesPrevented","scripts\DamagesPrevented\_offline_tests\test_DamagesPrevented.py","File",".py","18220","2026-10-01T20:45:04.3255105Z","False"
"NWP_Willamette_Master_2026_10_05_DamagesPrevented","scripts\DamagesPrevented\Calculate_Damages\Calculate_DP.py","File",".py","14083","2026-10-02T17:43:07.9978220Z","False"
"NWP_Willamette_Master_2026_10_05_DamagesPrevented","scripts\DamagesPrevented\Calculate_Damages\damages_prevented.csv","File",".csv","2986","2026-10-02T17:44:00.5480751Z","False"
"NWP_Willamette_Master_2026_10_05_DamagesPrevented","scripts\DamagesPrevented\Calculate_Damages\damages_prevented_ByProject.csv","File",".csv","1359","2026-10-02T17:44:00.5695965Z","False"
"NWP_Willamette_Master_2026_10_05_DamagesPrevented","scripts\DamagesPrevented\Calculate_Damages\regulated_damage_curves.pkl","File",".pkl","15273","2023-12-22T19:30:41.0694866Z","False"
"NWP_Willamette_Master_2026_10_05_DamagesPrevented","scripts\DamagesPrevented\Calculate_Damages\regulated_damage_curves.xlsx","File",".xlsx","40158","2025-11-21T22:53:51.1549840Z","False"
"NWP_Willamette_Master_2026_10_05_DamagesPrevented","scripts\DamagesPrevented\cMiniSims$py.class","File",".class","54870","2026-10-02T17:35:42.6696565Z","False"
"NWP_Willamette_Master_2026_10_05_DamagesPrevented","scripts\DamagesPrevented\cMiniSims.py","File",".py","38230","2026-10-02T17:31:48.4120718Z","False"
"NWP_Willamette_Master_2026_10_05_DamagesPrevented","scripts\DamagesPrevented\config\AddedFlowPoints.csv","File",".csv","809","2026-10-02T17:31:48.4150726Z","False"
"NWP_Willamette_Master_2026_10_05_DamagesPrevented","scripts\DamagesPrevented\config\ControlPoints.txt","File",".txt","1335","2026-10-02T17:31:48.4210723Z","False"
"NWP_Willamette_Master_2026_10_05_DamagesPrevented","scripts\DamagesPrevented\config\Reservoirs.txt","File",".txt","478","2026-10-01T20:45:04.3285039Z","False"
"NWP_Willamette_Master_2026_10_05_DamagesPrevented","scripts\DamagesPrevented\config\TransformedLocals.csv","File",".csv","878","2026-10-01T20:45:04.3285039Z","False"
"NWP_Willamette_Master_2026_10_05_DamagesPrevented","scripts\DamagesPrevented\cTransform$py.class","File",".class","12507","2026-10-01T22:27:10.0347688Z","False"
"NWP_Willamette_Master_2026_10_05_DamagesPrevented","scripts\DamagesPrevented\cTransform.py","File",".py","6068","2026-10-01T20:45:04.3265046Z","False"
"NWP_Willamette_Master_2026_10_05_DamagesPrevented","scripts\DamagesPrevented\cWaterBalance$py.class","File",".class","33824","2026-10-01T22:59:13.9460744Z","False"
"NWP_Willamette_Master_2026_10_05_DamagesPrevented","scripts\DamagesPrevented\cWaterBalance.py","File",".py","24555","2026-10-01T22:58:23.7451126Z","False"
"NWP_Willamette_Master_2026_10_05_DamagesPrevented","scripts\DamagesPrevented\DP_Download\__pycache__\qaqc_records.cpython-39.pyc","File",".pyc","6582","2026-10-01T21:24:52.0821451Z","False"
"NWP_Willamette_Master_2026_10_05_DamagesPrevented","scripts\DamagesPrevented\DP_Download\__pycache__\willamette_projects.cpython-39.pyc","File",".pyc","6691","2026-10-01T21:24:52.0791322Z","False"
"NWP_Willamette_Master_2026_10_05_DamagesPrevented","scripts\DamagesPrevented\DP_Download\config\QAQC_RecordsWIL.csv","File",".csv","1847","2026-10-01T21:02:11.0102110Z","False"
"NWP_Willamette_Master_2026_10_05_DamagesPrevented","scripts\DamagesPrevented\DP_Download\config\RedundantPairs_WIL.csv","File",".csv","4449","2026-10-01T21:02:11.0112107Z","False"
"NWP_Willamette_Master_2026_10_05_DamagesPrevented","scripts\DamagesPrevented\DP_Download\config\RequiredRecordsDictNWP.csv","File",".csv","6760","2026-10-01T21:02:11.0112107Z","False"
"NWP_Willamette_Master_2026_10_05_DamagesPrevented","scripts\DamagesPrevented\DP_Download\config\RequiredRecordsDictWIL.csv","File",".csv","4883","2026-10-01T21:02:11.0112107Z","False"
"NWP_Willamette_Master_2026_10_05_DamagesPrevented","scripts\DamagesPrevented\DP_Download\config\usgs_api_key.txt","File",".txt","40","2026-09-04T17:38:40.4007416Z","False"
"NWP_Willamette_Master_2026_10_05_DamagesPrevented","scripts\DamagesPrevented\DP_Download\DP_Download.py","File",".py","29332","2026-10-01T21:02:10.9212068Z","False"
"NWP_Willamette_Master_2026_10_05_DamagesPrevented","scripts\DamagesPrevented\DP_Download\out\Combined_Summary_Stats.csv","File",".csv","9941","2026-10-01T21:27:17.3379018Z","False"
"NWP_Willamette_Master_2026_10_05_DamagesPrevented","scripts\DamagesPrevented\DP_Download\out\QAQC_CWMS_Candidates.csv","File",".csv","17306","2026-10-01T21:02:11.0127132Z","False"
"NWP_Willamette_Master_2026_10_05_DamagesPrevented","scripts\DamagesPrevented\DP_Download\PareDown_Willamette.py","File",".py","2336","2026-10-01T21:02:10.9222068Z","False"
"NWP_Willamette_Master_2026_10_05_DamagesPrevented","scripts\DamagesPrevented\DP_Download\QAQC\DP_QAQC.py","File",".py","19776","2026-10-01T21:02:10.9222068Z","False"
"NWP_Willamette_Master_2026_10_05_DamagesPrevented","scripts\DamagesPrevented\DP_Download\QAQC\out\Inflow_Despiked.csv","File",".csv","10825605","2026-10-01T21:02:10.9532143Z","False"
"NWP_Willamette_Master_2026_10_05_DamagesPrevented","scripts\DamagesPrevented\DP_Download\QAQC\out\Inflow_Spike_Flags.csv","File",".csv","668063","2026-10-01T21:02:10.9562075Z","False"
"NWP_Willamette_Master_2026_10_05_DamagesPrevented","scripts\DamagesPrevented\DP_Download\QAQC\out\Inflow_Spike_Summary.csv","File",".csv","1378","2026-10-01T21:02:10.9572193Z","False"
"NWP_Willamette_Master_2026_10_05_DamagesPrevented","scripts\DamagesPrevented\DP_Download\QAQC\out\plots\inflow_BLU.Flow-In.Ave.15Minutes.3Hours.MIXED-COMPUTED-REV.png","File",".png","81208","2026-10-01T21:02:10.9622149Z","False"
"NWP_Willamette_Master_2026_10_05_DamagesPrevented","scripts\DamagesPrevented\DP_Download\QAQC\out\plots\inflow_CGR.Flow-In.Ave.15Minutes.3Hours.MIXED-COMPUTED-REV.png","File",".png","85901","2026-10-01T21:02:10.9632147Z","False"
"NWP_Willamette_Master_2026_10_05_DamagesPrevented","scripts\DamagesPrevented\DP_Download\QAQC\out\plots\inflow_COT.Flow-In.Ave.15Minutes.3Hours.MIXED-COMPUTED-REV.png","File",".png","99109","2026-10-01T21:02:10.9642147Z","False"
"NWP_Willamette_Master_2026_10_05_DamagesPrevented","scripts\DamagesPrevented\DP_Download\QAQC\out\plots\inflow_DET.Flow-In.Ave.1Hour.3Hours.CBT-COMPUTED-REV.png","File",".png","98903","2026-10-01T21:02:10.9662077Z","False"
"NWP_Willamette_Master_2026_10_05_DamagesPrevented","scripts\DamagesPrevented\DP_Download\QAQC\out\plots\inflow_DOR.Flow-In.Ave.15Minutes.3Hours.MIXED-COMPUTED-REV.png","File",".png","91978","2026-10-01T21:02:10.9672154Z","False"
"NWP_Willamette_Master_2026_10_05_DamagesPrevented","scripts\DamagesPrevented\DP_Download\QAQC\out\plots\inflow_FAL.Flow-In.Ave.15Minutes.3Hours.MIXED-COMPUTED-REV.png","File",".png","84417","2026-10-01T21:02:10.9682079Z","False"
"NWP_Willamette_Master_2026_10_05_DamagesPrevented","scripts\DamagesPrevented\DP_Download\QAQC\out\plots\inflow_FOS.Flow-In.Ave.15Minutes.3Hours.MIXED-COMPUTED-REV.png","File",".png","142149","2026-10-01T21:02:10.9702073Z","False"
"NWP_Willamette_Master_2026_10_05_DamagesPrevented","scripts\DamagesPrevented\DP_Download\QAQC\out\plots\inflow_FRN.Flow-In.Ave.15Minutes.3Hours.MIXED-COMPUTED-REV.png","File",".png","107601","2026-10-01T21:02:10.9722070Z","False"
"NWP_Willamette_Master_2026_10_05_DamagesPrevented","scripts\DamagesPrevented\DP_Download\QAQC\out\plots\inflow_GPR.Flow-In.Ave.1Hour.3Hours.CBT-COMPUTED-REV.png","File",".png","84384","2026-10-01T21:02:10.9732143Z","False"
"NWP_Willamette_Master_2026_10_05_DamagesPrevented","scripts\DamagesPrevented\DP_Download\QAQC\out\plots\inflow_HCR.Flow-In.Ave.15Minutes.3Hours.MIXED-COMPUTED-REV.png","File",".png","93746","2026-10-01T21:02:10.9742160Z","False"
"NWP_Willamette_Master_2026_10_05_DamagesPrevented","scripts\DamagesPrevented\DP_Download\QAQC\out\plots\inflow_LOP.Flow-In.Ave.1Hour.3Hours.CBT-COMPUTED-REV.png","File",".png","116168","2026-10-01T21:02:10.9762197Z","False"
"NWP_Willamette_Master_2026_10_05_DamagesPrevented","scripts\DamagesPrevented\DP_Download\QAQC\out\plots\pair_BCL_ELEV_HOURLY_BCL.Elev-Forebay.Inst.1Hour.0.CBT-REV_14181400.png","File",".png","94098","2026-10-01T21:02:10.9772075Z","False"
"NWP_Willamette_Master_2026_10_05_DamagesPrevented","scripts\DamagesPrevented\DP_Download\QAQC\out\plots\pair_BCL_FLOW_HOURLY_BCL.Flow-Out.Inst.0.0.MIXED-COMPUTED-REV_14181500.png","File",".png","102574","2026-10-01T21:02:10.9782150Z","False"
"NWP_Willamette_Master_2026_10_05_DamagesPrevented","scripts\DamagesPrevented\DP_Download\QAQC\out\plots\pair_BLU_ELEV_HOURLY_BLU.Elev-Forebay.Inst.0.0.MIXED-REV_14162100.png","File",".png","74912","2026-10-01T21:02:10.9792076Z","False"
"NWP_Willamette_Master_2026_10_05_DamagesPrevented","scripts\DamagesPrevented\DP_Download\QAQC\out\plots\pair_BLU_FLOW_HOURLY_BLU.Flow-Out.Inst.0.0.MIXED-COMPUTED-REV_14162200.png","File",".png","79619","2026-10-01T21:02:10.9802073Z","False"
"NWP_Willamette_Master_2026_10_05_DamagesPrevented","scripts\DamagesPrevented\DP_Download\QAQC\out\plots\pair_CGR_ELEV_HOURLY_CGR.Elev-Forebay.Inst.1Hour.0.CBT-REV_14159400.png","File",".png","109399","2026-10-01T21:02:10.9822080Z","False"
"NWP_Willamette_Master_2026_10_05_DamagesPrevented","scripts\DamagesPrevented\DP_Download\QAQC\out\plots\pair_CGR_FLOW_HOURLY_CGR.Flow-Out.Ave.1Hour.1Hour.CBT-REV_14159500.png","File",".png","107000","2026-10-01T21:02:10.9832075Z","False"
"NWP_Willamette_Master_2026_10_05_DamagesPrevented","scripts\DamagesPrevented\DP_Download\QAQC\out\plots\pair_COT_ELEV_HOURLY_COT.Elev-Forebay.Inst.0.0.MIXED-REV_14153000.png","File",".png","74316","2026-10-01T21:02:10.9842073Z","False"
"NWP_Willamette_Master_2026_10_05_DamagesPrevented","scripts\DamagesPrevented\DP_Download\QAQC\out\plots\pair_COT_FLOW_HOURLY_COT.Flow-Out.Inst.0.0.MIXED-COMPUTED-REV_14153500.png","File",".png","73461","2026-10-01T21:02:10.9852148Z","False"
"NWP_Willamette_Master_2026_10_05_DamagesPrevented","scripts\DamagesPrevented\DP_Download\QAQC\out\plots\pair_DET_ELEV_HOURLY_DET.Elev-Forebay.Inst.1Hour.0.CBT-REV_14180500.png","File",".png","82207","2026-10-01T21:02:10.9862074Z","False"
"NWP_Willamette_Master_2026_10_05_DamagesPrevented","scripts\DamagesPrevented\DP_Download\QAQC\out\plots\pair_DET_FLOW_DAILY_DET.Flow-Out.Ave.1Hour.1Hour.CBT-REV_14181500.png","File",".png","149119","2026-10-01T21:02:10.9882150Z","False"
"NWP_Willamette_Master_2026_10_05_DamagesPrevented","scripts\DamagesPrevented\DP_Download\QAQC\out\plots\pair_DEX_ELEV_HOURLY_DEX.Elev-Forebay.Inst.1Hour.0.CBT-REV_14149500.png","File",".png","225726","2026-10-01T21:02:10.9902151Z","False"
"NWP_Willamette_Master_2026_10_05_DamagesPrevented","scripts\DamagesPrevented\DP_Download\QAQC\out\plots\pair_DEX_FLOW_HOURLY_DEX.Flow-Out.Inst.0.0.MIXED-COMPUTED-REV_14150000.png","File",".png","117701","2026-10-01T21:02:10.9922162Z","False"
"NWP_Willamette_Master_2026_10_05_DamagesPrevented","scripts\DamagesPrevented\DP_Download\QAQC\out\plots\pair_DOR_ELEV_HOURLY_DOR.Elev-Forebay.Inst.0.0.MIXED-REV_14155000.png","File",".png","85286","2026-10-01T21:02:10.9932150Z","False"
"NWP_Willamette_Master_2026_10_05_DamagesPrevented","scripts\DamagesPrevented\DP_Download\QAQC\out\plots\pair_DOR_FLOW_HOURLY_DOR.Flow-Out.Inst.0.0.MIXED-COMPUTED-REV_14155500.png","File",".png","87421","2026-10-01T21:02:10.9942156Z","False"
"NWP_Willamette_Master_2026_10_05_DamagesPrevented","scripts\DamagesPrevented\DP_Download\QAQC\out\plots\pair_FAL_ELEV_HOURLY_FAL.Elev-Forebay.Inst.0.0.MIXED-REV_14150900.png","File",".png","90087","2026-10-01T21:02:10.9952074Z","False"
"NWP_Willamette_Master_2026_10_05_DamagesPrevented","scripts\DamagesPrevented\DP_Download\QAQC\out\plots\pair_FAL_FLOW_HOURLY_FAL.Flow-Out.Inst.0.0.MIXED-COMPUTED-REV_14151000.png","File",".png","79029","2026-10-01T21:02:10.9972071Z","False"
"NWP_Willamette_Master_2026_10_05_DamagesPrevented","scripts\DamagesPrevented\DP_Download\QAQC\out\plots\pair_FOS_ELEV_HOURLY_FOS.Elev-Forebay.Inst.1Hour.0.CBT-REV_14186600.png","File",".png","139748","2026-10-01T21:02:10.9982185Z","False"
"NWP_Willamette_Master_2026_10_05_DamagesPrevented","scripts\DamagesPrevented\DP_Download\QAQC\out\plots\pair_FOS_FLOW_HOURLY_FOS.Flow-Out.Ave.1Hour.1Hour.CBT-REV_14187200.png","File",".png","116898","2026-10-01T21:02:11.0002227Z","False"
"NWP_Willamette_Master_2026_10_05_DamagesPrevented","scripts\DamagesPrevented\DP_Download\QAQC\out\plots\pair_FRN_ELEV_HOURLY_FRN.Elev-Forebay.Inst.0.0.MIXED-REV_14168000.png","File",".png","83515","2026-10-01T21:02:11.0012114Z","False"
"NWP_Willamette_Master_2026_10_05_DamagesPrevented","scripts\DamagesPrevented\DP_Download\QAQC\out\plots\pair_FRN_FLOW_HOURLY_FRN.Flow-Out.Inst.0.0.MIXED-COMPUTED-REV_14169000.png","File",".png","73752","2026-10-01T21:02:11.0022111Z","False"
"NWP_Willamette_Master_2026_10_05_DamagesPrevented","scripts\DamagesPrevented\DP_Download\QAQC\out\plots\pair_GPR_ELEV_HOURLY_GPR.Elev-Forebay.Inst.1Hour.0.CBT-REV_14186100.png","File",".png","86165","2026-10-01T21:02:11.0042102Z","False"
"NWP_Willamette_Master_2026_10_05_DamagesPrevented","scripts\DamagesPrevented\DP_Download\QAQC\out\plots\pair_HCR_ELEV_HOURLY_HCR.Elev-Forebay.Inst.1Hour.0.CBT-REV_14145100.png","File",".png","97855","2026-10-01T21:02:11.0052105Z","False"
"NWP_Willamette_Master_2026_10_05_DamagesPrevented","scripts\DamagesPrevented\DP_Download\QAQC\out\plots\pair_HCR_FLOW_HOURLY_HCR.Flow-Out.Ave.1Hour.1Hour.CBT-REV_14145500.png","File",".png","113601","2026-10-01T21:02:11.0062183Z","False"
"NWP_Willamette_Master_2026_10_05_DamagesPrevented","scripts\DamagesPrevented\DP_Download\QAQC\out\plots\pair_LOP_ELEV_HOURLY_LOP.Elev-Forebay.Inst.1Hour.0.CBT-REV_14149000.png","File",".png","102839","2026-10-01T21:02:11.0082162Z","False"
"NWP_Willamette_Master_2026_10_05_DamagesPrevented","scripts\DamagesPrevented\DP_Download\QAQC\out\plots\pair_LOP_FLOW_DAILY_LOP.Flow-Out.Ave.1Hour.1Hour.CBT-REV_14150000.png","File",".png","172375","2026-10-01T21:02:11.0102110Z","False"
"NWP_Willamette_Master_2026_10_05_DamagesPrevented","scripts\DamagesPrevented\DP_Download\QAQC\out\Redundant_Pair_Events.csv","File",".csv","351779","2026-10-01T21:02:10.9592152Z","False"
"NWP_Willamette_Master_2026_10_05_DamagesPrevented","scripts\DamagesPrevented\DP_Download\QAQC\out\Redundant_Pair_Monthly.csv","File",".csv","25557","2026-10-01T21:02:10.9602071Z","False"
"NWP_Willamette_Master_2026_10_05_DamagesPrevented","scripts\DamagesPrevented\DP_Download\QAQC\out\Redundant_Pair_Summary.csv","File",".csv","4503","2026-10-01T21:02:10.9602071Z","False"
"NWP_Willamette_Master_2026_10_05_DamagesPrevented","scripts\DamagesPrevented\DP_Download\qaqc_records.py","File",".py","7790","2026-10-01T21:02:11.0337171Z","False"
"NWP_Willamette_Master_2026_10_05_DamagesPrevented","scripts\DamagesPrevented\DP_Download\willamette_projects.py","File",".py","7895","2026-10-01T21:02:11.0337171Z","False"
"NWP_Willamette_Master_2026_10_05_DamagesPrevented","scripts\DamagesPrevented\DPdata\DPcalc.dss","File",".dss","981200","2026-10-02T16:48:58.4144949Z","False"
"NWP_Willamette_Master_2026_10_05_DamagesPrevented","scripts\DamagesPrevented\DPdata\logs\MiniSimulations.log","File",".log","3617","2026-10-02T17:35:51.8963166Z","False"
"NWP_Willamette_Master_2026_10_05_DamagesPrevented","scripts\DamagesPrevented\DPdata\logs\TransformGageData.log","File",".log","1116","2026-10-02T16:48:46.8707159Z","False"
"NWP_Willamette_Master_2026_10_05_DamagesPrevented","scripts\DamagesPrevented\DPdata\logs\WaterBalanceLocals.log","File",".log","15633","2026-10-02T16:48:58.4505070Z","False"
"NWP_Willamette_Master_2026_10_05_DamagesPrevented","scripts\DamagesPrevented\DPdata\MiniSimulations.dss","File",".dss","23406232","2026-10-02T17:35:51.8613167Z","False"
"NWP_Willamette_Master_2026_10_05_DamagesPrevented","scripts\DamagesPrevented\DPdata\Results\CP_Peaks.csv","File",".csv","2239","2026-10-02T17:35:51.8603160Z","False"
"NWP_Willamette_Master_2026_10_05_DamagesPrevented","scripts\DamagesPrevented\DPdata\Results\Mini-Simulations.csv","File",".csv","8010","2026-10-02T17:35:51.8593159Z","False"
"NWP_Willamette_Master_2026_10_05_DamagesPrevented","scripts\DamagesPrevented\DPdata\Results\Preliminary_per_project.csv","File",".csv","1814","2026-10-02T17:35:51.8567908Z","False"
"NWP_Willamette_Master_2026_10_05_DamagesPrevented","scripts\DamagesPrevented\DPdata\Results\Resv_Peaks.csv","File",".csv","665","2026-10-02T17:35:51.8613167Z","False"
"NWP_Willamette_Master_2026_10_05_DamagesPrevented","scripts\DamagesPrevented\DPdata\Zero_Flow_record.dss","File",".dss","5598208","2026-10-01T22:48:07.2081631Z","False"
"NWP_Willamette_Master_2026_10_05_DamagesPrevented","scripts\DamagesPrevented\DPMenu$py.class","File",".class","23200","2026-10-02T17:35:42.7681727Z","False"
"NWP_Willamette_Master_2026_10_05_DamagesPrevented","scripts\DamagesPrevented\DPMenu.py","File",".py","10490","2026-10-02T17:31:48.4060711Z","False"
"NWP_Willamette_Master_2026_10_05_DamagesPrevented","scripts\DamagesPrevented\DPSettings$py.class","File",".class","6667","2026-10-02T17:35:42.5012363Z","False"
"NWP_Willamette_Master_2026_10_05_DamagesPrevented","scripts\DamagesPrevented\DPSettings.py","File",".py","3973","2026-10-02T17:31:48.4070723Z","False"
"NWP_Willamette_Master_2026_10_05_DamagesPrevented","scripts\DamagesPrevented\README.md","File",".md","7002","2026-10-02T17:31:48.4080730Z","False"
"NWP_Willamette_Master_2026_10_05_DamagesPrevented","scripts\DamagesPrevented\SETUP_CHECKLIST.md","File",".md","10694","2026-10-02T17:31:48.4090731Z","False"
"NWP_Willamette_Master_2026_10_05_DamagesPrevented","scripts\DP_Menu$py.class","File",".class","7486","2026-10-02T17:35:41.9668403Z","False"
"NWP_Willamette_Master_2026_10_05_DamagesPrevented","scripts\DP_Menu.py","File",".py","3262","2026-10-01T22:16:48.5230118Z","False"
"NWP_Willamette_Master_2026_10_05_DamagesPrevented","scripts\esp_download\Copy_ESP_to_Forecast_dss.py","File",".py","2195","2025-03-07T17:24:36.0000000Z","False"
"NWP_Willamette_Master_2026_10_05_DamagesPrevented","scripts\esp_download\Download_ESP.bat","File",".bat","944","2025-03-07T17:24:36.0000000Z","False"
"NWP_Willamette_Master_2026_10_05_DamagesPrevented","scripts\esp_download\Download_ESP.py","File",".py","2002","2025-03-07T17:24:36.0000000Z","False"
"NWP_Willamette_Master_2026_10_05_DamagesPrevented","scripts\esp_download\ESP Download.R","File",".r","9497","2025-03-07T17:24:36.0000000Z","False"
"NWP_Willamette_Master_2026_10_05_DamagesPrevented","scripts\esp_download\rfc_esp_links.xlsm","File",".xlsm","149906","2025-03-07T17:24:36.0000000Z","False"
"NWP_Willamette_Master_2026_10_05_DamagesPrevented","scripts\ExternalModules\gson-1.7.2.jar","File",".jar","173608","2020-04-09T19:14:02.0000000Z","False"
"NWP_Willamette_Master_2026_10_05_DamagesPrevented","scripts\ExternalModules\hjson-1.1.0.jar","File",".jar","37324","2015-06-24T14:41:08.0000000Z","False"
"NWP_Willamette_Master_2026_10_05_DamagesPrevented","scripts\ExternalModules\Jama-1.0.3.jar","File",".jar","35981","2017-07-31T18:01:56.0000000Z","False"
"NWP_Willamette_Master_2026_10_05_DamagesPrevented","scripts\ExternalModules\jyson-1.0.2.jar","File",".jar","7805","2012-03-17T21:06:40.0000000Z","False"
"NWP_Willamette_Master_2026_10_05_DamagesPrevented","scripts\ExternalModules\sqlitejdbc-0.5.4.jar","File",".jar","2314530","2025-03-07T17:24:36.0000000Z","False"
"NWP_Willamette_Master_2026_10_05_DamagesPrevented","scripts\ExternalPython\ALT_COMPARISON_PLOTS.py","File",".py","21651","2026-04-29T21:41:08.3934741Z","False"
"NWP_Willamette_Master_2026_10_05_DamagesPrevented","scripts\ExternalPython\ALT_COMPARISON_PLOTS_ARCHIVE.py","File",".py","16614","2026-03-11T19:39:17.5400456Z","False"
"NWP_Willamette_Master_2026_10_05_DamagesPrevented","scripts\ExternalPython\AltComparisonPlots.bat","File",".bat","4991","2026-03-11T16:37:27.2408272Z","False"
"NWP_Willamette_Master_2026_10_05_DamagesPrevented","scripts\ExternalPython\APE_Plotter.py","File",".py","19342","2026-02-25T18:18:20.8067491Z","False"
"NWP_Willamette_Master_2026_10_05_DamagesPrevented","scripts\ExternalPython\APE_Plotter_3.py","File",".py","19091","2026-02-25T18:16:24.6209418Z","False"
"NWP_Willamette_Master_2026_10_05_DamagesPrevented","scripts\ExternalPython\bat_log.txt","File",".txt","22502118","2026-04-29T21:24:13.4817858Z","False"
"NWP_Willamette_Master_2026_10_05_DamagesPrevented","scripts\ExternalPython\CONFIG.py","File",".py","713","2026-04-29T21:34:30.9091202Z","False"
"NWP_Willamette_Master_2026_10_05_DamagesPrevented","scripts\ExternalPython\CWMS_DOWNLOADER_ARCHIVE.py","File",".py","13017","2026-03-10T17:40:49.8824666Z","False"
"NWP_Willamette_Master_2026_10_05_DamagesPrevented","scripts\ExternalPython\CWMS_Downloader_Module.py","File",".py","14118","2026-03-11T22:12:31.6494500Z","False"
"NWP_Willamette_Master_2026_10_05_DamagesPrevented","scripts\ExternalPython\DSS_Donlwoader_Module.py","File",".py","0","2026-02-12T22:58:38.2716099Z","False"
"NWP_Willamette_Master_2026_10_05_DamagesPrevented","scripts\ExternalPython\Dummy_0_and_WY_Abundant_Module.py","File",".py","4367","2026-02-25T18:56:51.2624347Z","False"
"NWP_Willamette_Master_2026_10_05_DamagesPrevented","scripts\ExternalPython\Ensemble_Plots.py","File",".py","31883","2026-04-29T19:49:47.1982716Z","False"
"NWP_Willamette_Master_2026_10_05_DamagesPrevented","scripts\ExternalPython\Ensemble_Plots_Archive.py","File",".py","23010","2026-03-11T20:45:18.7078704Z","False"
"NWP_Willamette_Master_2026_10_05_DamagesPrevented","scripts\ExternalPython\Ensemble_Plots_Paralell.py","File",".py","14241","2026-04-29T17:11:29.0136643Z","False"
"NWP_Willamette_Master_2026_10_05_DamagesPrevented","scripts\ExternalPython\EnsemblePlots.bat","File",".bat","4985","2026-03-10T23:01:44.9469896Z","False"
"NWP_Willamette_Master_2026_10_05_DamagesPrevented","scripts\ExternalPython\EnsemblePlots_10Mar_Archive.py","File",".py","19469","2026-03-10T15:00:29.9916404Z","False"
"NWP_Willamette_Master_2026_10_05_DamagesPrevented","scripts\ExternalPython\Extract.bat","File",".bat","4523","2026-04-28T16:37:06.1941692Z","False"
"NWP_Willamette_Master_2026_10_05_DamagesPrevented","scripts\ExternalPython\Faster_DSS_Read_Plotly.py","File",".py","29874","2026-04-29T18:39:35.9450983Z","False"
"NWP_Willamette_Master_2026_10_05_DamagesPrevented","scripts\ExternalPython\logs\run_20260225_113820.log","File",".log","889","2026-02-25T19:38:20.8393081Z","False"
"NWP_Willamette_Master_2026_10_05_DamagesPrevented","scripts\ExternalPython\logs\run_20260225_113848.log","File",".log","889","2026-02-25T19:38:49.0106923Z","False"
"NWP_Willamette_Master_2026_10_05_DamagesPrevented","scripts\ExternalPython\logs\run_20260225_113854.log","File",".log","889","2026-02-25T19:38:55.2369368Z","False"
"NWP_Willamette_Master_2026_10_05_DamagesPrevented","scripts\ExternalPython\logs\run_20260225_123519.log","File",".log","918","2026-02-25T20:35:20.2733251Z","False"
"NWP_Willamette_Master_2026_10_05_DamagesPrevented","scripts\ExternalPython\logs\run_20260225_123529.log","File",".log","918","2026-02-25T20:35:30.2034357Z","False"
"NWP_Willamette_Master_2026_10_05_DamagesPrevented","scripts\ExternalPython\logs\run_20260225_123632.log","File",".log","1884","2026-02-25T20:36:37.4926408Z","False"
"NWP_Willamette_Master_2026_10_05_DamagesPrevented","scripts\ExternalPython\logs\run_20260225_123743.log","File",".log","1884","2026-02-25T20:37:46.9380990Z","False"
"NWP_Willamette_Master_2026_10_05_DamagesPrevented","scripts\ExternalPython\logs\run_20260225_123816.log","File",".log","1884","2026-02-25T20:38:19.5058459Z","False"
"NWP_Willamette_Master_2026_10_05_DamagesPrevented","scripts\ExternalPython\logs\run_20260225_124132.log","File",".log","1670383","2026-02-25T20:48:37.1004768Z","False"
"NWP_Willamette_Master_2026_10_05_DamagesPrevented","scripts\ExternalPython\logs\run_20260225_125053.log","File",".log","1670383","2026-02-25T20:58:15.7016458Z","False"
"NWP_Willamette_Master_2026_10_05_DamagesPrevented","scripts\ExternalPython\logs\run_20260225_135133.log","File",".log","98052","2026-02-25T21:52:07.0131995Z","False"
"NWP_Willamette_Master_2026_10_05_DamagesPrevented","scripts\ExternalPython\logs\run_20260225_135323.log","File",".log","1834","2026-02-25T21:53:26.0602982Z","False"
"NWP_Willamette_Master_2026_10_05_DamagesPrevented","scripts\ExternalPython\logs\run_20260225_135448.log","File",".log","5982","2026-02-25T21:54:52.8552330Z","False"
"NWP_Willamette_Master_2026_10_05_DamagesPrevented","scripts\ExternalPython\logs\run_20260225_135458.log","File",".log","1834","2026-02-25T21:55:00.0738506Z","False"
"NWP_Willamette_Master_2026_10_05_DamagesPrevented","scripts\ExternalPython\logs\run_20260225_135925.log","File",".log","1025409","2026-02-25T22:07:54.5064819Z","False"
"NWP_Willamette_Master_2026_10_05_DamagesPrevented","scripts\ExternalPython\logs\run_20260302_130052.log","File",".log","1025549","2026-03-02T21:05:37.9086060Z","False"
"NWP_Willamette_Master_2026_10_05_DamagesPrevented","scripts\ExternalPython\logs\run_20260302_132326.log","File",".log","1026912","2026-03-02T21:27:34.1696977Z","False"
"NWP_Willamette_Master_2026_10_05_DamagesPrevented","scripts\ExternalPython\logs\run_20260302_134302.log","File",".log","1025549","2026-03-02T21:47:14.4579913Z","False"
"NWP_Willamette_Master_2026_10_05_DamagesPrevented","scripts\ExternalPython\logs\run_20260306_103420.log","File",".log","1351863","2026-03-06T18:43:57.3570844Z","False"
"NWP_Willamette_Master_2026_10_05_DamagesPrevented","scripts\ExternalPython\logs\run_20260306_132804.log","File",".log","588","2026-03-06T21:28:08.0066311Z","False"
"NWP_Willamette_Master_2026_10_05_DamagesPrevented","scripts\ExternalPython\logs\run_20260306_133527.log","File",".log","840","2026-03-06T21:35:29.7638776Z","False"
"NWP_Willamette_Master_2026_10_05_DamagesPrevented","scripts\ExternalPython\logs\run_20260306_133739.log","File",".log","588","2026-03-06T21:37:41.7997877Z","False"
"NWP_Willamette_Master_2026_10_05_DamagesPrevented","scripts\ExternalPython\logs\run_20260306_135341.log","File",".log","539","2026-03-06T21:54:02.6757423Z","False"
"NWP_Willamette_Master_2026_10_05_DamagesPrevented","scripts\ExternalPython\logs\run_20260306_135445.log","File",".log","539","2026-03-06T21:54:56.3210866Z","False"
"NWP_Willamette_Master_2026_10_05_DamagesPrevented","scripts\ExternalPython\logs\run_20260306_135702.log","File",".log","539","2026-03-06T21:57:08.9009341Z","False"
"NWP_Willamette_Master_2026_10_05_DamagesPrevented","scripts\ExternalPython\logs\run_20260306_135905.log","File",".log","539","2026-03-06T21:59:28.9190449Z","False"
"NWP_Willamette_Master_2026_10_05_DamagesPrevented","scripts\ExternalPython\logs\run_20260309_094012.log","File",".log","1351863","2026-03-09T16:49:07.5433182Z","False"
"NWP_Willamette_Master_2026_10_05_DamagesPrevented","scripts\ExternalPython\logs\run_20260309_134904.log","File",".log","1351843","2026-03-09T20:56:59.8525087Z","False"
"NWP_Willamette_Master_2026_10_05_DamagesPrevented","scripts\ExternalPython\logs\run_20260309_140542.log","File",".log","1350341","2026-03-09T21:13:32.4258217Z","False"
"NWP_Willamette_Master_2026_10_05_DamagesPrevented","scripts\ExternalPython\logs\run_20260310_081338.log","File",".log","1350341","2026-03-10T15:21:53.9973226Z","False"
"NWP_Willamette_Master_2026_10_05_DamagesPrevented","scripts\ExternalPython\logs\run_20260310_083325.log","File",".log","1438805","2026-03-10T15:42:06.1343037Z","False"
"NWP_Willamette_Master_2026_10_05_DamagesPrevented","scripts\ExternalPython\logs\run_20260310_094005.log","File",".log","1253734","2026-03-10T16:47:30.9321059Z","False"
"NWP_Willamette_Master_2026_10_05_DamagesPrevented","scripts\ExternalPython\logs\run_20260310_105054.log","File",".log","1444811","2026-03-10T17:59:55.9364580Z","False"
"NWP_Willamette_Master_2026_10_05_DamagesPrevented","scripts\ExternalPython\logs\run_20260310_132603.log","File",".log","5958","2026-03-10T20:26:12.4190976Z","False"
"NWP_Willamette_Master_2026_10_05_DamagesPrevented","scripts\ExternalPython\logs\run_20260310_132705.log","File",".log","471707","2026-03-10T20:30:00.7006205Z","False"
"NWP_Willamette_Master_2026_10_05_DamagesPrevented","scripts\ExternalPython\logs\run_20260310_134744.log","File",".log","294779","2026-03-10T20:49:36.4570908Z","False"
"NWP_Willamette_Master_2026_10_05_DamagesPrevented","scripts\ExternalPython\logs\run_20260310_135257.log","File",".log","296781","2026-03-10T20:54:49.5350678Z","False"
"NWP_Willamette_Master_2026_10_05_DamagesPrevented","scripts\ExternalPython\logs\run_20260310_135631.log","File",".log","296781","2026-03-10T20:58:23.6455671Z","False"
"NWP_Willamette_Master_2026_10_05_DamagesPrevented","scripts\ExternalPython\logs\run_20260310_140526.log","File",".log","296781","2026-03-10T21:07:17.7958307Z","False"
"NWP_Willamette_Master_2026_10_05_DamagesPrevented","scripts\ExternalPython\logs\run_20260310_140931.log","File",".log","296781","2026-03-10T21:11:22.1033817Z","False"
"NWP_Willamette_Master_2026_10_05_DamagesPrevented","scripts\ExternalPython\logs\run_20260310_141845.log","File",".log","296781","2026-03-10T21:20:35.7677954Z","False"
"NWP_Willamette_Master_2026_10_05_DamagesPrevented","scripts\ExternalPython\logs\run_20260310_142459.log","File",".log","2657615","2026-03-10T21:48:50.3410862Z","False"
"NWP_Willamette_Master_2026_10_05_DamagesPrevented","scripts\ExternalPython\logs\run_20260310_152003.log","File",".log","444221","2026-03-10T22:22:51.9293040Z","False"
"NWP_Willamette_Master_2026_10_05_DamagesPrevented","scripts\ExternalPython\logs\run_20260310_164020.log","File",".log","2372823","2026-03-10T23:46:23.5321855Z","False"
"NWP_Willamette_Master_2026_10_05_DamagesPrevented","scripts\ExternalPython\logs\run_20260311_093931.log","File",".log","204391","2026-03-11T16:42:15.5594666Z","False"
"NWP_Willamette_Master_2026_10_05_DamagesPrevented","scripts\ExternalPython\logs\run_20260311_100345.log","File",".log","548","2026-03-11T17:03:45.4523116Z","False"
"NWP_Willamette_Master_2026_10_05_DamagesPrevented","scripts\ExternalPython\logs\run_20260311_100724.log","File",".log","21998","2026-03-11T17:07:44.4501484Z","False"
"NWP_Willamette_Master_2026_10_05_DamagesPrevented","scripts\ExternalPython\logs\run_20260311_100821.log","File",".log","13704","2026-03-11T17:09:12.1214229Z","False"
"NWP_Willamette_Master_2026_10_05_DamagesPrevented","scripts\ExternalPython\logs\run_20260311_101133.log","File",".log","6370","2026-03-11T17:11:55.9218260Z","False"
"NWP_Willamette_Master_2026_10_05_DamagesPrevented","scripts\ExternalPython\logs\run_20260311_115304.log","File",".log","548","2026-03-11T18:53:04.6303734Z","False"
"NWP_Willamette_Master_2026_10_05_DamagesPrevented","scripts\ExternalPython\logs\run_20260311_120647.log","File",".log","2126","2026-03-11T19:06:53.6615122Z","False"
"NWP_Willamette_Master_2026_10_05_DamagesPrevented","scripts\ExternalPython\logs\run_20260311_125704.log","File",".log","186673","2026-03-11T19:59:35.8083542Z","False"
"NWP_Willamette_Master_2026_10_05_DamagesPrevented","scripts\ExternalPython\logs\run_20260311_132006.log","File",".log","186673","2026-03-11T20:22:31.0565978Z","False"
"NWP_Willamette_Master_2026_10_05_DamagesPrevented","scripts\ExternalPython\logs\run_20260311_133155.log","File",".log","20054","2026-03-11T20:33:08.3166954Z","False"
"NWP_Willamette_Master_2026_10_05_DamagesPrevented","scripts\ExternalPython\logs\run_20260311_135351.log","File",".log","279063","2026-03-11T20:57:29.0779830Z","False"
"NWP_Willamette_Master_2026_10_05_DamagesPrevented","scripts\ExternalPython\logs\run_20260311_140230.log","File",".log","1429095","2026-03-11T21:19:31.6289643Z","False"
"NWP_Willamette_Master_2026_10_05_DamagesPrevented","scripts\ExternalPython\logs\run_20260311_144551.log","File",".log","1429095","2026-03-11T22:02:44.5311408Z","False"
"NWP_Willamette_Master_2026_10_05_DamagesPrevented","scripts\ExternalPython\logs\run_20260324_142015.log","File",".log","325262","2026-03-24T21:23:52.5830081Z","False"
"NWP_Willamette_Master_2026_10_05_DamagesPrevented","scripts\ExternalPython\logs\run_20260324_142500.log","File",".log","63030","2026-03-24T21:25:45.3530098Z","False"
"NWP_Willamette_Master_2026_10_05_DamagesPrevented","scripts\ExternalPython\logs\run_20260324_143234.log","File",".log","1429151","2026-03-24T21:40:00.4633538Z","False"
"NWP_Willamette_Master_2026_10_05_DamagesPrevented","scripts\ExternalPython\logs\run_20260325_095005.log","File",".log","1958","2026-03-25T16:50:06.5318381Z","False"
"NWP_Willamette_Master_2026_10_05_DamagesPrevented","scripts\ExternalPython\logs\run_20260325_095049.log","File",".log","1958","2026-03-25T16:50:50.7077222Z","False"
"NWP_Willamette_Master_2026_10_05_DamagesPrevented","scripts\ExternalPython\logs\run_20260325_095153.log","File",".log","39299","2026-03-25T16:52:02.3270501Z","False"
"NWP_Willamette_Master_2026_10_05_DamagesPrevented","scripts\ExternalPython\logs\run_20260414_150615.log","File",".log","1426069","2026-04-14T22:22:01.0414797Z","False"
"NWP_Willamette_Master_2026_10_05_DamagesPrevented","scripts\ExternalPython\logs\run_20260421_135932.log","File",".log","30500","2026-04-21T20:59:46.5896504Z","False"
"NWP_Willamette_Master_2026_10_05_DamagesPrevented","scripts\ExternalPython\logs\run_20260421_143723.log","File",".log","30520","2026-04-21T21:37:31.8846674Z","False"
"NWP_Willamette_Master_2026_10_05_DamagesPrevented","scripts\ExternalPython\logs\run_20260421_143755.log","File",".log","30500","2026-04-21T21:38:11.0352398Z","False"
"NWP_Willamette_Master_2026_10_05_DamagesPrevented","scripts\ExternalPython\logs\run_20260421_144703.log","File",".log","2372959","2026-04-21T21:52:42.2148946Z","False"
"NWP_Willamette_Master_2026_10_05_DamagesPrevented","scripts\ExternalPython\logs\run_20260421_154612.log","File",".log","2373093","2026-04-21T22:51:48.0185598Z","False"
"NWP_Willamette_Master_2026_10_05_DamagesPrevented","scripts\ExternalPython\logs\run_20260428_085930.log","File",".log","46285","2026-04-28T15:59:38.0810266Z","False"
"NWP_Willamette_Master_2026_10_05_DamagesPrevented","scripts\ExternalPython\logs\run_20260428_095208.log","File",".log","2427522","2026-04-28T16:58:15.4449238Z","False"
"NWP_Willamette_Master_2026_10_05_DamagesPrevented","scripts\ExternalPython\logs\run_20260428_110537.log","File",".log","46714","2026-04-28T18:05:52.3683294Z","False"
"NWP_Willamette_Master_2026_10_05_DamagesPrevented","scripts\ExternalPython\logs\run_20260428_111555.log","File",".log","2505","2026-04-28T18:15:56.9711521Z","False"
"NWP_Willamette_Master_2026_10_05_DamagesPrevented","scripts\ExternalPython\logs\run_20260428_111955.log","File",".log","46714","2026-04-28T18:20:10.2342001Z","False"
"NWP_Willamette_Master_2026_10_05_DamagesPrevented","scripts\ExternalPython\logs\run_20260428_113736.log","File",".log","2427656","2026-04-28T18:43:45.0618072Z","False"
"NWP_Willamette_Master_2026_10_05_DamagesPrevented","scripts\ExternalPython\logs\run_20260428_121600.log","File",".log","2427544","2026-04-28T19:28:24.2496044Z","False"
"NWP_Willamette_Master_2026_10_05_DamagesPrevented","scripts\ExternalPython\logs\run_20260429_142903.log","File",".log","721754","2026-04-29T21:29:22.9213747Z","False"
"NWP_Willamette_Master_2026_10_05_DamagesPrevented","scripts\ExternalPython\logs\run_20260429_143044.log","File",".log","1793382","2026-04-29T21:31:05.0415982Z","False"
"NWP_Willamette_Master_2026_10_05_DamagesPrevented","scripts\ExternalPython\logs\run_20260429_143445.log","File",".log","721754","2026-04-29T21:35:08.9814090Z","False"
"NWP_Willamette_Master_2026_10_05_DamagesPrevented","scripts\ExternalPython\logs\run_20260429_143619.log","File",".log","121277","2026-04-29T21:37:40.0205365Z","False"
"NWP_Willamette_Master_2026_10_05_DamagesPrevented","scripts\ExternalPython\logs\run_20260429_144115.log","File",".log","102052","2026-04-29T21:41:26.4244592Z","False"
"NWP_Willamette_Master_2026_10_05_DamagesPrevented","scripts\ExternalPython\logs\run_20260429_145220.log","File",".log","1912500","2026-04-29T21:52:43.1474425Z","False"
"NWP_Willamette_Master_2026_10_05_DamagesPrevented","scripts\ExternalPython\logs\run_20260429_145632.log","File",".log","721754","2026-04-29T21:56:56.2030518Z","False"
"NWP_Willamette_Master_2026_10_05_DamagesPrevented","scripts\ExternalPython\logs\run_20260429_145706.log","File",".log","102052","2026-04-29T21:57:17.3367630Z","False"
"NWP_Willamette_Master_2026_10_05_DamagesPrevented","scripts\ExternalPython\logs\run_latest.log","File",".log","102045","2026-04-29T21:57:17.0521432Z","False"
"NWP_Willamette_Master_2026_10_05_DamagesPrevented","scripts\ExternalPython\MainstemAugmentation.bat","File",".bat","4991","2026-03-10T23:01:41.9086635Z","False"
"NWP_Willamette_Master_2026_10_05_DamagesPrevented","scripts\ExternalPython\MainstemAugmentation.pstats","File",".pstats","272866","2026-04-29T21:52:42.8678367Z","False"
"NWP_Willamette_Master_2026_10_05_DamagesPrevented","scripts\ExternalPython\MainstemAugmentation.py","File",".py","48499","2026-04-29T21:52:07.4896441Z","False"
"NWP_Willamette_Master_2026_10_05_DamagesPrevented","scripts\ExternalPython\ManuallyAddToResSimScriptEditor\A_DEFINE_SIM_AND_ALT.txt","File",".txt","1924","2026-03-10T22:40:41.6375129Z","False"
"NWP_Willamette_Master_2026_10_05_DamagesPrevented","scripts\ExternalPython\ManuallyAddToResSimScriptEditor\B_CONSERVATION_EXTRACT.txt","File",".txt","1937","2026-03-09T15:18:35.8676986Z","False"
"NWP_Willamette_Master_2026_10_05_DamagesPrevented","scripts\ExternalPython\ManuallyAddToResSimScriptEditor\MAINSTEM_AUGMENTATION.txt","File",".txt","2017","2026-03-09T15:19:07.6507836Z","False"
"NWP_Willamette_Master_2026_10_05_DamagesPrevented","scripts\ExternalPython\ManuallyAddToResSimScriptEditor\PLOT_ALT_COMPARISON.txt","File",".txt","2008","2026-03-11T16:42:26.4616776Z","False"
"NWP_Willamette_Master_2026_10_05_DamagesPrevented","scripts\ExternalPython\ManuallyAddToResSimScriptEditor\PLOT_ENSEMBLES.txt","File",".txt","1998","2026-03-09T15:19:50.9783705Z","False"
"NWP_Willamette_Master_2026_10_05_DamagesPrevented","scripts\ExternalPython\median_remaining_by_day.pkl","File",".pkl","44858","2026-01-14T23:45:19.4813857Z","False"
"NWP_Willamette_Master_2026_10_05_DamagesPrevented","scripts\ExternalPython\OSI_Ensemble_Year.bat","File",".bat","4988","2026-03-25T16:49:09.7771219Z","False"
"NWP_Willamette_Master_2026_10_05_DamagesPrevented","scripts\ExternalPython\OSI_Ensemble_Year.py","File",".py","6552","2026-04-28T18:19:49.8524127Z","False"
"NWP_Willamette_Master_2026_10_05_DamagesPrevented","scripts\ExternalPython\PythonSetup1stTime\hydro39.yml","File",".yml","5851","2026-03-11T15:39:31.8401762Z","False"
"NWP_Willamette_Master_2026_10_05_DamagesPrevented","scripts\ExternalPython\PythonSetup1stTime\Miniconda3-py310_23.3.1-0-Windows-x86_64.7z","File",".7z","55258140","2026-02-25T23:56:36.1066631Z","False"
"NWP_Willamette_Master_2026_10_05_DamagesPrevented","scripts\ExternalPython\PythonSetup1stTime\READ_ME.txt","File",".txt","1112","2026-02-26T01:16:05.1559352Z","False"
"NWP_Willamette_Master_2026_10_05_DamagesPrevented","scripts\ExternalPython\RFC_Downloader_Module.py","File",".py","12216","2026-03-10T17:48:46.4599533Z","False"
"NWP_Willamette_Master_2026_10_05_DamagesPrevented","scripts\ExternalPython\RULE_CURVES.csv","File",".csv","34146","2026-03-11T22:13:51.4053356Z","False"
"NWP_Willamette_Master_2026_10_05_DamagesPrevented","scripts\externalRules\__init__$py.class","File",".class","1993","2026-09-24T20:24:04.6400235Z","False"
"NWP_Willamette_Master_2026_10_05_DamagesPrevented","scripts\externalRules\__init__.py","File",".py","0","2026-09-24T20:20:47.8087152Z","False"
"NWP_Willamette_Master_2026_10_05_DamagesPrevented","scripts\externalRules\_offline_tests\build_DiversionConfig$py.class","File",".class","17904","2026-10-02T17:24:00.1462024Z","False"
"NWP_Willamette_Master_2026_10_05_DamagesPrevented","scripts\externalRules\_offline_tests\build_DiversionConfig.py","File",".py","9180","2026-09-24T20:20:47.8097151Z","False"
"NWP_Willamette_Master_2026_10_05_DamagesPrevented","scripts\externalRules\_offline_tests\build_FIRO_SPACEConfig$py.class","File",".class","17092","2026-10-02T17:24:00.1672069Z","False"
"NWP_Willamette_Master_2026_10_05_DamagesPrevented","scripts\externalRules\_offline_tests\build_FIRO_SPACEConfig.py","File",".py","7428","2026-09-29T22:52:46.3071689Z","False"
"NWP_Willamette_Master_2026_10_05_DamagesPrevented","scripts\externalRules\_offline_tests\build_MinFlowWithdrawal_configs$py.class","File",".class","24359","2026-10-02T17:24:00.2167169Z","False"
"NWP_Willamette_Master_2026_10_05_DamagesPrevented","scripts\externalRules\_offline_tests\build_MinFlowWithdrawal_configs.py","File",".py","14508","2026-09-24T20:20:47.8107161Z","False"
"NWP_Willamette_Master_2026_10_05_DamagesPrevented","scripts\externalRules\_offline_tests\test_DiversionFromCSV.py","File",".py","14017","2026-09-24T20:20:47.8117237Z","False"
"NWP_Willamette_Master_2026_10_05_DamagesPrevented","scripts\externalRules\_offline_tests\test_FIRO_SPACE.py","File",".py","19840","2026-09-29T21:33:14.8334371Z","False"
"NWP_Willamette_Master_2026_10_05_DamagesPrevented","scripts\externalRules\_offline_tests\test_MinFlowPlusWithdrawal.py","File",".py","20745","2026-09-24T20:40:38.0418655Z","False"
"NWP_Willamette_Master_2026_10_05_DamagesPrevented","scripts\externalRules\_offline_tests\test_TimestepScaling.py","File",".py","15156","2026-09-28T19:46:32.0435130Z","False"
"NWP_Willamette_Master_2026_10_05_DamagesPrevented","scripts\externalRules\Combined_Min_Trib.csv","File",".csv","17860","2026-09-24T20:20:47.7907220Z","False"
"NWP_Willamette_Master_2026_10_05_DamagesPrevented","scripts\externalRules\DeepDrawdown$py.class","File",".class","12010","2026-10-02T17:23:59.8534710Z","False"
"NWP_Willamette_Master_2026_10_05_DamagesPrevented","scripts\externalRules\DeepDrawdown.py","File",".py","7304","2026-09-24T20:20:47.7907220Z","False"
"NWP_Willamette_Master_2026_10_05_DamagesPrevented","scripts\externalRules\DeepDrawdownConfig.csv","File",".csv","774","2026-09-24T20:20:47.7917230Z","False"
"NWP_Willamette_Master_2026_10_05_DamagesPrevented","scripts\externalRules\DeepDrawdownConfigNone.csv","File",".csv","829","2026-09-24T20:20:47.7927221Z","False"
"NWP_Willamette_Master_2026_10_05_DamagesPrevented","scripts\externalRules\DiversionConfig_ALT.csv","File",".csv","34406","2026-09-24T20:20:47.7927221Z","False"
"NWP_Willamette_Master_2026_10_05_DamagesPrevented","scripts\externalRules\DiversionFromCSV$py.class","File",".class","17007","2026-10-02T17:23:59.8839853Z","False"
"NWP_Willamette_Master_2026_10_05_DamagesPrevented","scripts\externalRules\DiversionFromCSV.py","File",".py","9256","2026-09-24T20:20:47.7947157Z","False"
"NWP_Willamette_Master_2026_10_05_DamagesPrevented","scripts\externalRules\DiversionFromCSV_ScriptedRule_PasteIntoResSim.txt","File",".txt","1401","2026-09-24T20:20:47.7957270Z","False"
"NWP_Willamette_Master_2026_10_05_DamagesPrevented","scripts\externalRules\DraftToRC$py.class","File",".class","9709","2026-10-02T17:23:59.9116651Z","False"
"NWP_Willamette_Master_2026_10_05_DamagesPrevented","scripts\externalRules\DraftToRC.py","File",".py","4667","2026-09-28T19:46:32.0435130Z","False"
"NWP_Willamette_Master_2026_10_05_DamagesPrevented","scripts\externalRules\FillLOPfirst$py.class","File",".class","6579","2026-10-02T17:23:59.9326659Z","False"
"NWP_Willamette_Master_2026_10_05_DamagesPrevented","scripts\externalRules\FillLOPfirst.py","File",".py","2126","2026-09-24T20:20:47.7997220Z","False"
"NWP_Willamette_Master_2026_10_05_DamagesPrevented","scripts\externalRules\FIRO_SPACE$py.class","File",".class","29163","2026-10-02T17:23:59.9541572Z","False"
"NWP_Willamette_Master_2026_10_05_DamagesPrevented","scripts\externalRules\FIRO_SPACE.py","File",".py","22049","2026-09-29T23:19:35.2167859Z","False"
"NWP_Willamette_Master_2026_10_05_DamagesPrevented","scripts\externalRules\FIRO_SPACE_ScriptedRule_PasteIntoResSim.txt","File",".txt","1399","2026-09-24T20:20:47.7987227Z","False"
"NWP_Willamette_Master_2026_10_05_DamagesPrevented","scripts\externalRules\FIRO_SPACEConfig.csv","File",".csv","32839","2026-09-29T22:45:56.7863481Z","False"
"NWP_Willamette_Master_2026_10_05_DamagesPrevented","scripts\externalRules\HCR_LOP_Balance$py.class","File",".class","9616","2026-10-02T17:23:59.9866764Z","False"
"NWP_Willamette_Master_2026_10_05_DamagesPrevented","scripts\externalRules\HCR_LOP_Balance.py","File",".py","6289","2026-09-24T20:20:47.7997220Z","False"
"NWP_Willamette_Master_2026_10_05_DamagesPrevented","scripts\externalRules\IRRM$py.class","File",".class","6461","2026-09-24T20:24:04.6950347Z","False"
"NWP_Willamette_Master_2026_10_05_DamagesPrevented","scripts\externalRules\IRRM.py","File",".py","2531","2026-09-24T20:20:47.8007226Z","False"
"NWP_Willamette_Master_2026_10_05_DamagesPrevented","scripts\externalRules\MinFlowConfig.csv","File",".csv","17330","2026-09-24T20:20:47.8017221Z","False"
"NWP_Willamette_Master_2026_10_05_DamagesPrevented","scripts\externalRules\MinFlowPlusWithdrawal$py.class","File",".class","23751","2026-10-02T17:24:00.0146771Z","False"
"NWP_Willamette_Master_2026_10_05_DamagesPrevented","scripts\externalRules\MinFlowPlusWithdrawal.py","File",".py","15258","2026-09-24T20:40:38.0398724Z","False"
"NWP_Willamette_Master_2026_10_05_DamagesPrevented","scripts\externalRules\MinFlowPlusWithdrawal_ScriptedRule_PasteIntoResSim.txt","File",".txt","1225","2026-09-24T20:20:47.8027239Z","False"
"NWP_Willamette_Master_2026_10_05_DamagesPrevented","scripts\externalRules\NoDraft$py.class","File",".class","10053","2026-09-24T20:24:04.6470304Z","False"
"NWP_Willamette_Master_2026_10_05_DamagesPrevented","scripts\externalRules\NoDraft.py","File",".py","3796","2026-09-24T20:20:47.8037226Z","False"
"NWP_Willamette_Master_2026_10_05_DamagesPrevented","scripts\externalRules\NoDraftConfig.csv","File",".csv","382","2026-09-24T20:20:47.8037226Z","False"
"NWP_Willamette_Master_2026_10_05_DamagesPrevented","scripts\externalRules\SecondaryFloodDraftLimit$py.class","File",".class","10142","2026-10-02T17:24:00.0436775Z","False"
"NWP_Willamette_Master_2026_10_05_DamagesPrevented","scripts\externalRules\SecondaryFloodDraftLimit.py","File",".py","4681","2026-09-24T20:20:47.8047152Z","False"
"NWP_Willamette_Master_2026_10_05_DamagesPrevented","scripts\externalRules\SecondaryFloodDraftLimitConfig.csv","File",".csv","1759","2026-09-24T20:20:47.8047152Z","False"
"NWP_Willamette_Master_2026_10_05_DamagesPrevented","scripts\externalRules\SpringSpill$py.class","File",".class","11309","2026-10-02T17:24:00.0736834Z","False"
"NWP_Willamette_Master_2026_10_05_DamagesPrevented","scripts\externalRules\SpringSpill.py","File",".py","6465","2026-09-24T20:20:47.8057148Z","False"
"NWP_Willamette_Master_2026_10_05_DamagesPrevented","scripts\externalRules\SpringSpillConfig.csv","File",".csv","1253","2026-09-24T20:20:47.8067150Z","False"
"NWP_Willamette_Master_2026_10_05_DamagesPrevented","scripts\externalRules\SpringSpillConfigNone.csv","File",".csv","1310","2026-09-24T20:20:47.8077156Z","False"
"NWP_Willamette_Master_2026_10_05_DamagesPrevented","scripts\externalRules\WithdrawalConfig.csv","File",".csv","13301","2026-09-24T20:20:47.8077156Z","False"
"NWP_Willamette_Master_2026_10_05_DamagesPrevented","scripts\externalSVs\__init__$py.class","File",".class","2394","2026-09-14T17:28:33.5657807Z","False"
"NWP_Willamette_Master_2026_10_05_DamagesPrevented","scripts\externalSVs\__init__.py","File",".py","182","2020-04-07T15:54:14.0000000Z","False"
"NWP_Willamette_Master_2026_10_05_DamagesPrevented","scripts\externalSVs\_externalSV_Compute_Options.csv","File",".csv","1068","2025-06-10T15:35:23.6252926Z","False"
"NWP_Willamette_Master_2026_10_05_DamagesPrevented","scripts\externalSVs\Alternative_Setup$py.class","File",".class","22052","2026-10-02T17:24:00.2427166Z","False"
"NWP_Willamette_Master_2026_10_05_DamagesPrevented","scripts\externalSVs\Alternative_Setup.py","File",".py","18916","2025-03-19T21:23:40.0000000Z","False"
"NWP_Willamette_Master_2026_10_05_DamagesPrevented","scripts\externalSVs\baseExternalSV$py.class","File",".class","49805","2026-10-02T17:23:59.6898074Z","False"
"NWP_Willamette_Master_2026_10_05_DamagesPrevented","scripts\externalSVs\baseExternalSV.py","File",".py","34225","2026-09-14T17:01:19.1678987Z","False"
"NWP_Willamette_Master_2026_10_05_DamagesPrevented","scripts\externalSVs\ControllerExternalSV$py.class","File",".class","22063","2026-10-02T17:23:59.7588083Z","False"
"NWP_Willamette_Master_2026_10_05_DamagesPrevented","scripts\externalSVs\ControllerExternalSV.py","File",".py","18288","2025-06-10T16:57:20.0823415Z","False"
"NWP_Willamette_Master_2026_10_05_DamagesPrevented","scripts\externalSVs\MainstemFlowAugSV$py.class","File",".class","34979","2026-10-02T17:24:01.8335403Z","False"
"NWP_Willamette_Master_2026_10_05_DamagesPrevented","scripts\externalSVs\MainstemFlowAugSV.py","File",".py","32536","2026-04-29T15:47:32.6150728Z","False"
"NWP_Willamette_Master_2026_10_05_DamagesPrevented","scripts\externalSVs\MinFlowAlbany_2008BiOp.csv","File",".csv","697","2025-12-11T15:48:37.4344587Z","False"
"NWP_Willamette_Master_2026_10_05_DamagesPrevented","scripts\externalSVs\MinFlowSalem_2008BiOp.csv","File",".csv","761","2025-12-11T15:49:50.6316397Z","False"
"NWP_Willamette_Master_2026_10_05_DamagesPrevented","scripts\externalSVs\MinFlowSalemAlbanyConfig.csv","File",".csv","1423","2026-02-19T21:23:11.4621464Z","False"
"NWP_Willamette_Master_2026_10_05_DamagesPrevented","scripts\model_check\.gitignore","File",".gitignore","91","2026-09-25T18:42:08.3947390Z","False"
"NWP_Willamette_Master_2026_10_05_DamagesPrevented","scripts\model_check\__pycache__\catalog_dss.cpython-39.pyc","File",".pyc","3692","2026-09-28T17:34:55.1189572Z","False"
"NWP_Willamette_Master_2026_10_05_DamagesPrevented","scripts\model_check\__pycache__\check_model.cpython-39.pyc","File",".pyc","69192","2026-09-29T23:10:07.6501137Z","False"
"NWP_Willamette_Master_2026_10_05_DamagesPrevented","scripts\model_check\__pycache__\extract_dss.cpython-39.pyc","File",".pyc","10923","2026-09-28T18:12:46.4169352Z","False"
"NWP_Willamette_Master_2026_10_05_DamagesPrevented","scripts\model_check\catalog_dss.py","File",".py","4248","2026-09-28T17:31:58.3106860Z","False"
"NWP_Willamette_Master_2026_10_05_DamagesPrevented","scripts\model_check\check_model.py","File",".py","85842","2026-09-30T17:54:57.3203462Z","False"
"NWP_Willamette_Master_2026_10_05_DamagesPrevented","scripts\model_check\control_point_limits.csv","File",".csv","2593","2026-09-28T20:20:01.6478211Z","False"
"NWP_Willamette_Master_2026_10_05_DamagesPrevented","scripts\model_check\extract_dss.py","File",".py","15031","2026-09-28T18:06:35.3816475Z","False"
"NWP_Willamette_Master_2026_10_05_DamagesPrevented","scripts\model_check\model_check_config.txt","File",".txt","1557","2026-09-29T16:24:02.4450327Z","False"
"NWP_Willamette_Master_2026_10_05_DamagesPrevented","scripts\model_check\output\Flood_64_catalog.csv","File",".csv","467984","2026-09-29T20:11:41.3185083Z","False"
"NWP_Willamette_Master_2026_10_05_DamagesPrevented","scripts\model_check\output\Flood_64_Temp1Day_2026-09-29\Conflicts_summary.csv","File",".csv","38540","2026-09-29T20:11:50.7595003Z","False"
"NWP_Willamette_Master_2026_10_05_DamagesPrevented","scripts\model_check\output\Flood_64_Temp1Day_2026-09-29\ControlPoints_summary.csv","File",".csv","888","2026-09-29T20:11:51.1366637Z","False"
"NWP_Willamette_Master_2026_10_05_DamagesPrevented","scripts\model_check\output\Flood_64_Temp1Day_2026-09-29\diversions.csv","File",".csv","273912","2026-09-29T20:11:46.6913925Z","False"
"NWP_Willamette_Master_2026_10_05_DamagesPrevented","scripts\model_check\output\Flood_64_Temp1Day_2026-09-29\diversions_series.csv","File",".csv","8116","2026-09-29T20:11:46.6933927Z","False"
"NWP_Willamette_Master_2026_10_05_DamagesPrevented","scripts\model_check\output\Flood_64_Temp1Day_2026-09-29\Diversions_summary.csv","File",".csv","1119","2026-09-29T20:11:48.4225460Z","False"
"NWP_Willamette_Master_2026_10_05_DamagesPrevented","scripts\model_check\output\Flood_64_Temp1Day_2026-09-29\FIRO_SPACE_summary.csv","File",".csv","945","2026-09-29T20:11:48.2844774Z","False"
"NWP_Willamette_Master_2026_10_05_DamagesPrevented","scripts\model_check\output\Flood_64_Temp1Day_2026-09-29\junctions.csv","File",".csv","1141246","2026-09-29T20:11:45.8775691Z","False"
"NWP_Willamette_Master_2026_10_05_DamagesPrevented","scripts\model_check\output\Flood_64_Temp1Day_2026-09-29\junctions_series.csv","File",".csv","15679","2026-09-29T20:11:45.8815691Z","False"
"NWP_Willamette_Master_2026_10_05_DamagesPrevented","scripts\model_check\output\Flood_64_Temp1Day_2026-09-29\limits.csv","File",".csv","259186","2026-09-29T20:11:44.2479358Z","False"
"NWP_Willamette_Master_2026_10_05_DamagesPrevented","scripts\model_check\output\Flood_64_Temp1Day_2026-09-29\limits_series.csv","File",".csv","3039","2026-09-29T20:11:44.2499362Z","False"
"NWP_Willamette_Master_2026_10_05_DamagesPrevented","scripts\model_check\output\Flood_64_Temp1Day_2026-09-29\MinFlow_summary.csv","File",".csv","1358","2026-09-29T20:11:48.3450043Z","False"
"NWP_Willamette_Master_2026_10_05_DamagesPrevented","scripts\model_check\output\Flood_64_Temp1Day_2026-09-29\modelReport.json","File",".json","8319","2026-09-29T20:11:48.0223908Z","False"
"NWP_Willamette_Master_2026_10_05_DamagesPrevented","scripts\model_check\output\Flood_64_Temp1Day_2026-09-29\plots\Control points.html","File",".html","3817443","2026-09-29T20:11:51.1336640Z","False"
"NWP_Willamette_Master_2026_10_05_DamagesPrevented","scripts\model_check\output\Flood_64_Temp1Day_2026-09-29\plots\plotly.min.js","File",".js","4558703","2026-09-29T20:11:48.1769371Z","False"
"NWP_Willamette_Master_2026_10_05_DamagesPrevented","scripts\model_check\output\Flood_64_Temp1Day_2026-09-29\plots\Reservoir - Big Cliff.html","File",".html","206670","2026-09-29T20:11:49.8987227Z","False"
"NWP_Willamette_Master_2026_10_05_DamagesPrevented","scripts\model_check\output\Flood_64_Temp1Day_2026-09-29\plots\Reservoir - Blue River.html","File",".html","472868","2026-09-29T20:11:49.9557233Z","False"
"NWP_Willamette_Master_2026_10_05_DamagesPrevented","scripts\model_check\output\Flood_64_Temp1Day_2026-09-29\plots\Reservoir - Cottage Grove.html","File",".html","553526","2026-09-29T20:11:50.0212628Z","False"
"NWP_Willamette_Master_2026_10_05_DamagesPrevented","scripts\model_check\output\Flood_64_Temp1Day_2026-09-29\plots\Reservoir - Cougar.html","File",".html","554248","2026-09-29T20:11:50.0898037Z","False"
"NWP_Willamette_Master_2026_10_05_DamagesPrevented","scripts\model_check\output\Flood_64_Temp1Day_2026-09-29\plots\Reservoir - Detroit.html","File",".html","639601","2026-09-29T20:11:50.1648035Z","False"
"NWP_Willamette_Master_2026_10_05_DamagesPrevented","scripts\model_check\output\Flood_64_Temp1Day_2026-09-29\plots\Reservoir - Dexter.html","File",".html","221676","2026-09-29T20:11:50.1983426Z","False"
"NWP_Willamette_Master_2026_10_05_DamagesPrevented","scripts\model_check\output\Flood_64_Temp1Day_2026-09-29\plots\Reservoir - Dorena.html","File",".html","560860","2026-09-29T20:11:50.2673456Z","False"
"NWP_Willamette_Master_2026_10_05_DamagesPrevented","scripts\model_check\output\Flood_64_Temp1Day_2026-09-29\plots\Reservoir - Fall Creek.html","File",".html","509943","2026-09-29T20:11:50.3448681Z","False"
"NWP_Willamette_Master_2026_10_05_DamagesPrevented","scripts\model_check\output\Flood_64_Temp1Day_2026-09-29\plots\Reservoir - Fern Ridge.html","File",".html","474000","2026-09-29T20:11:50.4054149Z","False"
"NWP_Willamette_Master_2026_10_05_DamagesPrevented","scripts\model_check\output\Flood_64_Temp1Day_2026-09-29\plots\Reservoir - Foster.html","File",".html","292682","2026-09-29T20:11:50.4464163Z","False"
"NWP_Willamette_Master_2026_10_05_DamagesPrevented","scripts\model_check\output\Flood_64_Temp1Day_2026-09-29\plots\Reservoir - Green Peter.html","File",".html","644912","2026-09-29T20:11:50.5289579Z","False"
"NWP_Willamette_Master_2026_10_05_DamagesPrevented","scripts\model_check\output\Flood_64_Temp1Day_2026-09-29\plots\Reservoir - Hills Creek.html","File",".html","540567","2026-09-29T20:11:50.5986741Z","False"
"NWP_Willamette_Master_2026_10_05_DamagesPrevented","scripts\model_check\output\Flood_64_Temp1Day_2026-09-29\plots\Reservoir - Lookout Point.html","File",".html","743408","2026-09-29T20:11:50.6889407Z","False"
"NWP_Willamette_Master_2026_10_05_DamagesPrevented","scripts\model_check\output\Flood_64_Temp1Day_2026-09-29\release_decisions\Big Cliff.csv","File",".csv","43255","2026-09-29T20:11:50.6924936Z","False"
"NWP_Willamette_Master_2026_10_05_DamagesPrevented","scripts\model_check\output\Flood_64_Temp1Day_2026-09-29\release_decisions\Blue River.csv","File",".csv","77668","2026-09-29T20:11:50.6974998Z","False"
"NWP_Willamette_Master_2026_10_05_DamagesPrevented","scripts\model_check\output\Flood_64_Temp1Day_2026-09-29\release_decisions\Cottage Grove.csv","File",".csv","91050","2026-09-29T20:11:50.7034932Z","False"
"NWP_Willamette_Master_2026_10_05_DamagesPrevented","scripts\model_check\output\Flood_64_Temp1Day_2026-09-29\release_decisions\Cougar.csv","File",".csv","100370","2026-09-29T20:11:50.7085006Z","False"
"NWP_Willamette_Master_2026_10_05_DamagesPrevented","scripts\model_check\output\Flood_64_Temp1Day_2026-09-29\release_decisions\Detroit.csv","File",".csv","120864","2026-09-29T20:11:50.7154950Z","False"
"NWP_Willamette_Master_2026_10_05_DamagesPrevented","scripts\model_check\output\Flood_64_Temp1Day_2026-09-29\release_decisions\Dexter.csv","File",".csv","48615","2026-09-29T20:11:50.7184931Z","False"
"NWP_Willamette_Master_2026_10_05_DamagesPrevented","scripts\model_check\output\Flood_64_Temp1Day_2026-09-29\release_decisions\Dorena.csv","File",".csv","95992","2026-09-29T20:11:50.7245012Z","False"
"NWP_Willamette_Master_2026_10_05_DamagesPrevented","scripts\model_check\output\Flood_64_Temp1Day_2026-09-29\release_decisions\Fall Creek.csv","File",".csv","99023","2026-09-29T20:11:50.7305003Z","False"
"NWP_Willamette_Master_2026_10_05_DamagesPrevented","scripts\model_check\output\Flood_64_Temp1Day_2026-09-29\release_decisions\Fern Ridge.csv","File",".csv","75442","2026-09-29T20:11:50.7355010Z","False"
"NWP_Willamette_Master_2026_10_05_DamagesPrevented","scripts\model_check\output\Flood_64_Temp1Day_2026-09-29\release_decisions\Foster.csv","File",".csv","55874","2026-09-29T20:11:50.7385000Z","False"
"NWP_Willamette_Master_2026_10_05_DamagesPrevented","scripts\model_check\output\Flood_64_Temp1Day_2026-09-29\release_decisions\Green Peter.csv","File",".csv","117313","2026-09-29T20:11:50.7445003Z","False"
"NWP_Willamette_Master_2026_10_05_DamagesPrevented","scripts\model_check\output\Flood_64_Temp1Day_2026-09-29\release_decisions\Hills Creek.csv","File",".csv","95827","2026-09-29T20:11:50.7495002Z","False"
"NWP_Willamette_Master_2026_10_05_DamagesPrevented","scripts\model_check\output\Flood_64_Temp1Day_2026-09-29\release_decisions\Lookout Point.csv","File",".csv","138933","2026-09-29T20:11:50.7565002Z","False"
"NWP_Willamette_Master_2026_10_05_DamagesPrevented","scripts\model_check\output\Flood_64_Temp1Day_2026-09-29\report.html","File",".html","175407","2026-09-29T20:11:51.1856766Z","False"
"NWP_Willamette_Master_2026_10_05_DamagesPrevented","scripts\model_check\output\Flood_64_Temp1Day_2026-09-29\reservoirs.csv","File",".csv","752437","2026-09-29T20:11:43.8983197Z","False"
"NWP_Willamette_Master_2026_10_05_DamagesPrevented","scripts\model_check\output\Flood_64_Temp1Day_2026-09-29\reservoirs_series.csv","File",".csv","9210","2026-09-29T20:11:43.9023204Z","False"
"NWP_Willamette_Master_2026_10_05_DamagesPrevented","scripts\model_check\output\Flood_64_Temp1Day_2026-09-29\RuleControl_summary.csv","File",".csv","5596","2026-09-29T20:11:50.7585006Z","False"
"NWP_Willamette_Master_2026_10_05_DamagesPrevented","scripts\model_check\output\Flood_64_Temp1Day_2026-09-29\rules.csv","File",".csv","772516","2026-09-29T20:11:48.0163910Z","False"
"NWP_Willamette_Master_2026_10_05_DamagesPrevented","scripts\model_check\output\Flood_64_Temp1Day_2026-09-29\rules_series.csv","File",".csv","23876","2026-09-29T20:11:48.0193911Z","False"
"NWP_Willamette_Master_2026_10_05_DamagesPrevented","scripts\model_check\output\Flood_64_Temp1Day_2026-09-29\RuleStack_summary.csv","File",".csv","10929","2026-09-29T20:11:48.2404640Z","False"
"NWP_Willamette_Master_2026_10_05_DamagesPrevented","scripts\model_check\output\Flood_64_Temp1Day_2026-09-29\run_info.json","File",".json","348","2026-09-29T20:11:42.8743850Z","False"
"NWP_Willamette_Master_2026_10_05_DamagesPrevented","scripts\model_check\output\Flood_96_3hour_catalog.csv","File",".csv","486315","2026-09-29T23:19:35.0732238Z","False"
"NWP_Willamette_Master_2026_10_05_DamagesPrevented","scripts\model_check\output\Flood_96_3hour_Temp3Hour_2026-09-29\Conflicts_summary.csv","File",".csv","56407","2026-09-29T23:20:02.6659018Z","False"
"NWP_Willamette_Master_2026_10_05_DamagesPrevented","scripts\model_check\output\Flood_96_3hour_Temp3Hour_2026-09-29\ControlPoints_summary.csv","File",".csv","919","2026-09-29T23:20:04.6984377Z","False"
"NWP_Willamette_Master_2026_10_05_DamagesPrevented","scripts\model_check\output\Flood_96_3hour_Temp3Hour_2026-09-29\diversions.csv","File",".csv","936210","2026-09-29T23:19:51.4231947Z","False"
"NWP_Willamette_Master_2026_10_05_DamagesPrevented","scripts\model_check\output\Flood_96_3hour_Temp3Hour_2026-09-29\diversions_series.csv","File",".csv","8244","2026-09-29T23:19:51.4271954Z","False"
"NWP_Willamette_Master_2026_10_05_DamagesPrevented","scripts\model_check\output\Flood_96_3hour_Temp3Hour_2026-09-29\Diversions_summary.csv","File",".csv","1260","2026-09-29T23:19:56.0608716Z","False"
"NWP_Willamette_Master_2026_10_05_DamagesPrevented","scripts\model_check\output\Flood_96_3hour_Temp3Hour_2026-09-29\FIRO_SPACE_summary.csv","File",".csv","1207","2026-09-29T23:19:55.8467838Z","False"
"NWP_Willamette_Master_2026_10_05_DamagesPrevented","scripts\model_check\output\Flood_96_3hour_Temp3Hour_2026-09-29\junctions.csv","File",".csv","3967892","2026-09-29T23:19:48.8826606Z","False"
"NWP_Willamette_Master_2026_10_05_DamagesPrevented","scripts\model_check\output\Flood_96_3hour_Temp3Hour_2026-09-29\junctions_series.csv","File",".csv","15925","2026-09-29T23:19:48.8906705Z","False"
"NWP_Willamette_Master_2026_10_05_DamagesPrevented","scripts\model_check\output\Flood_96_3hour_Temp3Hour_2026-09-29\limits.csv","File",".csv","878372","2026-09-29T23:19:43.9557390Z","False"
"NWP_Willamette_Master_2026_10_05_DamagesPrevented","scripts\model_check\output\Flood_96_3hour_Temp3Hour_2026-09-29\limits_series.csv","File",".csv","3099","2026-09-29T23:19:43.9587434Z","False"
"NWP_Willamette_Master_2026_10_05_DamagesPrevented","scripts\model_check\output\Flood_96_3hour_Temp3Hour_2026-09-29\MinFlow_summary.csv","File",".csv","865","2026-09-29T23:19:55.9373286Z","False"
"NWP_Willamette_Master_2026_10_05_DamagesPrevented","scripts\model_check\output\Flood_96_3hour_Temp3Hour_2026-09-29\modelReport.json","File",".json","8185","2026-09-29T23:19:55.4666254Z","False"
"NWP_Willamette_Master_2026_10_05_DamagesPrevented","scripts\model_check\output\Flood_96_3hour_Temp3Hour_2026-09-29\plots\Control points.html","File",".html","15955917","2026-09-29T23:20:04.6914346Z","False"
"NWP_Willamette_Master_2026_10_05_DamagesPrevented","scripts\model_check\output\Flood_96_3hour_Temp3Hour_2026-09-29\plots\plotly.min.js","File",".js","4558703","2026-09-29T23:19:55.6656982Z","False"
"NWP_Willamette_Master_2026_10_05_DamagesPrevented","scripts\model_check\output\Flood_96_3hour_Temp3Hour_2026-09-29\plots\Reservoir - Big Cliff.html","File",".html","773179","2026-09-29T23:19:58.4571696Z","False"
"NWP_Willamette_Master_2026_10_05_DamagesPrevented","scripts\model_check\output\Flood_96_3hour_Temp3Hour_2026-09-29\plots\Reservoir - Blue River.html","File",".html","1931963","2026-09-29T23:19:58.7457972Z","False"
"NWP_Willamette_Master_2026_10_05_DamagesPrevented","scripts\model_check\output\Flood_96_3hour_Temp3Hour_2026-09-29\plots\Reservoir - Cottage Grove.html","File",".html","2184442","2026-09-29T23:19:59.0784182Z","False"
"NWP_Willamette_Master_2026_10_05_DamagesPrevented","scripts\model_check\output\Flood_96_3hour_Temp3Hour_2026-09-29\plots\Reservoir - Cougar.html","File",".html","2294863","2026-09-29T23:19:59.4399662Z","False"
"NWP_Willamette_Master_2026_10_05_DamagesPrevented","scripts\model_check\output\Flood_96_3hour_Temp3Hour_2026-09-29\plots\Reservoir - Detroit.html","File",".html","2651214","2026-09-29T23:19:59.8506178Z","False"
"NWP_Willamette_Master_2026_10_05_DamagesPrevented","scripts\model_check\output\Flood_96_3hour_Temp3Hour_2026-09-29\plots\Reservoir - Dexter.html","File",".html","782330","2026-09-29T23:20:00.0001613Z","False"
"NWP_Willamette_Master_2026_10_05_DamagesPrevented","scripts\model_check\output\Flood_96_3hour_Temp3Hour_2026-09-29\plots\Reservoir - Dorena.html","File",".html","2225625","2026-09-29T23:20:00.3803356Z","False"
"NWP_Willamette_Master_2026_10_05_DamagesPrevented","scripts\model_check\output\Flood_96_3hour_Temp3Hour_2026-09-29\plots\Reservoir - Fall Creek.html","File",".html","2238164","2026-09-29T23:20:00.7772039Z","False"
"NWP_Willamette_Master_2026_10_05_DamagesPrevented","scripts\model_check\output\Flood_96_3hour_Temp3Hour_2026-09-29\plots\Reservoir - Fern Ridge.html","File",".html","1885956","2026-09-29T23:20:01.0662384Z","False"
"NWP_Willamette_Master_2026_10_05_DamagesPrevented","scripts\model_check\output\Flood_96_3hour_Temp3Hour_2026-09-29\plots\Reservoir - Foster.html","File",".html","1287080","2026-09-29T23:20:01.2493284Z","False"
"NWP_Willamette_Master_2026_10_05_DamagesPrevented","scripts\model_check\output\Flood_96_3hour_Temp3Hour_2026-09-29\plots\Reservoir - Green Peter.html","File",".html","2565417","2026-09-29T23:20:01.6309721Z","False"
"NWP_Willamette_Master_2026_10_05_DamagesPrevented","scripts\model_check\output\Flood_96_3hour_Temp3Hour_2026-09-29\plots\Reservoir - Hills Creek.html","File",".html","2173934","2026-09-29T23:20:01.9641094Z","False"
"NWP_Willamette_Master_2026_10_05_DamagesPrevented","scripts\model_check\output\Flood_96_3hour_Temp3Hour_2026-09-29\plots\Reservoir - Lookout Point.html","File",".html","3065356","2026-09-29T23:20:02.4162783Z","False"
"NWP_Willamette_Master_2026_10_05_DamagesPrevented","scripts\model_check\output\Flood_96_3hour_Temp3Hour_2026-09-29\release_decisions\Big Cliff.csv","File",".csv","169438","2026-09-29T23:20:02.4262931Z","False"
"NWP_Willamette_Master_2026_10_05_DamagesPrevented","scripts\model_check\output\Flood_96_3hour_Temp3Hour_2026-09-29\release_decisions\Blue River.csv","File",".csv","292386","2026-09-29T23:20:02.4428183Z","False"
"NWP_Willamette_Master_2026_10_05_DamagesPrevented","scripts\model_check\output\Flood_96_3hour_Temp3Hour_2026-09-29\release_decisions\Cottage Grove.csv","File",".csv","334108","2026-09-29T23:20:02.4618114Z","False"
"NWP_Willamette_Master_2026_10_05_DamagesPrevented","scripts\model_check\output\Flood_96_3hour_Temp3Hour_2026-09-29\release_decisions\Cougar.csv","File",".csv","369612","2026-09-29T23:20:02.4828193Z","False"
"NWP_Willamette_Master_2026_10_05_DamagesPrevented","scripts\model_check\output\Flood_96_3hour_Temp3Hour_2026-09-29\release_decisions\Detroit.csv","File",".csv","433072","2026-09-29T23:20:02.5068195Z","False"
"NWP_Willamette_Master_2026_10_05_DamagesPrevented","scripts\model_check\output\Flood_96_3hour_Temp3Hour_2026-09-29\release_decisions\Dexter.csv","File",".csv","167164","2026-09-29T23:20:02.5168200Z","False"
"NWP_Willamette_Master_2026_10_05_DamagesPrevented","scripts\model_check\output\Flood_96_3hour_Temp3Hour_2026-09-29\release_decisions\Dorena.csv","File",".csv","351160","2026-09-29T23:20:02.5403609Z","False"
"NWP_Willamette_Master_2026_10_05_DamagesPrevented","scripts\model_check\output\Flood_96_3hour_Temp3Hour_2026-09-29\release_decisions\Fall Creek.csv","File",".csv","331037","2026-09-29T23:20:02.5603611Z","False"
"NWP_Willamette_Master_2026_10_05_DamagesPrevented","scripts\model_check\output\Flood_96_3hour_Temp3Hour_2026-09-29\release_decisions\Fern Ridge.csv","File",".csv","287697","2026-09-29T23:20:02.5773611Z","False"
"NWP_Willamette_Master_2026_10_05_DamagesPrevented","scripts\model_check\output\Flood_96_3hour_Temp3Hour_2026-09-29\release_decisions\Foster.csv","File",".csv","230273","2026-09-29T23:20:02.5903607Z","False"
"NWP_Willamette_Master_2026_10_05_DamagesPrevented","scripts\model_check\output\Flood_96_3hour_Temp3Hour_2026-09-29\release_decisions\Green Peter.csv","File",".csv","419921","2026-09-29T23:20:02.6133623Z","False"
"NWP_Willamette_Master_2026_10_05_DamagesPrevented","scripts\model_check\output\Flood_96_3hour_Temp3Hour_2026-09-29\release_decisions\Hills Creek.csv","File",".csv","350385","2026-09-29T23:20:02.6333754Z","False"
"NWP_Willamette_Master_2026_10_05_DamagesPrevented","scripts\model_check\output\Flood_96_3hour_Temp3Hour_2026-09-29\release_decisions\Lookout Point.csv","File",".csv","499629","2026-09-29T23:20:02.6619017Z","False"
"NWP_Willamette_Master_2026_10_05_DamagesPrevented","scripts\model_check\output\Flood_96_3hour_Temp3Hour_2026-09-29\report.html","File",".html","217533","2026-09-29T23:20:04.7839539Z","False"
"NWP_Willamette_Master_2026_10_05_DamagesPrevented","scripts\model_check\output\Flood_96_3hour_Temp3Hour_2026-09-29\reservoirs.csv","File",".csv","2621856","2026-09-29T23:19:42.7998147Z","False"
"NWP_Willamette_Master_2026_10_05_DamagesPrevented","scripts\model_check\output\Flood_96_3hour_Temp3Hour_2026-09-29\reservoirs_series.csv","File",".csv","9366","2026-09-29T23:19:42.8098139Z","False"
"NWP_Willamette_Master_2026_10_05_DamagesPrevented","scripts\model_check\output\Flood_96_3hour_Temp3Hour_2026-09-29\RuleControl_summary.csv","File",".csv","6778","2026-09-29T23:20:02.6639017Z","False"
"NWP_Willamette_Master_2026_10_05_DamagesPrevented","scripts\model_check\output\Flood_96_3hour_Temp3Hour_2026-09-29\rules.csv","File",".csv","2708330","2026-09-29T23:19:55.4436249Z","False"
"NWP_Willamette_Master_2026_10_05_DamagesPrevented","scripts\model_check\output\Flood_96_3hour_Temp3Hour_2026-09-29\rules_series.csv","File",".csv","23763","2026-09-29T23:19:55.4496305Z","False"
"NWP_Willamette_Master_2026_10_05_DamagesPrevented","scripts\model_check\output\Flood_96_3hour_Temp3Hour_2026-09-29\RuleStack_summary.csv","File",".csv","11017","2026-09-29T23:19:55.7196989Z","False"
"NWP_Willamette_Master_2026_10_05_DamagesPrevented","scripts\model_check\output\Flood_96_3hour_Temp3Hour_2026-09-29\run_info.json","File",".json","361","2026-09-29T23:19:39.6738624Z","False"
"NWP_Willamette_Master_2026_10_05_DamagesPrevented","scripts\model_check\output\Script_Cleanup_Test_catalog.csv","File",".csv","469083","2026-09-25T18:42:08.4207477Z","False"
"NWP_Willamette_Master_2026_10_05_DamagesPrevented","scripts\model_check\output\Script_Cleanup_Test_Temp1Day_2026-09-29\Conflicts_summary.csv","File",".csv","62748","2026-09-29T20:08:34.9551797Z","False"
"NWP_Willamette_Master_2026_10_05_DamagesPrevented","scripts\model_check\output\Script_Cleanup_Test_Temp1Day_2026-09-29\ControlPoints_summary.csv","File",".csv","867","2026-09-29T20:08:35.4818503Z","False"
"NWP_Willamette_Master_2026_10_05_DamagesPrevented","scripts\model_check\output\Script_Cleanup_Test_Temp1Day_2026-09-29\diversions.csv","File",".csv","456188","2026-09-29T20:08:28.9381537Z","False"
"NWP_Willamette_Master_2026_10_05_DamagesPrevented","scripts\model_check\output\Script_Cleanup_Test_Temp1Day_2026-09-29\diversions_series.csv","File",".csv","8180","2026-09-29T20:08:28.9401460Z","False"
"NWP_Willamette_Master_2026_10_05_DamagesPrevented","scripts\model_check\output\Script_Cleanup_Test_Temp1Day_2026-09-29\Diversions_summary.csv","File",".csv","1151","2026-09-29T20:08:31.6927869Z","False"
"NWP_Willamette_Master_2026_10_05_DamagesPrevented","scripts\model_check\output\Script_Cleanup_Test_Temp1Day_2026-09-29\FIRO_SPACE_summary.csv","File",".csv","971","2026-09-29T20:08:31.5272408Z","False"
"NWP_Willamette_Master_2026_10_05_DamagesPrevented","scripts\model_check\output\Script_Cleanup_Test_Temp1Day_2026-09-29\junctions.csv","File",".csv","2001812","2026-09-29T20:08:27.6501029Z","False"
"NWP_Willamette_Master_2026_10_05_DamagesPrevented","scripts\model_check\output\Script_Cleanup_Test_Temp1Day_2026-09-29\junctions_series.csv","File",".csv","15802","2026-09-29T20:08:27.6550960Z","False"
"NWP_Willamette_Master_2026_10_05_DamagesPrevented","scripts\model_check\output\Script_Cleanup_Test_Temp1Day_2026-09-29\limits.csv","File",".csv","415852","2026-09-29T20:08:25.0905682Z","False"
"NWP_Willamette_Master_2026_10_05_DamagesPrevented","scripts\model_check\output\Script_Cleanup_Test_Temp1Day_2026-09-29\limits_series.csv","File",".csv","3065","2026-09-29T20:08:25.0935788Z","False"
"NWP_Willamette_Master_2026_10_05_DamagesPrevented","scripts\model_check\output\Script_Cleanup_Test_Temp1Day_2026-09-29\MinFlow_summary.csv","File",".csv","803","2026-09-29T20:08:31.5982631Z","False"
"NWP_Willamette_Master_2026_10_05_DamagesPrevented","scripts\model_check\output\Script_Cleanup_Test_Temp1Day_2026-09-29\modelReport.json","File",".json","8184","2026-09-29T20:08:31.2315287Z","False"
"NWP_Willamette_Master_2026_10_05_DamagesPrevented","scripts\model_check\output\Script_Cleanup_Test_Temp1Day_2026-09-29\plots\Control points.html","File",".html","6186675","2026-09-29T20:08:35.4778590Z","False"
"NWP_Willamette_Master_2026_10_05_DamagesPrevented","scripts\model_check\output\Script_Cleanup_Test_Temp1Day_2026-09-29\plots\plotly.min.js","File",".js","4558703","2026-09-29T20:08:31.4276513Z","False"
"NWP_Willamette_Master_2026_10_05_DamagesPrevented","scripts\model_check\output\Script_Cleanup_Test_Temp1Day_2026-09-29\plots\Reservoir - Big Cliff.html","File",".html","329212","2026-09-29T20:08:33.7887309Z","False"
"NWP_Willamette_Master_2026_10_05_DamagesPrevented","scripts\model_check\output\Script_Cleanup_Test_Temp1Day_2026-09-29\plots\Reservoir - Blue River.html","File",".html","834550","2026-09-29T20:08:33.8702704Z","False"
"NWP_Willamette_Master_2026_10_05_DamagesPrevented","scripts\model_check\output\Script_Cleanup_Test_Temp1Day_2026-09-29\plots\Reservoir - Cottage Grove.html","File",".html","928593","2026-09-29T20:08:33.9628099Z","False"
"NWP_Willamette_Master_2026_10_05_DamagesPrevented","scripts\model_check\output\Script_Cleanup_Test_Temp1Day_2026-09-29\plots\Reservoir - Cougar.html","File",".html","905418","2026-09-29T20:08:34.0533511Z","False"
"NWP_Willamette_Master_2026_10_05_DamagesPrevented","scripts\model_check\output\Script_Cleanup_Test_Temp1Day_2026-09-29\plots\Reservoir - Detroit.html","File",".html","1092478","2026-09-29T20:08:34.1568841Z","False"
"NWP_Willamette_Master_2026_10_05_DamagesPrevented","scripts\model_check\output\Script_Cleanup_Test_Temp1Day_2026-09-29\plots\Reservoir - Dexter.html","File",".html","352127","2026-09-29T20:08:34.1988990Z","False"
"NWP_Willamette_Master_2026_10_05_DamagesPrevented","scripts\model_check\output\Script_Cleanup_Test_Temp1Day_2026-09-29\plots\Reservoir - Dorena.html","File",".html","960020","2026-09-29T20:08:34.3104319Z","False"
"NWP_Willamette_Master_2026_10_05_DamagesPrevented","scripts\model_check\output\Script_Cleanup_Test_Temp1Day_2026-09-29\plots\Reservoir - Fall Creek.html","File",".html","897601","2026-09-29T20:08:34.3949657Z","False"
"NWP_Willamette_Master_2026_10_05_DamagesPrevented","scripts\model_check\output\Script_Cleanup_Test_Temp1Day_2026-09-29\plots\Reservoir - Fern Ridge.html","File",".html","803423","2026-09-29T20:08:34.4694955Z","False"
"NWP_Willamette_Master_2026_10_05_DamagesPrevented","scripts\model_check\output\Script_Cleanup_Test_Temp1Day_2026-09-29\plots\Reservoir - Foster.html","File",".html","594468","2026-09-29T20:08:34.5260195Z","False"
"NWP_Willamette_Master_2026_10_05_DamagesPrevented","scripts\model_check\output\Script_Cleanup_Test_Temp1Day_2026-09-29\plots\Reservoir - Green Peter.html","File",".html","1085605","2026-09-29T20:08:34.6265609Z","False"
"NWP_Willamette_Master_2026_10_05_DamagesPrevented","scripts\model_check\output\Script_Cleanup_Test_Temp1Day_2026-09-29\plots\Reservoir - Hills Creek.html","File",".html","926690","2026-09-29T20:08:34.7181021Z","False"
"NWP_Willamette_Master_2026_10_05_DamagesPrevented","scripts\model_check\output\Script_Cleanup_Test_Temp1Day_2026-09-29\plots\Reservoir - Lookout Point.html","File",".html","1252191","2026-09-29T20:08:34.8396394Z","False"
"NWP_Willamette_Master_2026_10_05_DamagesPrevented","scripts\model_check\output\Script_Cleanup_Test_Temp1Day_2026-09-29\release_decisions\Big Cliff.csv","File",".csv","71485","2026-09-29T20:08:34.8446392Z","False"
"NWP_Willamette_Master_2026_10_05_DamagesPrevented","scripts\model_check\output\Script_Cleanup_Test_Temp1Day_2026-09-29\release_decisions\Blue River.csv","File",".csv","135934","2026-09-29T20:08:34.8526395Z","False"
"NWP_Willamette_Master_2026_10_05_DamagesPrevented","scripts\model_check\output\Script_Cleanup_Test_Temp1Day_2026-09-29\release_decisions\Cottage Grove.csv","File",".csv","156231","2026-09-29T20:08:34.8626394Z","False"
"NWP_Willamette_Master_2026_10_05_DamagesPrevented","scripts\model_check\output\Script_Cleanup_Test_Temp1Day_2026-09-29\release_decisions\Cougar.csv","File",".csv","170657","2026-09-29T20:08:34.8716394Z","False"
"NWP_Willamette_Master_2026_10_05_DamagesPrevented","scripts\model_check\output\Script_Cleanup_Test_Temp1Day_2026-09-29\release_decisions\Detroit.csv","File",".csv","207435","2026-09-29T20:08:34.8826398Z","False"
"NWP_Willamette_Master_2026_10_05_DamagesPrevented","scripts\model_check\output\Script_Cleanup_Test_Temp1Day_2026-09-29\release_decisions\Dexter.csv","File",".csv","80456","2026-09-29T20:08:34.8876395Z","False"
"NWP_Willamette_Master_2026_10_05_DamagesPrevented","scripts\model_check\output\Script_Cleanup_Test_Temp1Day_2026-09-29\release_decisions\Dorena.csv","File",".csv","165127","2026-09-29T20:08:34.8966391Z","False"
"NWP_Willamette_Master_2026_10_05_DamagesPrevented","scripts\model_check\output\Script_Cleanup_Test_Temp1Day_2026-09-29\release_decisions\Fall Creek.csv","File",".csv","170096","2026-09-29T20:08:34.9056532Z","False"
"NWP_Willamette_Master_2026_10_05_DamagesPrevented","scripts\model_check\output\Script_Cleanup_Test_Temp1Day_2026-09-29\release_decisions\Fern Ridge.csv","File",".csv","133454","2026-09-29T20:08:34.9131790Z","False"
"NWP_Willamette_Master_2026_10_05_DamagesPrevented","scripts\model_check\output\Script_Cleanup_Test_Temp1Day_2026-09-29\release_decisions\Foster.csv","File",".csv","106189","2026-09-29T20:08:34.9191796Z","False"
"NWP_Willamette_Master_2026_10_05_DamagesPrevented","scripts\model_check\output\Script_Cleanup_Test_Temp1Day_2026-09-29\release_decisions\Green Peter.csv","File",".csv","200150","2026-09-29T20:08:34.9301796Z","False"
"NWP_Willamette_Master_2026_10_05_DamagesPrevented","scripts\model_check\output\Script_Cleanup_Test_Temp1Day_2026-09-29\release_decisions\Hills Creek.csv","File",".csv","165859","2026-09-29T20:08:34.9391805Z","False"
"NWP_Willamette_Master_2026_10_05_DamagesPrevented","scripts\model_check\output\Script_Cleanup_Test_Temp1Day_2026-09-29\release_decisions\Lookout Point.csv","File",".csv","237039","2026-09-29T20:08:34.9511794Z","False"
"NWP_Willamette_Master_2026_10_05_DamagesPrevented","scripts\model_check\output\Script_Cleanup_Test_Temp1Day_2026-09-29\report.html","File",".html","245071","2026-09-29T20:08:35.5533954Z","False"
"NWP_Willamette_Master_2026_10_05_DamagesPrevented","scripts\model_check\output\Script_Cleanup_Test_Temp1Day_2026-09-29\reservoirs.csv","File",".csv","1260069","2026-09-29T20:08:24.5411244Z","False"
"NWP_Willamette_Master_2026_10_05_DamagesPrevented","scripts\model_check\output\Script_Cleanup_Test_Temp1Day_2026-09-29\reservoirs_series.csv","File",".csv","9288","2026-09-29T20:08:24.5451166Z","False"
"NWP_Willamette_Master_2026_10_05_DamagesPrevented","scripts\model_check\output\Script_Cleanup_Test_Temp1Day_2026-09-29\RuleControl_summary.csv","File",".csv","6028","2026-09-29T20:08:34.9531727Z","False"
"NWP_Willamette_Master_2026_10_05_DamagesPrevented","scripts\model_check\output\Script_Cleanup_Test_Temp1Day_2026-09-29\rules.csv","File",".csv","1324950","2026-09-29T20:08:31.1939884Z","False"
"NWP_Willamette_Master_2026_10_05_DamagesPrevented","scripts\model_check\output\Script_Cleanup_Test_Temp1Day_2026-09-29\rules_series.csv","File",".csv","18803","2026-09-29T20:08:31.2000022Z","False"
"NWP_Willamette_Master_2026_10_05_DamagesPrevented","scripts\model_check\output\Script_Cleanup_Test_Temp1Day_2026-09-29\RuleStack_summary.csv","File",".csv","10974","2026-09-29T20:08:31.4787092Z","False"
"NWP_Willamette_Master_2026_10_05_DamagesPrevented","scripts\model_check\output\Script_Cleanup_Test_Temp1Day_2026-09-29\run_info.json","File",".json","370","2026-09-29T20:08:22.8502399Z","False"
"NWP_Willamette_Master_2026_10_05_DamagesPrevented","scripts\model_check\README.md","File",".md","12489","2026-09-30T17:55:39.2992763Z","False"
"NWP_Willamette_Master_2026_10_05_DamagesPrevented","scripts\model_check\run_model_check.py","File",".py","3735","2026-09-29T16:24:02.4460372Z","False"
"NWP_Willamette_Master_2026_10_05_DamagesPrevented","scripts\NWDJyLib\__init__$py.class","File",".class","2764","2026-09-14T17:28:31.3690385Z","False"
"NWP_Willamette_Master_2026_10_05_DamagesPrevented","scripts\NWDJyLib\__init__.py","File",".py","748","2016-01-19T17:32:10.0000000Z","False"
"NWP_Willamette_Master_2026_10_05_DamagesPrevented","scripts\NWDJyLib\AFDR.7z","File",".7z","74631","2026-02-20T00:11:22.3786750Z","False"
"NWP_Willamette_Master_2026_10_05_DamagesPrevented","scripts\NWDJyLib\CanadianOps\__init__$py.class","File",".class","1979","2026-09-14T17:28:31.3720388Z","False"
"NWP_Willamette_Master_2026_10_05_DamagesPrevented","scripts\NWDJyLib\CanadianOps\__init__.py","File",".py","0","2014-09-08T18:15:32.0000000Z","False"
"NWP_Willamette_Master_2026_10_05_DamagesPrevented","scripts\NWDJyLib\CanadianOps\cNatLakeARDB$py.class","File",".class","28784","2026-10-02T17:24:01.2848341Z","False"
"NWP_Willamette_Master_2026_10_05_DamagesPrevented","scripts\NWDJyLib\CanadianOps\cNatLakeARDB.py","File",".py","24027","2026-09-14T17:01:19.1598948Z","False"
"NWP_Willamette_Master_2026_10_05_DamagesPrevented","scripts\NWDJyLib\cFile$py.class","File",".class","15332","2026-10-02T17:24:01.0938036Z","False"
"NWP_Willamette_Master_2026_10_05_DamagesPrevented","scripts\NWDJyLib\cFile.py","File",".py","8650","2025-06-10T16:39:15.4897335Z","False"
"NWP_Willamette_Master_2026_10_05_DamagesPrevented","scripts\NWDJyLib\cLoadModules$py.class","File",".class","11434","2026-10-02T17:24:01.1248040Z","False"
"NWP_Willamette_Master_2026_10_05_DamagesPrevented","scripts\NWDJyLib\cLoadModules.py","File",".py","5937","2025-08-29T16:53:38.9650647Z","False"
"NWP_Willamette_Master_2026_10_05_DamagesPrevented","scripts\NWDJyLib\cRouting$py.class","File",".class","27936","2026-10-02T17:24:01.1598052Z","False"
"NWP_Willamette_Master_2026_10_05_DamagesPrevented","scripts\NWDJyLib\cRouting.py","File",".py","20611","2023-06-29T17:30:50.0000000Z","False"
"NWP_Willamette_Master_2026_10_05_DamagesPrevented","scripts\NWDJyLib\cTimes$py.class","File",".class","52921","2026-10-02T17:24:01.2183202Z","False"
"NWP_Willamette_Master_2026_10_05_DamagesPrevented","scripts\NWDJyLib\cTimes.py","File",".py","36678","2024-09-27T17:56:48.0000000Z","False"
"NWP_Willamette_Master_2026_10_05_DamagesPrevented","scripts\NWDJyLib\DSS\__init__$py.class","File",".class","1955","2026-09-14T17:28:31.4667143Z","False"
"NWP_Willamette_Master_2026_10_05_DamagesPrevented","scripts\NWDJyLib\DSS\__init__.py","File",".py","0","2014-09-08T18:15:32.0000000Z","False"
"NWP_Willamette_Master_2026_10_05_DamagesPrevented","scripts\NWDJyLib\DSS\cCollections$py.class","File",".class","32799","2026-10-02T17:24:01.2948345Z","False"
"NWP_Willamette_Master_2026_10_05_DamagesPrevented","scripts\NWDJyLib\DSS\cCollections.py","File",".py","22282","2016-03-17T13:47:28.0000000Z","False"
"NWP_Willamette_Master_2026_10_05_DamagesPrevented","scripts\NWDJyLib\DSS\cDSS$py.class","File",".class","29993","2026-10-02T17:24:01.3418358Z","False"
"NWP_Willamette_Master_2026_10_05_DamagesPrevented","scripts\NWDJyLib\DSS\cDSS.py","File",".py","21413","2024-04-10T20:43:22.0000000Z","False"
"NWP_Willamette_Master_2026_10_05_DamagesPrevented","scripts\NWDJyLib\DSS\cEnsemble$py.class","File",".class","29940","2026-10-02T17:24:01.4383521Z","False"
"NWP_Willamette_Master_2026_10_05_DamagesPrevented","scripts\NWDJyLib\DSS\cEnsemble.py","File",".py","22933","2016-03-17T20:59:28.0000000Z","False"
"NWP_Willamette_Master_2026_10_05_DamagesPrevented","scripts\NWDJyLib\DSS\cTsUtils$py.class","File",".class","36042","2026-10-02T17:24:01.4993525Z","False"
"NWP_Willamette_Master_2026_10_05_DamagesPrevented","scripts\NWDJyLib\DSS\cTsUtils.py","File",".py","26162","2024-04-18T00:34:21.0000000Z","False"
"NWP_Willamette_Master_2026_10_05_DamagesPrevented","scripts\NWDJyLib\DSS\DSSTasks$py.class","File",".class","52589","2026-10-02T17:24:01.5443536Z","False"
"NWP_Willamette_Master_2026_10_05_DamagesPrevented","scripts\NWDJyLib\DSS\DSSTasks.py","File",".py","43456","2016-03-17T22:15:46.0000000Z","False"
"NWP_Willamette_Master_2026_10_05_DamagesPrevented","scripts\NWDJyLib\FixedData\__init__$py.class","File",".class","1973","2026-09-14T17:28:31.9959351Z","False"
"NWP_Willamette_Master_2026_10_05_DamagesPrevented","scripts\NWDJyLib\FixedData\__init__.py","File",".py","0","2014-09-08T18:15:32.0000000Z","False"
"NWP_Willamette_Master_2026_10_05_DamagesPrevented","scripts\NWDJyLib\FixedData\DatumShift$py.class","File",".class","2385","2026-10-02T17:24:01.6088647Z","False"
"NWP_Willamette_Master_2026_10_05_DamagesPrevented","scripts\NWDJyLib\FixedData\DatumShift.py","File",".py","661","2016-03-17T14:46:40.0000000Z","False"
"NWP_Willamette_Master_2026_10_05_DamagesPrevented","scripts\NWDJyLib\FixedData\LocationAlias.csv","File",".csv","20838","2021-08-18T22:52:02.0000000Z","False"
"NWP_Willamette_Master_2026_10_05_DamagesPrevented","scripts\NWDJyLib\FixedData\NameAlias$py.class","File",".class","14878","2026-09-14T17:28:32.0348804Z","False"
"NWP_Willamette_Master_2026_10_05_DamagesPrevented","scripts\NWDJyLib\FixedData\NameAlias.py","File",".py","8386","2024-09-17T16:33:16.0000000Z","False"
"NWP_Willamette_Master_2026_10_05_DamagesPrevented","scripts\NWDJyLib\FixedData\ParamAlias.csv","File",".csv","2355","2021-04-01T17:51:59.0000000Z","False"
"NWP_Willamette_Master_2026_10_05_DamagesPrevented","scripts\NWDJyLib\FixedData\referenceData\AV_locations.csv","File",".csv","238743","2016-01-15T19:23:52.0000000Z","False"
"NWP_Willamette_Master_2026_10_05_DamagesPrevented","scripts\NWDJyLib\FixedData\referenceData\BPA_Excel_Script_Input.csv","File",".csv","2868","2021-04-01T17:48:46.0000000Z","False"
"NWP_Willamette_Master_2026_10_05_DamagesPrevented","scripts\NWDJyLib\FixedData\referenceData\NamingAliases-Junctions.csv","File",".csv","17710","2021-04-01T17:48:04.0000000Z","False"
"NWP_Willamette_Master_2026_10_05_DamagesPrevented","scripts\NWDJyLib\FixedData\referenceData\NamingAliases-Reservoirs.csv","File",".csv","17716","2021-04-01T17:47:27.0000000Z","False"
"NWP_Willamette_Master_2026_10_05_DamagesPrevented","scripts\NWDJyLib\FixedData\UnitConversion$py.class","File",".class","2404","2026-10-02T17:24:01.6108641Z","False"
"NWP_Willamette_Master_2026_10_05_DamagesPrevented","scripts\NWDJyLib\FixedData\UnitConversion.py","File",".py","668","2016-03-17T14:47:18.0000000Z","False"
"NWP_Willamette_Master_2026_10_05_DamagesPrevented","scripts\NWDJyLib\ResSim\__init__$py.class","File",".class","1964","2026-09-14T17:28:32.1124042Z","False"
"NWP_Willamette_Master_2026_10_05_DamagesPrevented","scripts\NWDJyLib\ResSim\__init__.py","File",".py","0","2014-09-08T18:15:32.0000000Z","False"
"NWP_Willamette_Master_2026_10_05_DamagesPrevented","scripts\NWDJyLib\ResSim\cResSim$py.class","File",".class","65213","2026-10-02T17:24:01.6218660Z","False"
"NWP_Willamette_Master_2026_10_05_DamagesPrevented","scripts\NWDJyLib\ResSim\cResSim.py","File",".py","54113","2026-09-14T17:01:19.1618986Z","False"
"NWP_Willamette_Master_2026_10_05_DamagesPrevented","scripts\NWDJyLib\ResSim\cVariableTracking$py.class","File",".class","7879","2026-10-02T17:24:01.6708874Z","False"
"NWP_Willamette_Master_2026_10_05_DamagesPrevented","scripts\NWDJyLib\ResSim\cVariableTracking.py","File",".py","3485","2023-06-16T18:38:49.0000000Z","False"
"NWP_Willamette_Master_2026_10_05_DamagesPrevented","scripts\NWDJyLib\ResSim\JythonCatelogForCamoGPTreference.txt","File",".txt","82743","2025-08-25T18:02:43.4853707Z","False"
"NWP_Willamette_Master_2026_10_05_DamagesPrevented","scripts\NWDJyLib\ResSim\ResSimController$py.class","File",".class","22605","2026-10-02T17:24:01.6768869Z","False"
"NWP_Willamette_Master_2026_10_05_DamagesPrevented","scripts\NWDJyLib\ResSim\ResSimController.py","File",".py","13575","2026-09-14T17:26:52.9803866Z","False"
"NWP_Willamette_Master_2026_10_05_DamagesPrevented","scripts\NWDJyLib\ResSim\ResSimTasks$py.class","File",".class","89329","2026-10-02T17:24:01.7124142Z","False"
"NWP_Willamette_Master_2026_10_05_DamagesPrevented","scripts\NWDJyLib\ResSim\ResSimTasks.py","File",".py","95482","2021-03-31T20:07:26.0000000Z","False"
"NWP_Willamette_Master_2026_10_05_DamagesPrevented","scripts\NWDJyLib\rLogging$py.class","File",".class","6343","2026-10-02T17:24:01.2603206Z","False"
"NWP_Willamette_Master_2026_10_05_DamagesPrevented","scripts\NWDJyLib\rLogging.py","File",".py","4167","2025-06-10T21:27:23.1274231Z","False"
"NWP_Willamette_Master_2026_10_05_DamagesPrevented","scripts\NWDJyLib\rLoggingConfig.json","File",".json","1625","2022-04-18T17:17:54.0000000Z","False"
"NWP_Willamette_Master_2026_10_05_DamagesPrevented","scripts\NWDJyLib\Utils\__init__$py.class","File",".class","1961","2026-09-14T17:28:32.4129875Z","False"
"NWP_Willamette_Master_2026_10_05_DamagesPrevented","scripts\NWDJyLib\Utils\__init__.py","File",".py","0","2014-09-08T18:15:32.0000000Z","False"
"NWP_Willamette_Master_2026_10_05_DamagesPrevented","scripts\NWDJyLib\Utils\SimplePy$py.class","File",".class","16806","2026-10-02T17:24:01.7754179Z","False"
"NWP_Willamette_Master_2026_10_05_DamagesPrevented","scripts\NWDJyLib\Utils\SimplePy.py","File",".py","6951","2024-09-17T15:51:05.0000000Z","False"
"NWP_Willamette_Master_2026_10_05_DamagesPrevented","scripts\Plots_Jython\MainstemRFC_CP_FCst_Plot.py","File",".py","10834","2025-03-07T17:24:36.0000000Z","False"
"NWP_Willamette_Master_2026_10_05_DamagesPrevented","scripts\Plots_Jython\NonExceedancePlots.py","File",".py","24084","2025-03-07T17:24:36.0000000Z","False"
"NWP_Willamette_Master_2026_10_05_DamagesPrevented","scripts\Plots_Jython\RFC_EUG_FCst_Plot.py","File",".py","12880","2025-03-07T17:24:36.0000000Z","False"
"NWP_Willamette_Master_2026_10_05_DamagesPrevented","scripts\Plots_Jython\RFCFlowsCorvall_FCst_Plot.py","File",".py","15005","2025-03-07T17:24:36.0000000Z","False"
"NWP_Willamette_Master_2026_10_05_DamagesPrevented","scripts\Plots_Jython\WIL_NP_Plot_HMS.py","File",".py","14577","2025-03-07T17:24:36.0000000Z","False"
"NWP_Willamette_Master_2026_10_05_DamagesPrevented","scripts\Plots_Jython\WIL_PP_Plot_HMS.py","File",".py","11497","2025-03-07T17:24:36.0000000Z","False"
"NWP_Willamette_Master_2026_10_05_DamagesPrevented","scripts\Plots_Jython\WIL_PP_Plot_RFC.py","File",".py","11237","2025-03-07T17:24:36.0000000Z","False"
"NWP_Willamette_Master_2026_10_05_DamagesPrevented","scripts\Plots_Jython\Willamett_BS_FCst_Plot.py","File",".py","16644","2025-03-07T17:24:36.0000000Z","False"
"NWP_Willamette_Master_2026_10_05_DamagesPrevented","scripts\Plots_Jython\Willamett_Conservation plots_ McKenzieAndBelowAndFlows.py","File",".py","67455","2025-03-07T17:24:36.0000000Z","False"
"NWP_Willamette_Master_2026_10_05_DamagesPrevented","scripts\Plots_Jython\Willamett_Conservation plots_ McKenzieAndBelowForTesting.py","File",".py","65755","2025-03-07T17:24:36.0000000Z","False"
"NWP_Willamette_Master_2026_10_05_DamagesPrevented","scripts\Plots_Jython\Willamett_Conservation plots_ForTesting.py","File",".py","88429","2025-03-07T17:24:36.0000000Z","False"
"NWP_Willamette_Master_2026_10_05_DamagesPrevented","scripts\Plots_Jython\Willamett_Conservation plots_FRNandAbove.py","File",".py","38865","2025-03-07T17:24:36.0000000Z","False"
"NWP_Willamette_Master_2026_10_05_DamagesPrevented","scripts\Plots_Jython\Willamett_Conservation plots_FRNandAboveForTesting.py","File",".py","39005","2025-03-07T17:24:36.0000000Z","False"
"NWP_Willamette_Master_2026_10_05_DamagesPrevented","scripts\Plots_Jython\Willamett_Conservation System Storage.py","File",".py","14610","2025-03-07T17:24:36.0000000Z","False"
"NWP_Willamette_Master_2026_10_05_DamagesPrevented","scripts\Plots_Jython\WIllamett_COR_FCst_Plot.py","File",".py","14990","2025-03-07T17:24:36.0000000Z","False"
"NWP_Willamette_Master_2026_10_05_DamagesPrevented","scripts\Plots_Jython\Willamett_CP_FCst_Plot.py","File",".py","10863","2025-03-07T17:24:36.0000000Z","False"
"NWP_Willamette_Master_2026_10_05_DamagesPrevented","scripts\Plots_Jython\Willamett_EUG_FCst_Plot.py","File",".py","12896","2025-03-07T17:24:36.0000000Z","False"
"NWP_Willamette_Master_2026_10_05_DamagesPrevented","scripts\Plots_Jython\Willamett_FRM plots_ McKenzieAndBelowAndFlows.py","File",".py","50593","2025-03-07T17:24:36.0000000Z","False"
"NWP_Willamette_Master_2026_10_05_DamagesPrevented","scripts\Plots_Jython\Willamett_FRM plots_FRNandAbove.py","File",".py","32269","2025-03-07T17:24:36.0000000Z","False"
"NWP_Willamette_Master_2026_10_05_DamagesPrevented","scripts\Plots_Jython\Willamett_PP_FCst_Plot.py","File",".py","9814","2025-03-07T17:24:36.0000000Z","False"
"NWP_Willamette_Master_2026_10_05_DamagesPrevented","scripts\readme.txt","File",".txt","1183","2025-03-28T21:29:37.0000000Z","False"
"NWP_Willamette_Master_2026_10_05_DamagesPrevented","scripts\RealtimeData\EstimateMissingValues.py","File",".py","4178","2025-03-07T17:24:36.0000000Z","False"
"NWP_Willamette_Master_2026_10_05_DamagesPrevented","scripts\RealtimeData\Replace_Zero_Outflows.py","File",".py","3980","2025-03-07T17:24:36.0000000Z","False"
"NWP_Willamette_Master_2026_10_05_DamagesPrevented","scripts\RealtimeData\TemperatureGrids.py","File",".py","4422","2025-03-07T17:24:36.0000000Z","False"
"NWP_Willamette_Master_2026_10_05_DamagesPrevented","scripts\RealtimeData\TemperatureGridsrfc.py","File",".py","4430","2025-03-07T17:24:36.0000000Z","False"
"NWP_Willamette_Master_2026_10_05_DamagesPrevented","scripts\RuleList\Rules_Temp1Day.csv","File",".csv","28691","2026-04-10T22:02:31.0754118Z","False"
"NWP_Willamette_Master_2026_10_05_DamagesPrevented","scripts\SalemAlbanyAugScript\BeforeAlbanyWasAdded.py","File",".py","45950","2025-12-11T22:49:22.4551503Z","False"
"NWP_Willamette_Master_2026_10_05_DamagesPrevented","scripts\SalemAlbanyAugScript\Elev_Ensemble_Plotter.py","File",".py","17029","2026-02-18T00:34:23.6272197Z","False"
"NWP_Willamette_Master_2026_10_05_DamagesPrevented","scripts\SalemAlbanyAugScript\InflowEnsemblePlotter.py","File",".py","20931","2026-02-18T15:40:13.5648385Z","False"
"NWP_Willamette_Master_2026_10_05_DamagesPrevented","scripts\SalemAlbanyAugScript\ReadMe.txt","File",".txt","1249","2026-01-14T23:45:19.4833858Z","False"
"NWP_Willamette_Master_2026_10_05_DamagesPrevented","scripts\SalemAlbanyAugScript\rfc_plots\rfc_reservoir_inflow_dashboard.html","File",".html","7950977","2026-02-17T23:20:50.7015784Z","False"
"NWP_Willamette_Master_2026_10_05_DamagesPrevented","scripts\SalemAlbanyAugScript\RunControlConfig.py","File",".py","646","2026-02-24T18:17:39.1305699Z","False"
"NWP_Willamette_Master_2026_10_05_DamagesPrevented","scripts\SalemAlbanyAugScript\RunningResSimHeadless\_readme.txt","File",".txt","369","2023-09-06T18:46:41.9776680Z","False"
"NWP_Willamette_Master_2026_10_05_DamagesPrevented","scripts\SalemAlbanyAugScript\RunningResSimHeadless\BatchCompute_updateFromMike2023.zip","File",".zip","203996","2023-09-06T18:42:55.5506100Z","False"
"NWP_Willamette_Master_2026_10_05_DamagesPrevented","scripts\SalemAlbanyAugScript\RunningResSimHeadless\BatchCompute_updateFromMike2023\2023.06.28_BatchRunControl_ResSim3.5update.py","File",".py","21995","2023-09-21T16:30:53.9657839Z","False"
"NWP_Willamette_Master_2026_10_05_DamagesPrevented","scripts\SalemAlbanyAugScript\RunningResSimHeadless\BatchCompute_updateFromMike2023\BatchRunControl3.4.docx","File",".docx","197590","2023-09-21T16:30:54.1250568Z","False"
"NWP_Willamette_Master_2026_10_05_DamagesPrevented","scripts\SalemAlbanyAugScript\RunningResSimHeadless\BatchCompute_updateFromMike2023\Readme.txt","File",".txt","465","2023-09-21T16:30:54.0130107Z","False"
"NWP_Willamette_Master_2026_10_05_DamagesPrevented","scripts\SalemAlbanyAugScript\RunningResSimHeadless\JoshBat.bat","File",".bat","763","2026-02-20T00:45:39.7291150Z","False"
"NWP_Willamette_Master_2026_10_05_DamagesPrevented","scripts\SalemAlbanyAugScript\RunningResSimHeadless\JoshBat.py","File",".py","5303","2026-09-14T17:26:52.9813791Z","False"
"NWP_Willamette_Master_2026_10_05_DamagesPrevented","scripts\SalemAlbanyAugScript\RunningResSimHeadless\ressim_headless_20260217_110232.log","File",".log","2078","2026-02-17T19:02:36.1569027Z","False"
"NWP_Willamette_Master_2026_10_05_DamagesPrevented","scripts\SalemAlbanyAugScript\RunningResSimHeadless\RunningResSimHEADLESS.zip","File",".zip","335912","2017-03-13T23:12:11.5507456Z","False"
"NWP_Willamette_Master_2026_10_05_DamagesPrevented","scripts\SalemAlbanyAugScript\RunningResSimHeadless\RunningResSimHEADLESS\Example1 - simple\ResSim.bat","File",".bat","6658","2007-07-05T09:37:40.0000000Z","False"
"NWP_Willamette_Master_2026_10_05_DamagesPrevented","scripts\SalemAlbanyAugScript\RunningResSimHeadless\RunningResSimHEADLESS\Example1 - simple\script.py","File",".py","2236","2010-03-12T17:44:14.0000000Z","False"
"NWP_Willamette_Master_2026_10_05_DamagesPrevented","scripts\SalemAlbanyAugScript\RunningResSimHeadless\RunningResSimHEADLESS\Example2 - RunBatch Application\Running ResSim BATCH\BatchRunControl.pdf","File",".pdf","181046","2010-01-28T16:59:48.0000000Z","False"
"NWP_Willamette_Master_2026_10_05_DamagesPrevented","scripts\SalemAlbanyAugScript\RunningResSimHeadless\RunningResSimHEADLESS\Example2 - RunBatch Application\Running ResSim BATCH\BatchRunControl.py","File",".py","21309","2011-06-21T14:41:12.0000000Z","False"
"NWP_Willamette_Master_2026_10_05_DamagesPrevented","scripts\SalemAlbanyAugScript\RunningResSimHeadless\RunningResSimHEADLESS\Example2 - RunBatch Application\Running ResSim BATCH\RUN_CRTFLOOD.bat","File",".bat","173","2011-06-30T18:03:34.0000000Z","False"
"NWP_Willamette_Master_2026_10_05_DamagesPrevented","scripts\SalemAlbanyAugScript\RunningResSimHeadless\RunningResSimHEADLESS\Example3 - NWS\CHPS\RESSIM_baldhill_Forecast.xml","File",".xml","7424","2016-02-01T17:48:22.0000000Z","False"
"NWP_Willamette_Master_2026_10_05_DamagesPrevented","scripts\SalemAlbanyAugScript\RunningResSimHeadless\RunningResSimHEADLESS\Example3 - NWS\CHPS\script.py","File",".py","4781","2016-02-01T17:48:22.0000000Z","False"
"NWP_Willamette_Master_2026_10_05_DamagesPrevented","scripts\SalemAlbanyAugScript\RunningResSimHeadless\RunningResSimHEADLESS\Example3 - NWS\fews\~$tStart and Storage Overrides.docx","File",".docx","162","2017-03-10T16:07:36.0000000Z","False"
"NWP_Willamette_Master_2026_10_05_DamagesPrevented","scripts\SalemAlbanyAugScript\RunningResSimHeadless\RunningResSimHEADLESS\Example3 - NWS\fews\HotStart and Storage Overrides.docx","File",".docx","114479","2010-08-18T17:42:08.0000000Z","False"
"NWP_Willamette_Master_2026_10_05_DamagesPrevented","scripts\SalemAlbanyAugScript\RunningResSimHeadless\RunningResSimHEADLESS\Example3 - NWS\fews\ressim\bin\HEC-ResSim-fews-adapter.sh","File",".sh","2371","2010-03-12T17:55:00.0000000Z","False"
"NWP_Willamette_Master_2026_10_05_DamagesPrevented","scripts\SalemAlbanyAugScript\RunningResSimHeadless\RunningResSimHEADLESS\Example3 - NWS\fews\ressim\bin\HEC-ResSim-fews-adapter-3.1Alpha-II.sh","File",".sh","3034","2010-03-12T18:11:52.0000000Z","False"
"NWP_Willamette_Master_2026_10_05_DamagesPrevented","scripts\SalemAlbanyAugScript\RunningResSimHeadless\RunningResSimHEADLESS\Example3 - NWS\fews\ressim\bin\ResSim_Wrapper.sh","File",".sh","574","2010-03-12T17:41:56.0000000Z","False"
"NWP_Willamette_Master_2026_10_05_DamagesPrevented","scripts\SalemAlbanyAugScript\RunningResSimHeadless\RunningResSimHEADLESS\Example3 - NWS\fews\ressim\bin\ResSim_Wrapper_test.sh","File",".sh","839","2010-03-12T18:13:20.0000000Z","False"
"NWP_Willamette_Master_2026_10_05_DamagesPrevented","scripts\SalemAlbanyAugScript\RunningResSimHeadless\RunningResSimHEADLESS\Example3 - NWS\fews\ressim\script.py","File",".py","4313","2010-03-24T13:46:52.0000000Z","False"
"NWP_Willamette_Master_2026_10_05_DamagesPrevented","scripts\SalemAlbanyAugScript\RunningResSimHeadless\RunningResSimHEADLESS\Example3 - NWS\fews\ressim\template\template.py","File",".py","2106","2007-07-06T10:02:06.0000000Z","False"
"NWP_Willamette_Master_2026_10_05_DamagesPrevented","scripts\SalemAlbanyAugScript\RunningResSimHeadless\RunningResSimHEADLESS\Example3 - NWS\fews\ressim\YubaFeatherFCO\diagnostics.xml","File",".xml","2339","2010-03-12T17:44:14.0000000Z","False"
"NWP_Willamette_Master_2026_10_05_DamagesPrevented","scripts\SalemAlbanyAugScript\RunningResSimHeadless\RunningResSimHEADLESS\Example3 - NWS\fews\ressim\YubaFeatherFCO\input\inputs.xml","File",".xml","97686","2010-03-12T17:44:14.0000000Z","False"
"NWP_Willamette_Master_2026_10_05_DamagesPrevented","scripts\SalemAlbanyAugScript\RunningResSimHeadless\RunningResSimHEADLESS\Example3 - NWS\fews\ressim\YubaFeatherFCO\overrides\AltA------0.dsc","File",".dsc","729","2017-03-13T22:47:12.0000000Z","False"
"NWP_Willamette_Master_2026_10_05_DamagesPrevented","scripts\SalemAlbanyAugScript\RunningResSimHeadless\RunningResSimHEADLESS\Example3 - NWS\fews\ressim\YubaFeatherFCO\overrides\AltA------0.dss","File",".dss","31232","2010-03-12T08:17:54.0000000Z","False"
"NWP_Willamette_Master_2026_10_05_DamagesPrevented","scripts\SalemAlbanyAugScript\RunningResSimHeadless\RunningResSimHEADLESS\Example3 - NWS\fews\ressim\YubaFeatherFCO\overrides\AltA------0.txt","File",".txt","136","2007-07-05T21:00:16.0000000Z","False"
"NWP_Willamette_Master_2026_10_05_DamagesPrevented","scripts\SalemAlbanyAugScript\RunningResSimHeadless\RunningResSimHEADLESS\Example3 - NWS\fews\ressim\YubaFeatherFCO\ResSim.bat","File",".bat","6658","2007-07-05T09:37:40.0000000Z","False"
"NWP_Willamette_Master_2026_10_05_DamagesPrevented","scripts\SalemAlbanyAugScript\RunningResSimHeadless\RunningResSimHEADLESS\Example3 - NWS\fews\ressim\YubaFeatherFCO\ResSim.log","File",".log","24572","2010-03-12T18:32:54.0000000Z","False"
"NWP_Willamette_Master_2026_10_05_DamagesPrevented","scripts\SalemAlbanyAugScript\RunningResSimHeadless\RunningResSimHEADLESS\Example3 - NWS\fews\ressim\YubaFeatherFCO\ResSim.log.bak","File",".bak","30972","2010-03-12T18:27:42.0000000Z","False"
"NWP_Willamette_Master_2026_10_05_DamagesPrevented","scripts\SalemAlbanyAugScript\RunningResSimHeadless\RunningResSimHEADLESS\Example3 - NWS\fews\ressim\YubaFeatherFCO\ResSim_Arguments.log","File",".log","284","2010-03-12T18:32:04.0000000Z","False"
"NWP_Willamette_Master_2026_10_05_DamagesPrevented","scripts\SalemAlbanyAugScript\RunningResSimHeadless\RunningResSimHEADLESS\Example3 - NWS\fews\ressim\YubaFeatherFCO\ResSim_Linux.log","File",".log","24888","2010-03-12T18:32:54.0000000Z","False"
"NWP_Willamette_Master_2026_10_05_DamagesPrevented","scripts\SalemAlbanyAugScript\RunningResSimHeadless\RunningResSimHEADLESS\Example3 - NWS\fews\ressim\YubaFeatherFCO\Scheduler.dy.2007.11.09","File",".09","5566","2007-11-09T14:46:42.0000000Z","False"
"NWP_Willamette_Master_2026_10_05_DamagesPrevented","scripts\SalemAlbanyAugScript\RunningResSimHeadless\RunningResSimHEADLESS\Example3 - NWS\fews\ressim\YubaFeatherFCO\Scheduler.dy.2009.09.03","File",".03","506","2009-09-03T10:45:00.0000000Z","False"
"NWP_Willamette_Master_2026_10_05_DamagesPrevented","scripts\SalemAlbanyAugScript\RunningResSimHeadless\RunningResSimHEADLESS\Example3 - NWS\fews\ressim\YubaFeatherFCO\Scheduler.dy.2009.09.17","File",".17","6578","2009-09-17T10:52:28.0000000Z","False"
"NWP_Willamette_Master_2026_10_05_DamagesPrevented","scripts\SalemAlbanyAugScript\RunningResSimHeadless\RunningResSimHEADLESS\Example3 - NWS\fews\ressim\YubaFeatherFCO\Scheduler.dy.2009.09.18","File",".18","506","2009-09-18T13:33:12.0000000Z","False"
"NWP_Willamette_Master_2026_10_05_DamagesPrevented","scripts\SalemAlbanyAugScript\RunningResSimHeadless\RunningResSimHEADLESS\Example3 - NWS\fews\ressim\YubaFeatherFCO\Scheduler.dy.2010.03.08","File",".08","1518","2010-03-08T14:19:42.0000000Z","False"
"NWP_Willamette_Master_2026_10_05_DamagesPrevented","scripts\SalemAlbanyAugScript\RunningResSimHeadless\RunningResSimHEADLESS\Example3 - NWS\fews\ressim\YubaFeatherFCO\Scheduler.dy.2010.03.12","File",".12","15734","2010-03-12T18:32:54.0000000Z","False"
"NWP_Willamette_Master_2026_10_05_DamagesPrevented","scripts\SalemAlbanyAugScript\RunningResSimHeadless\RunningResSimHEADLESS\Example3 - NWS\fews\ressim\YubaFeatherFCO\script.py","File",".py","2236","2010-03-12T17:44:14.0000000Z","False"
"NWP_Willamette_Master_2026_10_05_DamagesPrevented","scripts\SalemAlbanyAugScript\RunningResSimHeadless\RunningResSimHEADLESS\Example3 - NWS\fews\ressim\YubaFeatherFCO\script_jdk.py","File",".py","3690","2010-03-23T15:42:50.0000000Z","False"
"NWP_Willamette_Master_2026_10_05_DamagesPrevented","scripts\SalemAlbanyAugScript\RunningResSimHeadless\RunningResSimHEADLESS\Example3 - NWS\fews\script.py","File",".py","3878","2010-03-23T22:51:22.0000000Z","False"
"NWP_Willamette_Master_2026_10_05_DamagesPrevented","scripts\SalemAlbanyAugScript\RunningResSimHeadless\RunningResSimHEADLESS\Example3 - NWS\fews\script_HeadlessCommands_withHotstart.py","File",".py","4313","2010-03-24T13:46:52.0000000Z","False"
"NWP_Willamette_Master_2026_10_05_DamagesPrevented","scripts\SalemAlbanyAugScript\RunningResSimHeadless\RunningResSimHEADLESS\Example4 - website-based forcasting system\DSS_FCO_HEC-ResSim.sh","File",".sh","5072","2016-09-26T16:06:10.0000000Z","False"
"NWP_Willamette_Master_2026_10_05_DamagesPrevented","scripts\SalemAlbanyAugScript\RunningResSimHeadless\RunningResSimHEADLESS\Example4 - website-based forcasting system\DSS_FCO_Launch_HEC-ResSim.sh","File",".sh","243","2016-09-22T15:34:38.0000000Z","False"
"NWP_Willamette_Master_2026_10_05_DamagesPrevented","scripts\SalemAlbanyAugScript\RunningResSimHeadless\RunningResSimHEADLESS\Example4 - website-based forcasting system\HEC-DSSVUE.sh","File",".sh","2933","2014-04-14T21:44:44.0000000Z","False"
"NWP_Willamette_Master_2026_10_05_DamagesPrevented","scripts\SalemAlbanyAugScript\RunningResSimHeadless\RunningResSimHEADLESS\Example4 - website-based forcasting system\HEC-ResSim.sh","File",".sh","2981","2014-03-07T23:53:32.0000000Z","False"
"NWP_Willamette_Master_2026_10_05_DamagesPrevented","scripts\SalemAlbanyAugScript\RunningResSimHeadless\RunningResSimHEADLESS\Example4 - website-based forcasting system\RunFCO.sh","File",".sh","1896","2014-04-16T01:17:44.0000000Z","False"
"NWP_Willamette_Master_2026_10_05_DamagesPrevented","scripts\SalemAlbanyAugScript\RunningResSimHeadless\RunningResSimHEADLESS\Example4 - website-based forcasting system\RunFCOResSim.py","File",".py","11794","2014-04-17T16:51:46.0000000Z","False"
"NWP_Willamette_Master_2026_10_05_DamagesPrevented","scripts\SalemAlbanyAugScript\RunningResSimHeadless\RunningResSimHEADLESS\SimpleSim\ResSim.bat","File",".bat","6658","2007-07-05T09:37:40.0000000Z","False"
"NWP_Willamette_Master_2026_10_05_DamagesPrevented","scripts\SalemAlbanyAugScript\RunningResSimHeadless\RunningResSimHEADLESS\SimpleSim\script.py","File",".py","2151","2026-02-17T18:21:54.3933125Z","False"
"NWP_Willamette_Master_2026_10_05_DamagesPrevented","scripts\SalemAlbanyAugScript\RunningResSimHeadless\RunPOR3Step.bat","File",".bat","653","2026-02-17T18:53:43.8845244Z","False"
"NWP_Willamette_Master_2026_10_05_DamagesPrevented","scripts\SalemAlbanyAugScript\RunningResSimHeadless\RunPOR3Step.py","File",".py","4325","2026-09-14T17:26:52.9813791Z","False"
"NWP_Willamette_Master_2026_10_05_DamagesPrevented","scripts\SalemAlbanyAugScript\RunningResSimHeadless\runResSimHeadless.bat","File",".bat","459","2023-09-21T21:56:15.4024633Z","False"
"NWP_Willamette_Master_2026_10_05_DamagesPrevented","scripts\SalemAlbanyAugScript\RunningResSimHeadless\runResSimHeadless.py","File",".py","3866","2026-09-14T17:26:52.9823862Z","False"
"NWP_Willamette_Master_2026_10_05_DamagesPrevented","scripts\SalemAlbanyAugScript\RunningResSimHeadless\script_1a.txt","File",".txt","3220","2023-09-21T13:18:13.8172191Z","False"
"NWP_Willamette_Master_2026_10_05_DamagesPrevented","scripts\SalemAlbanyAugScript\SalemAugCheckPlots.py","File",".py","14737","2026-01-14T23:45:19.4919158Z","False"
"NWP_Willamette_Master_2026_10_05_DamagesPrevented","scripts\SalemAlbanyAugScript\TwoStepSalemAlbanyAug_19Feb2026.pstats","File",".pstats","275110","2026-02-25T00:22:41.4469387Z","False"
"NWP_Willamette_Master_2026_10_05_DamagesPrevented","scripts\SalemAlbanyAugScript\TwoStepSalemAlbanyAug_19Feb2026.py","File",".py","44703","2026-04-28T19:15:45.6790270Z","False"
"NWP_Willamette_Master_2026_10_05_DamagesPrevented","scripts\Utilities\29_to_88.py","File",".py","6897","2025-03-07T17:24:36.0000000Z","False"
"NWP_Willamette_Master_2026_10_05_DamagesPrevented","scripts\Utilities\88_to_29.py","File",".py","5208","2025-03-07T17:24:36.0000000Z","False"
"NWP_Willamette_Master_2026_10_05_DamagesPrevented","scripts\Utilities\DeleteUnusedIfBlocks.py","File",".py","3444","2026-09-14T19:49:44.2600429Z","False"
"NWP_Willamette_Master_2026_10_05_DamagesPrevented","scripts\Utilities\DeleteUnusedOpSets.py","File",".py","3682","2026-09-14T19:49:44.2600429Z","False"
"NWP_Willamette_Master_2026_10_05_DamagesPrevented","scripts\Utilities\DeleteUnusedRules.py","File",".py","3102","2026-09-14T19:49:44.2610432Z","False"
"NWP_Willamette_Master_2026_10_05_DamagesPrevented","scripts\Utilities\ElevStor_to_CSV.py","File",".py","3423","2026-09-14T19:49:44.2620474Z","False"
"NWP_Willamette_Master_2026_10_05_DamagesPrevented","scripts\Utilities\FinalizeAndZip.py","File",".py","3120","2025-03-07T17:24:36.0000000Z","False"
"NWP_Willamette_Master_2026_10_05_DamagesPrevented","scripts\Utilities\fixDSSFilenamesInHSFile.py","File",".py","1218","2022-06-22T18:05:09.0000000Z","False"
"NWP_Willamette_Master_2026_10_05_DamagesPrevented","scripts\Utilities\Flow_Modifier.py","File",".py","21734","2025-03-07T17:24:36.0000000Z","False"
"NWP_Willamette_Master_2026_10_05_DamagesPrevented","scripts\Utilities\InstallUtilityScripts.bat","File",".bat","1211","2022-09-30T14:53:48.0000000Z","False"
"NWP_Willamette_Master_2026_10_05_DamagesPrevented","scripts\Utilities\Load_Scripts.py","File",".py","4515","2026-09-14T19:49:44.2630427Z","False"
"NWP_Willamette_Master_2026_10_05_DamagesPrevented","scripts\Utilities\Place_holder.py","File",".py","35661","2025-03-07T17:24:36.0000000Z","False"
"NWP_Willamette_Master_2026_10_05_DamagesPrevented","scripts\Utilities\PrintMissingEnsembles.py","File",".py","2462","2026-07-29T18:20:57.3660470Z","False"
"NWP_Willamette_Master_2026_10_05_DamagesPrevented","scripts\Utilities\ResSimAltCompare.py","File",".py","32230","2025-03-26T17:44:15.0000000Z","False"
"NWP_Willamette_Master_2026_10_05_DamagesPrevented","scripts\Utilities\Rules_to_CSV.py","File",".py","4432","2026-09-14T19:49:44.2640480Z","False"
"NWP_Willamette_Master_2026_10_05_DamagesPrevented","scripts\Utilities\Save_Scripts.py","File",".py","4894","2026-09-14T19:49:44.2650433Z","False"
"NWP_Willamette_Master_2026_10_05_DamagesPrevented","scripts\Utilities\save_to_sql.py","File",".py","8606","2025-03-07T17:24:36.0000000Z","False"
"NWP_Willamette_Master_2026_10_05_DamagesPrevented","scripts\Willamette\ScriptedRules\Hills Creek\[DUMMY] IMPORT MODULES$py.class","File",".class","6110","2026-09-14T17:28:32.9555589Z","False"
"NWP_Willamette_Master_2026_10_05_DamagesPrevented","scripts\Willamette\ScriptedRules\Hills Creek\[DUMMY] IMPORT MODULES.py","File",".py","2348","2025-04-10T13:31:15.0000000Z","False"
"NWP_Willamette_Master_2026_10_05_DamagesPrevented","scripts\Willamette\ScriptedRules\Hills Creek\[DUMMY] Initialize ControllerExternalSV$py.class","File",".class","5467","2026-09-14T17:28:32.9745692Z","False"
"NWP_Willamette_Master_2026_10_05_DamagesPrevented","scripts\Willamette\ScriptedRules\Hills Creek\[DUMMY] Initialize ControllerExternalSV.py","File",".py","1656","2025-04-10T13:31:15.0000000Z","False"
"NWP_Willamette_Master_2026_10_05_DamagesPrevented","scripts\Willamette\StateVars\Alternative_Setup_Cleanup.py","File",".py","4","2025-04-10T13:31:15.0000000Z","False"
"NWP_Willamette_Master_2026_10_05_DamagesPrevented","scripts\Willamette\StateVars\Alternative_Setup_Init$py.class","File",".class","2702","2026-09-14T17:28:32.9930970Z","False"
"NWP_Willamette_Master_2026_10_05_DamagesPrevented","scripts\Willamette\StateVars\Alternative_Setup_Init.py","File",".py","120","2025-04-10T13:31:15.0000000Z","False"
"NWP_Willamette_Master_2026_10_05_DamagesPrevented","scripts\Willamette\StateVars\Alternative_Setup_Main.py","File",".py","4","2025-04-10T13:31:15.0000000Z","False"
"NWP_Willamette_Master_2026_10_05_DamagesPrevented","scripts\Willamette\StateVars\ControllerExternalSV_Cleanup.py","File",".py","125","2025-04-10T13:31:15.0000000Z","False"
"NWP_Willamette_Master_2026_10_05_DamagesPrevented","scripts\Willamette\StateVars\ControllerExternalSV_Init$py.class","File",".class","2705","2026-09-14T17:28:33.0100981Z","False"
"NWP_Willamette_Master_2026_10_05_DamagesPrevented","scripts\Willamette\StateVars\ControllerExternalSV_Init.py","File",".py","169","2025-04-10T13:31:15.0000000Z","False"
"NWP_Willamette_Master_2026_10_05_DamagesPrevented","scripts\Willamette\StateVars\ControllerExternalSV_Main.py","File",".py","142","2025-04-10T13:31:15.0000000Z","False"
"NWP_Willamette_Master_2026_10_05_DamagesPrevented","scripts\Willamette\StateVars\Cumloc_Harrisburg_Init$py.class","File",".class","5288","2026-09-14T17:28:33.0221006Z","False"
"NWP_Willamette_Master_2026_10_05_DamagesPrevented","scripts\Willamette\StateVars\Cumloc_Harrisburg_Init.py","File",".py","1276","2025-04-10T13:31:15.0000000Z","False"
"NWP_Willamette_Master_2026_10_05_DamagesPrevented","scripts\Willamette\StateVars\Cumloc_Jefferson_Init$py.class","File",".class","6014","2026-09-14T17:28:33.0550991Z","False"
"NWP_Willamette_Master_2026_10_05_DamagesPrevented","scripts\Willamette\StateVars\Cumloc_Jefferson_Init.py","File",".py","2088","2025-04-10T13:31:15.0000000Z","False"
"NWP_Willamette_Master_2026_10_05_DamagesPrevented","scripts\Willamette\StateVars\PctFull_LOP_Cleanup.py","File",".py","146","2022-08-29T23:40:02.0000000Z","False"
"NWP_Willamette_Master_2026_10_05_DamagesPrevented","scripts\Willamette\StateVars\PctFull_LOP_Init$py.class","File",".class","3846","2026-09-14T17:28:33.0771216Z","False"
"NWP_Willamette_Master_2026_10_05_DamagesPrevented","scripts\Willamette\StateVars\PctFull_LOP_Init.py","File",".py","541","2022-08-29T23:40:02.0000000Z","False"
"NWP_Willamette_Master_2026_10_05_DamagesPrevented","scripts\Willamette\StateVars\PctFull_LOP_Main.py","File",".py","154","2022-08-29T23:40:02.0000000Z","False"
"NWP_Willamette_Master_2026_10_05_DamagesPrevented","shared\caviProgramOrder.xml","File",".xml","3401","2025-03-07T17:24:36.0000000Z","False"
"NWP_Willamette_Master_2026_10_05_DamagesPrevented","shared\Copy_ESP_to_Forecast.dss.py","File",".py","2389","2025-03-07T17:24:39.0000000Z","False"
"NWP_Willamette_Master_2026_10_05_DamagesPrevented","shared\DamagesPrevented\Locals_Transformed_Inputs\readme.TXT","File",".txt","390","2016-10-07T20:24:31.0000000Z","False"
"NWP_Willamette_Master_2026_10_05_DamagesPrevented","shared\DamagesPrevented\MiniSimulation_Inputs\outputJunctions_NWP.txt","File",".txt","747","2025-11-25T23:34:46.9649867Z","False"
"NWP_Willamette_Master_2026_10_05_DamagesPrevented","shared\DamagesPrevented\MiniSimulation_Inputs\outputReservoirs_NWP.txt","File",".txt","450","2023-10-17T16:04:06.0000000Z","False"
"NWP_Willamette_Master_2026_10_05_DamagesPrevented","shared\DamagesPrevented\MiniSimulation_Inputs\readme.TXT","File",".txt","126","2015-01-26T16:20:57.0000000Z","False"
"NWP_Willamette_Master_2026_10_05_DamagesPrevented","shared\DamagesPrevented\MiniSimulations.dss","File",".dss","19418112","2025-12-05T20:22:35.9237689Z","False"
"NWP_Willamette_Master_2026_10_05_DamagesPrevented","shared\DamagesPrevented\NWP_Damage_Calculation\Calculate_Damages_From_Flow_Reductions.bat","File",".bat","3219","2025-12-01T19:19:47.3033315Z","False"
"NWP_Willamette_Master_2026_10_05_DamagesPrevented","shared\DamagesPrevented\NWP_Damage_Calculation\Calculate_DP.py","File",".py","9760","2025-12-01T20:41:52.3779323Z","False"
"NWP_Willamette_Master_2026_10_05_DamagesPrevented","shared\DamagesPrevented\NWP_Damage_Calculation\environment.yml","File",".yml","299","2025-12-01T18:45:22.5776699Z","False"
"NWP_Willamette_Master_2026_10_05_DamagesPrevented","shared\DamagesPrevented\NWP_Damage_Calculation\Read_Damage_Curves.py","File",".py","2881","2025-12-01T17:47:50.2385338Z","False"
"NWP_Willamette_Master_2026_10_05_DamagesPrevented","shared\DamagesPrevented\Plots\readme.TXT","File",".txt","273","2015-01-26T16:36:04.0000000Z","False"
"NWP_Willamette_Master_2026_10_05_DamagesPrevented","shared\DamagesPrevented\Python_Extract\DP_Download.py","File",".py","13570","2025-12-05T23:05:09.0527764Z","False"
"NWP_Willamette_Master_2026_10_05_DamagesPrevented","shared\DamagesPrevented\Python_Extract\environment.yml","File",".yml","299","2025-12-01T18:45:22.5776699Z","False"
"NWP_Willamette_Master_2026_10_05_DamagesPrevented","shared\DamagesPrevented\Python_Extract\ReCreateRequiredRecordsDicts\CreateRequiredRecordsDict.py","File",".py","1668","2024-10-03T17:44:07.0000000Z","False"
"NWP_Willamette_Master_2026_10_05_DamagesPrevented","shared\DamagesPrevented\Python_Extract\ReCreateRequiredRecordsDicts\ReadMe.txt","File",".txt","1218","2025-11-24T23:39:05.8562513Z","False"
"NWP_Willamette_Master_2026_10_05_DamagesPrevented","shared\DamagesPrevented\Python_Extract\USGS_CWMS_Download.bat","File",".bat","3217","2025-11-24T23:16:13.5699315Z","False"
"NWP_Willamette_Master_2026_10_05_DamagesPrevented","shared\destination.xml","File",".xml","64","2025-03-07T17:24:39.0000000Z","False"
"NWP_Willamette_Master_2026_10_05_DamagesPrevented","shared\Download_ESP_5mins.py","File",".py","2049","2025-03-07T17:24:39.0000000Z","False"
"NWP_Willamette_Master_2026_10_05_DamagesPrevented","shared\Ensemble_Inputs\_Readme.txt","File",".txt","504","2026-08-11T15:48:31.8941291Z","False"
"NWP_Willamette_Master_2026_10_05_DamagesPrevented","shared\Ensemble_Inputs\ResSimSimulations.csv","File",".csv","304224","2026-08-04T22:14:48.3490710Z","False"
"NWP_Willamette_Master_2026_10_05_DamagesPrevented","shared\extract\2023_ESP_Trace.xml","File",".xml","22253","2025-03-07T17:25:13.0000000Z","False"
"NWP_Willamette_Master_2026_10_05_DamagesPrevented","shared\extract\Constant_Flows.xml","File",".xml","14689","2025-03-07T17:25:13.0000000Z","False"
"NWP_Willamette_Master_2026_10_05_DamagesPrevented","shared\extract\Control_Point_Data.xml","File",".xml","15600","2025-03-07T17:25:13.0000000Z","False"
"NWP_Willamette_Master_2026_10_05_DamagesPrevented","shared\extract\Cumulus.xml","File",".xml","3696","2025-03-07T17:25:13.0000000Z","False"
"NWP_Willamette_Master_2026_10_05_DamagesPrevented","shared\extract\Daily_CP_data.xml","File",".xml","2230","2025-03-07T17:25:13.0000000Z","False"
"NWP_Willamette_Master_2026_10_05_DamagesPrevented","shared\extract\ESP_ALL.xml","File",".xml","11110","2025-03-07T17:25:13.0000000Z","False"
"NWP_Willamette_Master_2026_10_05_DamagesPrevented","shared\extract\ESP_PERC_25.xml","File",".xml","7406","2025-03-07T17:25:13.0000000Z","False"
"NWP_Willamette_Master_2026_10_05_DamagesPrevented","shared\extract\ESP_PERC_50.xml","File",".xml","7406","2025-03-07T17:25:13.0000000Z","False"
"NWP_Willamette_Master_2026_10_05_DamagesPrevented","shared\extract\ESP_PERC_75.xml","File",".xml","7408","2025-03-07T17:25:13.0000000Z","False"
"NWP_Willamette_Master_2026_10_05_DamagesPrevented","shared\extract\ESP_Reservoir_Data.xml","File",".xml","10914","2025-03-07T17:25:13.0000000Z","False"
"NWP_Willamette_Master_2026_10_05_DamagesPrevented","shared\extract\Flow_Data.xml","File",".xml","15015","2025-03-07T17:25:14.0000000Z","False"
"NWP_Willamette_Master_2026_10_05_DamagesPrevented","shared\extract\HEFS_PERC_25.xml","File",".xml","7408","2025-03-07T17:25:14.0000000Z","False"
"NWP_Willamette_Master_2026_10_05_DamagesPrevented","shared\extract\HEFS_PERC_50.xml","File",".xml","7408","2025-03-07T17:25:14.0000000Z","False"
"NWP_Willamette_Master_2026_10_05_DamagesPrevented","shared\extract\HEFS_PERC_75.xml","File",".xml","7410","2025-03-07T17:25:14.0000000Z","False"
"NWP_Willamette_Master_2026_10_05_DamagesPrevented","shared\extract\HEFS_Reservoir_Data.xml","File",".xml","10916","2025-03-07T17:25:14.0000000Z","False"
"NWP_Willamette_Master_2026_10_05_DamagesPrevented","shared\extract\Merges_OBS_Reservoir_to_ESP_for_LB.xml","File",".xml","10493","2025-03-07T17:25:14.0000000Z","False"
"NWP_Willamette_Master_2026_10_05_DamagesPrevented","shared\extract\Merges_OBS_Reservoir_to_ESP_for_WY23.xml","File",".xml","10526","2025-03-07T17:25:14.0000000Z","False"
"NWP_Willamette_Master_2026_10_05_DamagesPrevented","shared\extract\Merges_Observed_Locals_to_ESP_LB.xml","File",".xml","17165","2025-03-07T17:25:14.0000000Z","False"
"NWP_Willamette_Master_2026_10_05_DamagesPrevented","shared\extract\Merges_Observed_Locals_to_ESP_WY23.xml","File",".xml","11595","2025-03-07T17:25:14.0000000Z","False"
"NWP_Willamette_Master_2026_10_05_DamagesPrevented","shared\extract\North_santi.xml","File",".xml","1718","2025-03-07T17:25:14.0000000Z","False"
"NWP_Willamette_Master_2026_10_05_DamagesPrevented","shared\extract\RAS_inputs_for_Comparison.xml","File",".xml","18775","2025-03-07T17:25:14.0000000Z","False"
"NWP_Willamette_Master_2026_10_05_DamagesPrevented","shared\extract\Reservoir_Data.xml","File",".xml","64914","2025-03-07T17:25:14.0000000Z","False"
"NWP_Willamette_Master_2026_10_05_DamagesPrevented","shared\extract\RFC_Forecast.xml","File",".xml","16933","2025-03-07T17:25:14.0000000Z","False"
"NWP_Willamette_Master_2026_10_05_DamagesPrevented","shared\extract\Rule_Curves.xml","File",".xml","4755","2025-03-07T17:25:14.0000000Z","False"
"NWP_Willamette_Master_2026_10_05_DamagesPrevented","shared\extract\snotel.xml","File",".xml","1988","2025-03-07T17:25:14.0000000Z","False"
"NWP_Willamette_Master_2026_10_05_DamagesPrevented","shared\extract\System_Storage.xml","File",".xml","1886","2025-03-07T17:25:14.0000000Z","False"
"NWP_Willamette_Master_2026_10_05_DamagesPrevented","shared\extract\Water_Year_Classification.xml","File",".xml","1734","2025-03-07T17:25:14.0000000Z","False"
"NWP_Willamette_Master_2026_10_05_DamagesPrevented","shared\extract\Willamette_System_Storage_.xml","File",".xml","1671","2025-03-07T17:25:14.0000000Z","False"
"NWP_Willamette_Master_2026_10_05_DamagesPrevented","shared\Flow_Modifier.py","File",".py","22261","2025-03-07T17:25:08.0000000Z","False"
"NWP_Willamette_Master_2026_10_05_DamagesPrevented","shared\MeldedHourlyDaily_WY1982-2019_readme.txt","File",".txt","722","2025-04-11T16:52:43.0000000Z","False"
"NWP_Willamette_Master_2026_10_05_DamagesPrevented","shared\post\ControlPointResults.xml","File",".xml","1992","2025-03-07T17:25:14.0000000Z","False"
"NWP_Willamette_Master_2026_10_05_DamagesPrevented","shared\post\Project_Elevations.xml","File",".xml","10779","2025-03-07T17:25:14.0000000Z","False"
"NWP_Willamette_Master_2026_10_05_DamagesPrevented","shared\post\Project_inflows_.xml","File",".xml","11099","2025-03-07T17:25:14.0000000Z","False"
"NWP_Willamette_Master_2026_10_05_DamagesPrevented","shared\RAS_Export_Inputs\readme.TXT","File",".txt","170","2015-01-26T15:50:04.0000000Z","False"
"NWP_Willamette_Master_2026_10_05_DamagesPrevented","shared\save_to_sql.py","File",".py","8625","2025-03-07T17:25:09.0000000Z","False"
"NWP_Willamette_Master_2026_10_05_DamagesPrevented","shared\TimeSeriesLayers.config","File",".config","2389","2025-03-07T17:25:10.0000000Z","False"
"NWP_Willamette_Master_2026_10_05_DamagesPrevented","supplemental\allPrograms.conf","File",".conf","1460","2026-10-02T17:23:54.7530657Z","False"
"NWP_Willamette_Master_2026_10_05_DamagesPrevented","supplemental\programs.conf","File",".conf","1460","2026-10-02T17:23:54.7500653Z","False"
"NWP_Willamette_Master_2026_10_05_DamagesPrevented","supplemental\supplemental.conf","File",".conf","41","2026-10-02T17:23:54.7470657Z","False"
"NWP_Willamette_Master_2026_10_05_DamagesPrevented","watershedChangeLog.md","File",".md","21257","2026-10-05T20:13:49.9683710Z","False"
